,time,method,total parameters,trainable parameters,num prevs
0,0.0031176558695733547,ProgressiveNet,4470020,734980,10
1,0.0031009058002382517,ProgressiveNet,4470020,734980,10
2,0.0030630070250481367,ProgressiveNet,4470020,734980,10
3,0.0030870758928358555,ProgressiveNet,4470020,734980,10
4,0.0030733169987797737,ProgressiveNet,4470020,734980,10
5,0.0031167969573289156,ProgressiveNet,4470020,734980,10
6,0.003081495873630047,ProgressiveNet,4470020,734980,10
7,0.0030929360073059797,ProgressiveNet,4470020,734980,10
8,0.0030925869941711426,ProgressiveNet,4470020,734980,10
9,0.003063306212425232,ProgressiveNet,4470020,734980,10
10,0.0030750371515750885,ProgressiveNet,4470020,734980,10
11,0.0030838758684694767,ProgressiveNet,4470020,734980,10
12,0.0030900558922439814,ProgressiveNet,4470020,734980,10
13,0.003100987058132887,ProgressiveNet,4470020,734980,10
14,0.0030142071191221476,ProgressiveNet,4470020,734980,10
15,0.003018927061930299,ProgressiveNet,4470020,734980,10
16,0.0030302770901471376,ProgressiveNet,4470020,734980,10
17,0.003023277036845684,ProgressiveNet,4470020,734980,10
18,0.003016476985067129,ProgressiveNet,4470020,734980,10
19,0.003019317053258419,ProgressiveNet,4470020,734980,10
20,0.0030100068543106318,ProgressiveNet,4470020,734980,10
21,0.003015546826645732,ProgressiveNet,4470020,734980,10
22,0.003051196923479438,ProgressiveNet,4470020,734980,10
23,0.003050177125260234,ProgressiveNet,4470020,734980,10
24,0.0030118869617581367,ProgressiveNet,4470020,734980,10
25,0.003049885854125023,ProgressiveNet,4470020,734980,10
26,0.0030583671759814024,ProgressiveNet,4470020,734980,10
27,0.003019596915692091,ProgressiveNet,4470020,734980,10
28,0.0030315269250422716,ProgressiveNet,4470020,734980,10
29,0.0030260870698839426,ProgressiveNet,4470020,734980,10
30,0.0030209170654416084,ProgressiveNet,4470020,734980,10
31,0.003024226985871792,ProgressiveNet,4470020,734980,10
32,0.0030123270116746426,ProgressiveNet,4470020,734980,10
33,0.0030182069167494774,ProgressiveNet,4470020,734980,10
34,0.003025366924703121,ProgressiveNet,4470020,734980,10
35,0.0030174069106578827,ProgressiveNet,4470020,734980,10
36,0.0030212770216166973,ProgressiveNet,4470020,734980,10
37,0.0030211969278752804,ProgressiveNet,4470020,734980,10
38,0.0030113370157778263,ProgressiveNet,4470020,734980,10
39,0.0030165768694132566,ProgressiveNet,4470020,734980,10
40,0.0030215068254619837,ProgressiveNet,4470020,734980,10
41,0.0030299571808427572,ProgressiveNet,4470020,734980,10
42,0.0030184269417077303,ProgressiveNet,4470020,734980,10
43,0.003019247204065323,ProgressiveNet,4470020,734980,10
44,0.00301249697804451,ProgressiveNet,4470020,734980,10
45,0.0030020771082490683,ProgressiveNet,4470020,734980,10
46,0.003020946867763996,ProgressiveNet,4470020,734980,10
47,0.0030114371329545975,ProgressiveNet,4470020,734980,10
48,0.0030108171049505472,ProgressiveNet,4470020,734980,10
49,0.00301503692753613,ProgressiveNet,4470020,734980,10
50,0.0030268370173871517,ProgressiveNet,4470020,734980,10
51,0.003016446949914098,ProgressiveNet,4470020,734980,10
52,0.0030276968609541655,ProgressiveNet,4470020,734980,10
53,0.003023967146873474,ProgressiveNet,4470020,734980,10
54,0.0030210469849407673,ProgressiveNet,4470020,734980,10
55,0.0030669360421597958,ProgressiveNet,4470020,734980,10
56,0.0030483470764011145,ProgressiveNet,4470020,734980,10
57,0.0030238470062613487,ProgressiveNet,4470020,734980,10
58,0.0030231568962335587,ProgressiveNet,4470020,734980,10
59,0.0030172469560056925,ProgressiveNet,4470020,734980,10
60,0.0030163160990923643,ProgressiveNet,4470020,734980,10
61,0.003006446873769164,ProgressiveNet,4470020,734980,10
62,0.003035847097635269,ProgressiveNet,4470020,734980,10
63,0.0030277769546955824,ProgressiveNet,4470020,734980,10
64,0.003005926962941885,ProgressiveNet,4470020,734980,10
65,0.003018347080796957,ProgressiveNet,4470020,734980,10
66,0.003026207210496068,ProgressiveNet,4470020,734980,10
67,0.0030131570529192686,ProgressiveNet,4470020,734980,10
68,0.0030261760111898184,ProgressiveNet,4470020,734980,10
69,0.0030120769515633583,ProgressiveNet,4470020,734980,10
70,0.0030287769623100758,ProgressiveNet,4470020,734980,10
71,0.003029456827789545,ProgressiveNet,4470020,734980,10
72,0.003030376974493265,ProgressiveNet,4470020,734980,10
73,0.003031766042113304,ProgressiveNet,4470020,734980,10
74,0.00302971713244915,ProgressiveNet,4470020,734980,10
75,0.003038126975297928,ProgressiveNet,4470020,734980,10
76,0.0030020768754184246,ProgressiveNet,4470020,734980,10
77,0.003023057011887431,ProgressiveNet,4470020,734980,10
78,0.0030123970936983824,ProgressiveNet,4470020,734980,10
79,0.0030093169771134853,ProgressiveNet,4470020,734980,10
80,0.0030124669428914785,ProgressiveNet,4470020,734980,10
81,0.003010445972904563,ProgressiveNet,4470020,734980,10
82,0.0030303869862109423,ProgressiveNet,4470020,734980,10
83,0.003010207088664174,ProgressiveNet,4470020,734980,10
84,0.003022486809641123,ProgressiveNet,4470020,734980,10
85,0.0030072371009737253,ProgressiveNet,4470020,734980,10
86,0.003010176820680499,ProgressiveNet,4470020,734980,10
87,0.003016896778717637,ProgressiveNet,4470020,734980,10
88,0.003045076970010996,ProgressiveNet,4470020,734980,10
89,0.0030379968229681253,ProgressiveNet,4470020,734980,10
90,0.003024896839633584,ProgressiveNet,4470020,734980,10
91,0.003015707014128566,ProgressiveNet,4470020,734980,10
92,0.00305319600738585,ProgressiveNet,4470020,734980,10
93,0.0030214569997042418,ProgressiveNet,4470020,734980,10
94,0.003018947085365653,ProgressiveNet,4470020,734980,10
95,0.003012967063114047,ProgressiveNet,4470020,734980,10
96,0.003024966921657324,ProgressiveNet,4470020,734980,10
97,0.003017907030880451,ProgressiveNet,4470020,734980,10
98,0.0030220169574022293,ProgressiveNet,4470020,734980,10
99,0.003010406857356429,ProgressiveNet,4470020,734980,10
100,0.0030181780457496643,ProgressiveNet,4470020,734980,10
101,0.0030164369381964207,ProgressiveNet,4470020,734980,10
102,0.0030129370279610157,ProgressiveNet,4470020,734980,10
103,0.0030014468356966972,ProgressiveNet,4470020,734980,10
104,0.003017967101186514,ProgressiveNet,4470020,734980,10
105,0.003024487057700753,ProgressiveNet,4470020,734980,10
106,0.003019757103174925,ProgressiveNet,4470020,734980,10
107,0.0030064270831644535,ProgressiveNet,4470020,734980,10
108,0.0030281771905720234,ProgressiveNet,4470020,734980,10
109,0.003024286823347211,ProgressiveNet,4470020,734980,10
110,0.003006477141752839,ProgressiveNet,4470020,734980,10
111,0.0030191170517355204,ProgressiveNet,4470020,734980,10
112,0.0030013369396328926,ProgressiveNet,4470020,734980,10
113,0.003015357069671154,ProgressiveNet,4470020,734980,10
114,0.0030247170943766832,ProgressiveNet,4470020,734980,10
115,0.003007726976647973,ProgressiveNet,4470020,734980,10
116,0.003010856918990612,ProgressiveNet,4470020,734980,10
117,0.0030044768936932087,ProgressiveNet,4470020,734980,10
118,0.0030115169938653708,ProgressiveNet,4470020,734980,10
119,0.0030137968715280294,ProgressiveNet,4470020,734980,10
120,0.0030048778280615807,ProgressiveNet,4470020,734980,10
121,0.0030536861158907413,ProgressiveNet,4470020,734980,10
122,0.0030447670724242926,ProgressiveNet,4470020,734980,10
123,0.003020636970177293,ProgressiveNet,4470020,734980,10
124,0.0030082869343459606,ProgressiveNet,4470020,734980,10
125,0.0030051579233258963,ProgressiveNet,4470020,734980,10
126,0.0030103670433163643,ProgressiveNet,4470020,734980,10
127,0.0030193161219358444,ProgressiveNet,4470020,734980,10
128,0.0030070669017732143,ProgressiveNet,4470020,734980,10
129,0.0030126268975436687,ProgressiveNet,4470020,734980,10
130,0.003005236852914095,ProgressiveNet,4470020,734980,10
131,0.0030121770687401295,ProgressiveNet,4470020,734980,10
132,0.0030026771128177643,ProgressiveNet,4470020,734980,10
133,0.003012357046827674,ProgressiveNet,4470020,734980,10
134,0.0030058471020311117,ProgressiveNet,4470020,734980,10
135,0.003003127174451947,ProgressiveNet,4470020,734980,10
136,0.0030272069852799177,ProgressiveNet,4470020,734980,10
137,0.0030061870347708464,ProgressiveNet,4470020,734980,10
138,0.0030139070004224777,ProgressiveNet,4470020,734980,10
139,0.0030236770398914814,ProgressiveNet,4470020,734980,10
140,0.003005817998200655,ProgressiveNet,4470020,734980,10
141,0.0030183568596839905,ProgressiveNet,4470020,734980,10
142,0.0030119968578219414,ProgressiveNet,4470020,734980,10
143,0.0029984971042722464,ProgressiveNet,4470020,734980,10
144,0.0064498211722821,ProgressiveNet,4470020,734980,10
145,0.003066007047891617,ProgressiveNet,4470020,734980,10
146,0.003004227066412568,ProgressiveNet,4470020,734980,10
147,0.003000847063958645,ProgressiveNet,4470020,734980,10
148,0.003057717112824321,ProgressiveNet,4470020,734980,10
149,0.0030009769834578037,ProgressiveNet,4470020,734980,10
150,0.0030111868400126696,ProgressiveNet,4470020,734980,10
151,0.0030269569251686335,ProgressiveNet,4470020,734980,10
152,0.0030390159226953983,ProgressiveNet,4470020,734980,10
153,0.0030635769944638014,ProgressiveNet,4470020,734980,10
154,0.003040847135707736,ProgressiveNet,4470020,734980,10
155,0.0030110070947557688,ProgressiveNet,4470020,734980,10
156,0.0030164981726557016,ProgressiveNet,4470020,734980,10
157,0.003024467034265399,ProgressiveNet,4470020,734980,10
158,0.003038806840777397,ProgressiveNet,4470020,734980,10
159,0.0030389870516955853,ProgressiveNet,4470020,734980,10
160,0.003009357023984194,ProgressiveNet,4470020,734980,10
161,0.0030094371177256107,ProgressiveNet,4470020,734980,10
162,0.00300173694267869,ProgressiveNet,4470020,734980,10
163,0.003011635970324278,ProgressiveNet,4470020,734980,10
164,0.0030111069791018963,ProgressiveNet,4470020,734980,10
165,0.0030170169193297625,ProgressiveNet,4470020,734980,10
166,0.0030137868598103523,ProgressiveNet,4470020,734980,10
167,0.0030267571564763784,ProgressiveNet,4470020,734980,10
168,0.003010587068274617,ProgressiveNet,4470020,734980,10
169,0.003006857121363282,ProgressiveNet,4470020,734980,10
170,0.003019787138327956,ProgressiveNet,4470020,734980,10
171,0.0030261368956416845,ProgressiveNet,4470020,734980,10
172,0.0030905259773135185,ProgressiveNet,4470020,734980,10
173,0.0030071169603616,ProgressiveNet,4470020,734980,10
174,0.003010626882314682,ProgressiveNet,4470020,734980,10
175,0.003009087173268199,ProgressiveNet,4470020,734980,10
176,0.003010437125340104,ProgressiveNet,4470020,734980,10
177,0.0030136669520288706,ProgressiveNet,4470020,734980,10
178,0.002994297072291374,ProgressiveNet,4470020,734980,10
179,0.0030121069867163897,ProgressiveNet,4470020,734980,10
180,0.0030011378694325686,ProgressiveNet,4470020,734980,10
181,0.00301636615768075,ProgressiveNet,4470020,734980,10
182,0.0030146469362080097,ProgressiveNet,4470020,734980,10
183,0.0030017069075256586,ProgressiveNet,4470020,734980,10
184,0.003014377085492015,ProgressiveNet,4470020,734980,10
185,0.0030033269431442022,ProgressiveNet,4470020,734980,10
186,0.0030353269539773464,ProgressiveNet,4470020,734980,10
187,0.0030479368288069963,ProgressiveNet,4470020,734980,10
188,0.0030102869495749474,ProgressiveNet,4470020,734980,10
189,0.0030143160838633776,ProgressiveNet,4470020,734980,10
190,0.003001227043569088,ProgressiveNet,4470020,734980,10
191,0.003018207149580121,ProgressiveNet,4470020,734980,10
192,0.0030060471035540104,ProgressiveNet,4470020,734980,10
193,0.003013327019289136,ProgressiveNet,4470020,734980,10
194,0.0029990370385348797,ProgressiveNet,4470020,734980,10
195,0.0030154469422996044,ProgressiveNet,4470020,734980,10
196,0.0030050368513911963,ProgressiveNet,4470020,734980,10
197,0.00301249697804451,ProgressiveNet,4470020,734980,10
198,0.003003766993060708,ProgressiveNet,4470020,734980,10
199,0.0030143370386213064,ProgressiveNet,4470020,734980,10
200,0.003006097162142396,ProgressiveNet,4470020,734980,10
201,0.003006987040862441,ProgressiveNet,4470020,734980,10
202,0.003003637073561549,ProgressiveNet,4470020,734980,10
203,0.003006827086210251,ProgressiveNet,4470020,734980,10
204,0.003006367012858391,ProgressiveNet,4470020,734980,10
205,0.003005936974659562,ProgressiveNet,4470020,734980,10
206,0.0030169570818543434,ProgressiveNet,4470020,734980,10
207,0.002997857052832842,ProgressiveNet,4470020,734980,10
208,0.0029979078099131584,ProgressiveNet,4470020,734980,10
209,0.0030011869966983795,ProgressiveNet,4470020,734980,10
210,0.003005027072504163,ProgressiveNet,4470020,734980,10
211,0.002992388093844056,ProgressiveNet,4470020,734980,10
212,0.0030124569311738014,ProgressiveNet,4470020,734980,10
213,0.0030028570909053087,ProgressiveNet,4470020,734980,10
214,0.0030103479512035847,ProgressiveNet,4470020,734980,10
215,0.0030178469605743885,ProgressiveNet,4470020,734980,10
216,0.0030005970038473606,ProgressiveNet,4470020,734980,10
217,0.003003847086802125,ProgressiveNet,4470020,734980,10
218,0.0030236670281738043,ProgressiveNet,4470020,734980,10
219,0.003028126899152994,ProgressiveNet,4470020,734980,10
220,0.0030627569649368525,ProgressiveNet,4470020,734980,10
221,0.003004258032888174,ProgressiveNet,4470020,734980,10
222,0.0030088969506323338,ProgressiveNet,4470020,734980,10
223,0.003007646882906556,ProgressiveNet,4470020,734980,10
224,0.003018937073647976,ProgressiveNet,4470020,734980,10
225,0.0030064068268984556,ProgressiveNet,4470020,734980,10
226,0.0030144869815558195,ProgressiveNet,4470020,734980,10
227,0.0030417770612984896,ProgressiveNet,4470020,734980,10
228,0.0030470360070466995,ProgressiveNet,4470020,734980,10
229,0.0030253371223807335,ProgressiveNet,4470020,734980,10
230,0.0030173170380294323,ProgressiveNet,4470020,734980,10
231,0.003012786852195859,ProgressiveNet,4470020,734980,10
232,0.0030045968014746904,ProgressiveNet,4470020,734980,10
233,0.003008316969498992,ProgressiveNet,4470020,734980,10
234,0.003007427090778947,ProgressiveNet,4470020,734980,10
235,0.003002926940098405,ProgressiveNet,4470020,734980,10
236,0.0029993669595569372,ProgressiveNet,4470020,734980,10
237,0.003015046939253807,ProgressiveNet,4470020,734980,10
238,0.003013486973941326,ProgressiveNet,4470020,734980,10
239,0.0030055069364607334,ProgressiveNet,4470020,734980,10
240,0.0030119968578219414,ProgressiveNet,4470020,734980,10
241,0.0030026070307940245,ProgressiveNet,4470020,734980,10
242,0.003006757004186511,ProgressiveNet,4470020,734980,10
243,0.00301762786693871,ProgressiveNet,4470020,734980,10
244,0.003001637989655137,ProgressiveNet,4470020,734980,10
245,0.0030114571563899517,ProgressiveNet,4470020,734980,10
246,0.0030156769789755344,ProgressiveNet,4470020,734980,10
247,0.0030120271258056164,ProgressiveNet,4470020,734980,10
248,0.0030130071099847555,ProgressiveNet,4470020,734980,10
249,0.003016386879608035,ProgressiveNet,4470020,734980,10
250,0.0030070669017732143,ProgressiveNet,4470020,734980,10
251,0.0030160469468683004,ProgressiveNet,4470020,734980,10
252,0.003017367096617818,ProgressiveNet,4470020,734980,10
253,0.0030743260867893696,ProgressiveNet,4470020,734980,10
254,0.00300995702855289,ProgressiveNet,4470020,734980,10
255,0.00301126716658473,ProgressiveNet,4470020,734980,10
256,0.0030646559316664934,ProgressiveNet,4470020,734980,10
257,0.0030087470076978207,ProgressiveNet,4470020,734980,10
258,0.003014237154275179,ProgressiveNet,4470020,734980,10
259,0.003011066932231188,ProgressiveNet,4470020,734980,10
260,0.0030276670586317778,ProgressiveNet,4470020,734980,10
261,0.003013096982613206,ProgressiveNet,4470020,734980,10
262,0.0030278870835900307,ProgressiveNet,4470020,734980,10
263,0.003015856957063079,ProgressiveNet,4470020,734980,10
264,0.0030065469909459352,ProgressiveNet,4470020,734980,10
265,0.003010706976056099,ProgressiveNet,4470020,734980,10
266,0.003012258093804121,ProgressiveNet,4470020,734980,10
267,0.0030155880376696587,ProgressiveNet,4470020,734980,10
268,0.0030107670463621616,ProgressiveNet,4470020,734980,10
269,0.003021686803549528,ProgressiveNet,4470020,734980,10
270,0.003031186992302537,ProgressiveNet,4470020,734980,10
271,0.003011306980624795,ProgressiveNet,4470020,734980,10
272,0.003023277036845684,ProgressiveNet,4470020,734980,10
273,0.0030152560211718082,ProgressiveNet,4470020,734980,10
274,0.003014676971361041,ProgressiveNet,4470020,734980,10
275,0.003015556838363409,ProgressiveNet,4470020,734980,10
276,0.0030145570635795593,ProgressiveNet,4470020,734980,10
277,0.0030187771189957857,ProgressiveNet,4470020,734980,10
278,0.003017887007445097,ProgressiveNet,4470020,734980,10
279,0.00300965690985322,ProgressiveNet,4470020,734980,10
280,0.0030107370112091303,ProgressiveNet,4470020,734980,10
281,0.0030235969461500645,ProgressiveNet,4470020,734980,10
282,0.0030194870196282864,ProgressiveNet,4470020,734980,10
283,0.003014177083969116,ProgressiveNet,4470020,734980,10
284,0.003019136842340231,ProgressiveNet,4470020,734980,10
285,0.003023336874321103,ProgressiveNet,4470020,734980,10
286,0.0030525370966643095,ProgressiveNet,4470020,734980,10
287,0.0030173470731824636,ProgressiveNet,4470020,734980,10
288,0.0030231860000640154,ProgressiveNet,4470020,734980,10
289,0.003022486809641123,ProgressiveNet,4470020,734980,10
290,0.0030172071419656277,ProgressiveNet,4470020,734980,10
291,0.0030085770413279533,ProgressiveNet,4470020,734980,10
292,0.003010357031598687,ProgressiveNet,4470020,734980,10
293,0.0030181067995727062,ProgressiveNet,4470020,734980,10
294,0.003008826868608594,ProgressiveNet,4470020,734980,10
295,0.0030174970161169767,ProgressiveNet,4470020,734980,10
296,0.0030840758699923754,ProgressiveNet,4470020,734980,10
297,0.00300688692368567,ProgressiveNet,4470020,734980,10
298,0.003008306957781315,ProgressiveNet,4470020,734980,10
299,0.003014397108927369,ProgressiveNet,4470020,734980,10
300,0.003027356928214431,ProgressiveNet,4470020,734980,10
301,0.0030279469210654497,ProgressiveNet,4470020,734980,10
302,0.003013156820088625,ProgressiveNet,4470020,734980,10
303,0.003006086917594075,ProgressiveNet,4470020,734980,10
304,0.0030097169801592827,ProgressiveNet,4470020,734980,10
305,0.0030113770626485348,ProgressiveNet,4470020,734980,10
306,0.003016396891325712,ProgressiveNet,4470020,734980,10
307,0.003030586987733841,ProgressiveNet,4470020,734980,10
308,0.003016466973349452,ProgressiveNet,4470020,734980,10
309,0.003004126949235797,ProgressiveNet,4470020,734980,10
310,0.0030051469802856445,ProgressiveNet,4470020,734980,10
311,0.003007357008755207,ProgressiveNet,4470020,734980,10
312,0.0030050668865442276,ProgressiveNet,4470020,734980,10
313,0.003011676948517561,ProgressiveNet,4470020,734980,10
314,0.0030707158148288727,ProgressiveNet,4470020,734980,10
315,0.0030179969035089016,ProgressiveNet,4470020,734980,10
316,0.0030236670281738043,ProgressiveNet,4470020,734980,10
317,0.00300981686450541,ProgressiveNet,4470020,734980,10
318,0.0030413460917770863,ProgressiveNet,4470020,734980,10
319,0.0030445270240306854,ProgressiveNet,4470020,734980,10
320,0.0030097169801592827,ProgressiveNet,4470020,734980,10
321,0.003007427090778947,ProgressiveNet,4470020,734980,10
322,0.0030048571061342955,ProgressiveNet,4470020,734980,10
323,0.003018487012013793,ProgressiveNet,4470020,734980,10
324,0.0030107670463621616,ProgressiveNet,4470020,734980,10
325,0.003013376845046878,ProgressiveNet,4470020,734980,10
326,0.0030088480561971664,ProgressiveNet,4470020,734980,10
327,0.002994447946548462,ProgressiveNet,4470020,734980,10
328,0.003006736980751157,ProgressiveNet,4470020,734980,10
329,0.003002297831699252,ProgressiveNet,4470020,734980,10
330,0.0030034680385142565,ProgressiveNet,4470020,734980,10
331,0.0030480760615319014,ProgressiveNet,4470020,734980,10
332,0.0030177768785506487,ProgressiveNet,4470020,734980,10
333,0.0030438269022852182,ProgressiveNet,4470020,734980,10
334,0.0030012070201337337,ProgressiveNet,4470020,734980,10
335,0.0029981168918311596,ProgressiveNet,4470020,734980,10
336,0.003006997052580118,ProgressiveNet,4470020,734980,10
337,0.0030021569691598415,ProgressiveNet,4470020,734980,10
338,0.0030009769834578037,ProgressiveNet,4470020,734980,10
339,0.0030064969323575497,ProgressiveNet,4470020,734980,10
340,0.003003536956384778,ProgressiveNet,4470020,734980,10
341,0.0030091567896306515,ProgressiveNet,4470020,734980,10
342,0.0030701560899615288,ProgressiveNet,4470020,734980,10
343,0.0030059469863772392,ProgressiveNet,4470020,734980,10
344,0.0030163670890033245,ProgressiveNet,4470020,734980,10
345,0.0030171668622642756,ProgressiveNet,4470020,734980,10
346,0.0030084168538451195,ProgressiveNet,4470020,734980,10
347,0.003013236913830042,ProgressiveNet,4470020,734980,10
348,0.0030081269796937704,ProgressiveNet,4470020,734980,10
349,0.003017967101186514,ProgressiveNet,4470020,734980,10
350,0.003011596854776144,ProgressiveNet,4470020,734980,10
351,0.003037436865270138,ProgressiveNet,4470020,734980,10
352,0.0030359169468283653,ProgressiveNet,4470020,734980,10
353,0.0030176069121807814,ProgressiveNet,4470020,734980,10
354,0.0030094969552010298,ProgressiveNet,4470020,734980,10
355,0.0030044871382415295,ProgressiveNet,4470020,734980,10
356,0.003015587106347084,ProgressiveNet,4470020,734980,10
357,0.0030192069243639708,ProgressiveNet,4470020,734980,10
358,0.0029975371435284615,ProgressiveNet,4470020,734980,10
359,0.0030103770550340414,ProgressiveNet,4470020,734980,10
360,0.0030128969810903072,ProgressiveNet,4470020,734980,10
361,0.0030167570803314447,ProgressiveNet,4470020,734980,10
362,0.003074467182159424,ProgressiveNet,4470020,734980,10
363,0.0029964069835841656,ProgressiveNet,4470020,734980,10
364,0.0030392969492822886,ProgressiveNet,4470020,734980,10
365,0.003045896999537945,ProgressiveNet,4470020,734980,10
366,0.0030055770184844732,ProgressiveNet,4470020,734980,10
367,0.0030112869571894407,ProgressiveNet,4470020,734980,10
368,0.003011906985193491,ProgressiveNet,4470020,734980,10
369,0.0030030268244445324,ProgressiveNet,4470020,734980,10
370,0.0030049069318920374,ProgressiveNet,4470020,734980,10
371,0.0030108371283859015,ProgressiveNet,4470020,734980,10
372,0.0030058668926358223,ProgressiveNet,4470020,734980,10
373,0.003002946963533759,ProgressiveNet,4470020,734980,10
374,0.003002556972205639,ProgressiveNet,4470020,734980,10
375,0.0030105768237262964,ProgressiveNet,4470020,734980,10
376,0.0030103481840342283,ProgressiveNet,4470020,734980,10
377,0.003008926985785365,ProgressiveNet,4470020,734980,10
378,0.0030033569782972336,ProgressiveNet,4470020,734980,10
379,0.0030116571579128504,ProgressiveNet,4470020,734980,10
380,0.0030104569159448147,ProgressiveNet,4470020,734980,10
381,0.003002067096531391,ProgressiveNet,4470020,734980,10
382,0.0030061870347708464,ProgressiveNet,4470020,734980,10
383,0.0030037870164960623,ProgressiveNet,4470020,734980,10
384,0.0030464569572359324,ProgressiveNet,4470020,734980,10
385,0.003047466976568103,ProgressiveNet,4470020,734980,10
386,0.003004777943715453,ProgressiveNet,4470020,734980,10
387,0.0030073169618844986,ProgressiveNet,4470020,734980,10
388,0.0030003380961716175,ProgressiveNet,4470020,734980,10
389,0.0030039967969059944,ProgressiveNet,4470020,734980,10
390,0.0030108271166682243,ProgressiveNet,4470020,734980,10
391,0.0030171568505465984,ProgressiveNet,4470020,734980,10
392,0.0030147270299494267,ProgressiveNet,4470020,734980,10
393,0.0030115870758891106,ProgressiveNet,4470020,734980,10
394,0.0030144068878144026,ProgressiveNet,4470020,734980,10
395,0.003011466935276985,ProgressiveNet,4470020,734980,10
396,0.0030081470031291246,ProgressiveNet,4470020,734980,10
397,0.003003066871315241,ProgressiveNet,4470020,734980,10
398,0.0030180769972503185,ProgressiveNet,4470020,734980,10
399,0.0030167470686137676,ProgressiveNet,4470020,734980,10
400,0.0029970069881528616,ProgressiveNet,4470020,734980,10
401,0.003005936974659562,ProgressiveNet,4470020,734980,10
402,0.003009108128026128,ProgressiveNet,4470020,734980,10
403,0.0030058480333536863,ProgressiveNet,4470020,734980,10
404,0.0030098261777311563,ProgressiveNet,4470020,734980,10
405,0.0030080268625169992,ProgressiveNet,4470020,734980,10
406,0.0030256970785558224,ProgressiveNet,4470020,734980,10
407,0.003013826906681061,ProgressiveNet,4470020,734980,10
408,0.0030126271303743124,ProgressiveNet,4470020,734980,10
409,0.0030204670038074255,ProgressiveNet,4470020,734980,10
410,0.0030165971256792545,ProgressiveNet,4470020,734980,10
411,0.003018117044121027,ProgressiveNet,4470020,734980,10
412,0.0030271760188043118,ProgressiveNet,4470020,734980,10
413,0.003020636970177293,ProgressiveNet,4470020,734980,10
414,0.0030099968425929546,ProgressiveNet,4470020,734980,10
415,0.003004726953804493,ProgressiveNet,4470020,734980,10
416,0.00300004705786705,ProgressiveNet,4470020,734980,10
417,0.0030190071556717157,ProgressiveNet,4470020,734980,10
418,0.0030737759079784155,ProgressiveNet,4470020,734980,10
419,0.0030002379789948463,ProgressiveNet,4470020,734980,10
420,0.0029993378557264805,ProgressiveNet,4470020,734980,10
421,0.0030072659719735384,ProgressiveNet,4470020,734980,10
422,0.003009967040270567,ProgressiveNet,4470020,734980,10
423,0.0030109069775789976,ProgressiveNet,4470020,734980,10
424,0.0030110368970781565,ProgressiveNet,4470020,734980,10
425,0.0030017371755093336,ProgressiveNet,4470020,734980,10
426,0.002997556934133172,ProgressiveNet,4470020,734980,10
427,0.0030042168218642473,ProgressiveNet,4470020,734980,10
428,0.0030024771112948656,ProgressiveNet,4470020,734980,10
429,0.003011757042258978,ProgressiveNet,4470020,734980,10
430,0.00300688692368567,ProgressiveNet,4470020,734980,10
431,0.003006296930834651,ProgressiveNet,4470020,734980,10
432,0.003003467107191682,ProgressiveNet,4470020,734980,10
433,0.003027917118743062,ProgressiveNet,4470020,734980,10
434,0.003043066943064332,ProgressiveNet,4470020,734980,10
435,0.0030069269705563784,ProgressiveNet,4470020,734980,10
436,0.0030074671376496553,ProgressiveNet,4470020,734980,10
437,0.003003158140927553,ProgressiveNet,4470020,734980,10
438,0.0030009469483047724,ProgressiveNet,4470020,734980,10
439,0.0030019881669431925,ProgressiveNet,4470020,734980,10
440,0.0029965881258249283,ProgressiveNet,4470020,734980,10
441,0.003001066856086254,ProgressiveNet,4470020,734980,10
442,0.0030073579400777817,ProgressiveNet,4470020,734980,10
443,0.0030062480363994837,ProgressiveNet,4470020,734980,10
444,0.0030197869054973125,ProgressiveNet,4470020,734980,10
445,0.0030206169467419386,ProgressiveNet,4470020,734980,10
446,0.003014426911249757,ProgressiveNet,4470020,734980,10
447,0.0030182269401848316,ProgressiveNet,4470020,734980,10
448,0.0030242770444601774,ProgressiveNet,4470020,734980,10
449,0.0030167270451784134,ProgressiveNet,4470020,734980,10
450,0.003002297133207321,ProgressiveNet,4470020,734980,10
451,0.0030782159883528948,ProgressiveNet,4470020,734980,10
452,0.002999897114932537,ProgressiveNet,4470020,734980,10
453,0.0030018670950084925,ProgressiveNet,4470020,734980,10
454,0.0030023970175534487,ProgressiveNet,4470020,734980,10
455,0.0030182970222085714,ProgressiveNet,4470020,734980,10
456,0.0030201070476323366,ProgressiveNet,4470020,734980,10
457,0.0030138471629470587,ProgressiveNet,4470020,734980,10
458,0.0029981769621372223,ProgressiveNet,4470020,734980,10
459,0.0029966768343001604,ProgressiveNet,4470020,734980,10
460,0.003000456839799881,ProgressiveNet,4470020,734980,10
461,0.0030061069410294294,ProgressiveNet,4470020,734980,10
462,0.003002706915140152,ProgressiveNet,4470020,734980,10
463,0.0030048168264329433,ProgressiveNet,4470020,734980,10
464,0.0030034969095140696,ProgressiveNet,4470020,734980,10
465,0.003003096906468272,ProgressiveNet,4470020,734980,10
466,0.003008997067809105,ProgressiveNet,4470020,734980,10
467,0.003007176797837019,ProgressiveNet,4470020,734980,10
468,0.0030022768769413233,ProgressiveNet,4470020,734980,10
469,0.002999106887727976,ProgressiveNet,4470020,734980,10
470,0.003003546968102455,ProgressiveNet,4470020,734980,10
471,0.0030120769515633583,ProgressiveNet,4470020,734980,10
472,0.002999678021296859,ProgressiveNet,4470020,734980,10
473,0.003011655993759632,ProgressiveNet,4470020,734980,10
474,0.0030122268944978714,ProgressiveNet,4470020,734980,10
475,0.0030020070262253284,ProgressiveNet,4470020,734980,10
476,0.0030077968258410692,ProgressiveNet,4470020,734980,10
477,0.0030023870058357716,ProgressiveNet,4470020,734980,10
478,0.0030061269644647837,ProgressiveNet,4470020,734980,10
479,0.0030135968700051308,ProgressiveNet,4470020,734980,10
480,0.0030043369624763727,ProgressiveNet,4470020,734980,10
481,0.0030428068712353706,ProgressiveNet,4470020,734980,10
482,0.0030012070201337337,ProgressiveNet,4470020,734980,10
483,0.0030093169771134853,ProgressiveNet,4470020,734980,10
484,0.003091215854510665,ProgressiveNet,4470020,734980,10
485,0.003000536933541298,ProgressiveNet,4470020,734980,10
486,0.00300988694652915,ProgressiveNet,4470020,734980,10
487,0.003000186989083886,ProgressiveNet,4470020,734980,10
488,0.0030212269630283117,ProgressiveNet,4470020,734980,10
489,0.003100645961239934,ProgressiveNet,4470020,734980,10
490,0.0030109069775789976,ProgressiveNet,4470020,734980,10
491,0.003011027118191123,ProgressiveNet,4470020,734980,10
492,0.00301249697804451,ProgressiveNet,4470020,734980,10
493,0.003009046893566847,ProgressiveNet,4470020,734980,10
494,0.003008047118782997,ProgressiveNet,4470020,734980,10
495,0.0030063570011407137,ProgressiveNet,4470020,734980,10
496,0.0030124569311738014,ProgressiveNet,4470020,734980,10
497,0.003004437079653144,ProgressiveNet,4470020,734980,10
498,0.0030039569828659296,ProgressiveNet,4470020,734980,10
499,0.002995827002450824,ProgressiveNet,4470020,734980,10
500,0.0030054971575737,ProgressiveNet,4470020,734980,10
501,0.0030082170851528645,ProgressiveNet,4470020,734980,10
502,0.003068606136366725,ProgressiveNet,4470020,734980,10
503,0.003000357188284397,ProgressiveNet,4470020,734980,10
504,0.0030091768130660057,ProgressiveNet,4470020,734980,10
505,0.0030033569782972336,ProgressiveNet,4470020,734980,10
506,0.00299658696167171,ProgressiveNet,4470020,734980,10
507,0.0029967068694531918,ProgressiveNet,4470020,734980,10
508,0.003006007056683302,ProgressiveNet,4470020,734980,10
509,0.0030045669991523027,ProgressiveNet,4470020,734980,10
510,0.003011946799233556,ProgressiveNet,4470020,734980,10
511,0.0030020468402653933,ProgressiveNet,4470020,734980,10
512,0.003005287144333124,ProgressiveNet,4470020,734980,10
513,0.0030137270223349333,ProgressiveNet,4470020,734980,10
514,0.0030064270831644535,ProgressiveNet,4470020,734980,10
515,0.003009286941960454,ProgressiveNet,4470020,734980,10
516,0.003014167072251439,ProgressiveNet,4470020,734980,10
517,0.0030763261020183563,ProgressiveNet,4470020,734980,10
518,0.00301057705655694,ProgressiveNet,4470020,734980,10
519,0.003005777020007372,ProgressiveNet,4470020,734980,10
520,0.0030060370918363333,ProgressiveNet,4470020,734980,10
521,0.0030073069501668215,ProgressiveNet,4470020,734980,10
522,0.003005567006766796,ProgressiveNet,4470020,734980,10
523,0.0030073870439082384,ProgressiveNet,4470020,734980,10
524,0.003000017022714019,ProgressiveNet,4470020,734980,10
525,0.0029976768419146538,ProgressiveNet,4470020,734980,10
526,0.003000986995175481,ProgressiveNet,4470020,734980,10
527,0.0030028170440346003,ProgressiveNet,4470020,734980,10
528,0.003000417025759816,ProgressiveNet,4470020,734980,10
529,0.0030003669671714306,ProgressiveNet,4470020,734980,10
530,0.003005637088790536,ProgressiveNet,4470020,734980,10
531,0.0030407870654016733,ProgressiveNet,4470020,734980,10
532,0.0030145281925797462,ProgressiveNet,4470020,734980,10
533,0.0030454869847744703,ProgressiveNet,4470020,734980,10
534,0.0030093470122665167,ProgressiveNet,4470020,734980,10
535,0.0030105169862508774,ProgressiveNet,4470020,734980,10
536,0.0030009469483047724,ProgressiveNet,4470020,734980,10
537,0.0030013269279152155,ProgressiveNet,4470020,734980,10
538,0.003001817036420107,ProgressiveNet,4470020,734980,10
539,0.0030003569554537535,ProgressiveNet,4470020,734980,10
540,0.002994957147166133,ProgressiveNet,4470020,734980,10
541,0.0029914069455116987,ProgressiveNet,4470020,734980,10
542,0.0029973068740218878,ProgressiveNet,4470020,734980,10
543,0.0029996070079505444,ProgressiveNet,4470020,734980,10
544,0.003001217031851411,ProgressiveNet,4470020,734980,10
545,0.0030040768906474113,ProgressiveNet,4470020,734980,10
546,0.0030111370142549276,ProgressiveNet,4470020,734980,10
547,0.0030052170623093843,ProgressiveNet,4470020,734980,10
548,0.0030070869252085686,ProgressiveNet,4470020,734980,10
549,0.003010986838489771,ProgressiveNet,4470020,734980,10
550,0.0030694769229739904,ProgressiveNet,4470020,734980,10
551,0.0029996968805789948,ProgressiveNet,4470020,734980,10
552,0.00300462800078094,ProgressiveNet,4470020,734980,10
553,0.003000078024342656,ProgressiveNet,4470020,734980,10
554,0.003009737003594637,ProgressiveNet,4470020,734980,10
555,0.0030025679152458906,ProgressiveNet,4470020,734980,10
556,0.0030007478781044483,ProgressiveNet,4470020,734980,10
557,0.0030070862267166376,ProgressiveNet,4470020,734980,10
558,0.0030106569174677134,ProgressiveNet,4470020,734980,10
559,0.0030095570255070925,ProgressiveNet,4470020,734980,10
560,0.003006597049534321,ProgressiveNet,4470020,734980,10
561,0.0030007169116288424,ProgressiveNet,4470020,734980,10
562,0.003006516955792904,ProgressiveNet,4470020,734980,10
563,0.0030021769925951958,ProgressiveNet,4470020,734980,10
564,0.003006066894158721,ProgressiveNet,4470020,734980,10
565,0.003005096921697259,ProgressiveNet,4470020,734980,10
566,0.0030325669795274734,ProgressiveNet,4470020,734980,10
567,0.0030116268899291754,ProgressiveNet,4470020,734980,10
568,0.003011247143149376,ProgressiveNet,4470020,734980,10
569,0.0030064070597290993,ProgressiveNet,4470020,734980,10
570,0.003010557033121586,ProgressiveNet,4470020,734980,10
571,0.0030749659053981304,ProgressiveNet,4470020,734980,10
572,0.0030014370568096638,ProgressiveNet,4470020,734980,10
573,0.003004356985911727,ProgressiveNet,4470020,734980,10
574,0.0029971369076520205,ProgressiveNet,4470020,734980,10
575,0.002999807009473443,ProgressiveNet,4470020,734980,10
576,0.0029969068709760904,ProgressiveNet,4470020,734980,10
577,0.0030118469148874283,ProgressiveNet,4470020,734980,10
578,0.003007587045431137,ProgressiveNet,4470020,734980,10
579,0.0030029970221221447,ProgressiveNet,4470020,734980,10
580,0.0030025471933186054,ProgressiveNet,4470020,734980,10
581,0.0030037169344723225,ProgressiveNet,4470020,734980,10
582,0.003013106994330883,ProgressiveNet,4470020,734980,10
583,0.003074387088418007,ProgressiveNet,4470020,734980,10
584,0.0030088070780038834,ProgressiveNet,4470020,734980,10
585,0.0030071570072323084,ProgressiveNet,4470020,734980,10
586,0.0030036468524485826,ProgressiveNet,4470020,734980,10
587,0.0029977071098983288,ProgressiveNet,4470020,734980,10
588,0.003007636871188879,ProgressiveNet,4470020,734980,10
589,0.0029942768160253763,ProgressiveNet,4470020,734980,10
590,0.003004516940563917,ProgressiveNet,4470020,734980,10
591,0.0030063469894230366,ProgressiveNet,4470020,734980,10
592,0.003012137021869421,ProgressiveNet,4470020,734980,10
593,0.003001156961545348,ProgressiveNet,4470020,734980,10
594,0.003019226947799325,ProgressiveNet,4470020,734980,10
595,0.0030079169664531946,ProgressiveNet,4470020,734980,10
596,0.0030099470168352127,ProgressiveNet,4470020,734980,10
597,0.003011896973475814,ProgressiveNet,4470020,734980,10
598,0.0030019970145076513,ProgressiveNet,4470020,734980,10
599,0.0030017970129847527,ProgressiveNet,4470020,734980,10
600,0.0030012070201337337,ProgressiveNet,4470020,734980,10
601,0.0030032668728381395,ProgressiveNet,4470020,734980,10
602,0.0030025970190763474,ProgressiveNet,4470020,734980,10
603,0.0030084671452641487,ProgressiveNet,4470020,734980,10
604,0.0029962467961013317,ProgressiveNet,4470020,734980,10
605,0.003005116945132613,ProgressiveNet,4470020,734980,10
606,0.003004746977239847,ProgressiveNet,4470020,734980,10
607,0.0030113470274955034,ProgressiveNet,4470020,734980,10
608,0.0030102969612926245,ProgressiveNet,4470020,734980,10
609,0.0030070869252085686,ProgressiveNet,4470020,734980,10
610,0.0030143370386213064,ProgressiveNet,4470020,734980,10
611,0.0030233869329094887,ProgressiveNet,4470020,734980,10
612,0.0030156171415001154,ProgressiveNet,4470020,734980,10
613,0.0030004270374774933,ProgressiveNet,4470020,734980,10
614,0.003006146987900138,ProgressiveNet,4470020,734980,10
615,0.0030055269598960876,ProgressiveNet,4470020,734980,10
616,0.00303909694775939,ProgressiveNet,4470020,734980,10
617,0.0030513769015669823,ProgressiveNet,4470020,734980,10
618,0.0030049169436097145,ProgressiveNet,4470020,734980,10
619,0.0030148669611662626,ProgressiveNet,4470020,734980,10
620,0.0030006179586052895,ProgressiveNet,4470020,734980,10
621,0.0030062769073992968,ProgressiveNet,4470020,734980,10
622,0.003006567945703864,ProgressiveNet,4470020,734980,10
623,0.0030070380307734013,ProgressiveNet,4470020,734980,10
624,0.0030035371892154217,ProgressiveNet,4470020,734980,10
625,0.0030031970236450434,ProgressiveNet,4470020,734980,10
626,0.003016317030414939,ProgressiveNet,4470020,734980,10
627,0.002996806986629963,ProgressiveNet,4470020,734980,10
628,0.003004516940563917,ProgressiveNet,4470020,734980,10
629,0.0030109668150544167,ProgressiveNet,4470020,734980,10
630,0.003004056867212057,ProgressiveNet,4470020,734980,10
631,0.0030002871062606573,ProgressiveNet,4470020,734980,10
632,0.0029997569508850574,ProgressiveNet,4470020,734980,10
633,0.003008446888998151,ProgressiveNet,4470020,734980,10
634,0.0030080368742346764,ProgressiveNet,4470020,734980,10
635,0.003013846930116415,ProgressiveNet,4470020,734980,10
636,0.0030052070505917072,ProgressiveNet,4470020,734980,10
637,0.0030011970084160566,ProgressiveNet,4470020,734980,10
638,0.0030134471599012613,ProgressiveNet,4470020,734980,10
639,0.003049127059057355,ProgressiveNet,4470020,734980,10
640,0.0030560961458832026,ProgressiveNet,4470020,734980,10
641,0.002998027019202709,ProgressiveNet,4470020,734980,10
642,0.003003446850925684,ProgressiveNet,4470020,734980,10
643,0.002993467031046748,ProgressiveNet,4470020,734980,10
644,0.0029960169922560453,ProgressiveNet,4470020,734980,10
645,0.0029984270222485065,ProgressiveNet,4470020,734980,10
646,0.0030038170516490936,ProgressiveNet,4470020,734980,10
647,0.003016937058418989,ProgressiveNet,4470020,734980,10
648,0.0030279969796538353,ProgressiveNet,4470020,734980,10
649,0.0030297469347715378,ProgressiveNet,4470020,734980,10
650,0.003032617038115859,ProgressiveNet,4470020,734980,10
651,0.002997288014739752,ProgressiveNet,4470020,734980,10
652,0.0030100769363343716,ProgressiveNet,4470020,734980,10
653,0.0030002070125192404,ProgressiveNet,4470020,734980,10
654,0.0030047278851270676,ProgressiveNet,4470020,734980,10
655,0.0029986470472067595,ProgressiveNet,4470020,734980,10
656,0.003002897137776017,ProgressiveNet,4470020,734980,10
657,0.002995267976075411,ProgressiveNet,4470020,734980,10
658,0.0030016470700502396,ProgressiveNet,4470020,734980,10
659,0.003021735930815339,ProgressiveNet,4470020,734980,10
660,0.003002458019182086,ProgressiveNet,4470020,734980,10
661,0.003006627783179283,ProgressiveNet,4470020,734980,10
662,0.0030032768845558167,ProgressiveNet,4470020,734980,10
663,0.003066627075895667,ProgressiveNet,4470020,734980,10
664,0.0029958169907331467,ProgressiveNet,4470020,734980,10
665,0.0030058471020311117,ProgressiveNet,4470020,734980,10
666,0.003002096898853779,ProgressiveNet,4470020,734980,10
667,0.00300242705270648,ProgressiveNet,4470020,734980,10
668,0.0030020771082490683,ProgressiveNet,4470020,734980,10
669,0.003037446876987815,ProgressiveNet,4470020,734980,10
670,0.003007527207955718,ProgressiveNet,4470020,734980,10
671,0.0030457060784101486,ProgressiveNet,4470020,734980,10
672,0.0030734571628272533,ProgressiveNet,4470020,734980,10
673,0.0030046170577406883,ProgressiveNet,4470020,734980,10
674,0.002999106887727976,ProgressiveNet,4470020,734980,10
675,0.0030067169573158026,ProgressiveNet,4470020,734980,10
676,0.0030029569752514362,ProgressiveNet,4470020,734980,10
677,0.003007197054103017,ProgressiveNet,4470020,734980,10
678,0.0030072969384491444,ProgressiveNet,4470020,734980,10
679,0.002997556934133172,ProgressiveNet,4470020,734980,10
680,0.003005767008289695,ProgressiveNet,4470020,734980,10
681,0.0030120471492409706,ProgressiveNet,4470020,734980,10
682,0.0030064170714467764,ProgressiveNet,4470020,734980,10
683,0.003078936832025647,ProgressiveNet,4470020,734980,10
684,0.003002116922289133,ProgressiveNet,4470020,734980,10
685,0.0030040370766073465,ProgressiveNet,4470020,734980,10
686,0.0029990070033818483,ProgressiveNet,4470020,734980,10
687,0.0030056070536375046,ProgressiveNet,4470020,734980,10
688,0.003007207065820694,ProgressiveNet,4470020,734980,10
689,0.003001386998221278,ProgressiveNet,4470020,734980,10
690,0.0029997469391673803,ProgressiveNet,4470020,734980,10
691,0.0029973469208925962,ProgressiveNet,4470020,734980,10
692,0.0030115970876067877,ProgressiveNet,4470020,734980,10
693,0.0030019469559192657,ProgressiveNet,4470020,734980,10
694,0.0030013369396328926,ProgressiveNet,4470020,734980,10
695,0.003002187004312873,ProgressiveNet,4470020,734980,10
696,0.0030082869343459606,ProgressiveNet,4470020,734980,10
697,0.003003296907991171,ProgressiveNet,4470020,734980,10
698,0.003010947024449706,ProgressiveNet,4470020,734980,10
699,0.0030043269507586956,ProgressiveNet,4470020,734980,10
700,0.003004537196829915,ProgressiveNet,4470020,734980,10
701,0.0030403269920498133,ProgressiveNet,4470020,734980,10
702,0.003004266880452633,ProgressiveNet,4470020,734980,10
703,0.0030071169603616,ProgressiveNet,4470020,734980,10
704,0.0030024871230125427,ProgressiveNet,4470020,734980,10
705,0.0030024771112948656,ProgressiveNet,4470020,734980,10
706,0.003007357008755207,ProgressiveNet,4470020,734980,10
707,0.003002507146447897,ProgressiveNet,4470020,734980,10
708,0.0030380869284272194,ProgressiveNet,4470020,734980,10
709,0.003048997139558196,ProgressiveNet,4470020,734980,10
710,0.00299896695651114,ProgressiveNet,4470020,734980,10
711,0.0030018070247024298,ProgressiveNet,4470020,734980,10
712,0.003011086955666542,ProgressiveNet,4470020,734980,10
713,0.0030103169847279787,ProgressiveNet,4470020,734980,10
714,0.00301329605281353,ProgressiveNet,4470020,734980,10
715,0.003011696971952915,ProgressiveNet,4470020,734980,10
716,0.003065616823732853,ProgressiveNet,4470020,734980,10
717,0.0029999969992786646,ProgressiveNet,4470020,734980,10
718,0.0030022270511835814,ProgressiveNet,4470020,734980,10
719,0.0030119370203465223,ProgressiveNet,4470020,734980,10
720,0.0030044668819755316,ProgressiveNet,4470020,734980,10
721,0.0030104771722108126,ProgressiveNet,4470020,734980,10
722,0.003012577071785927,ProgressiveNet,4470020,734980,10
723,0.0030077570118010044,ProgressiveNet,4470020,734980,10
724,0.0030046170577406883,ProgressiveNet,4470020,734980,10
725,0.0029990868642926216,ProgressiveNet,4470020,734980,10
726,0.0030018570832908154,ProgressiveNet,4470020,734980,10
727,0.0030044070445001125,ProgressiveNet,4470020,734980,10
728,0.00301157683134079,ProgressiveNet,4470020,734980,10
729,0.003005877137184143,ProgressiveNet,4470020,734980,10
730,0.0030019781552255154,ProgressiveNet,4470020,734980,10
731,0.003021275857463479,ProgressiveNet,4470020,734980,10
732,0.0030001970008015633,ProgressiveNet,4470020,734980,10
733,0.0030126969795674086,ProgressiveNet,4470020,734980,10
734,0.003002127166837454,ProgressiveNet,4470020,734980,10
735,0.003006526967510581,ProgressiveNet,4470020,734980,10
736,0.003001607023179531,ProgressiveNet,4470020,734980,10
737,0.0030097870621830225,ProgressiveNet,4470020,734980,10
738,0.0029972170013934374,ProgressiveNet,4470020,734980,10
739,0.00299651687964797,ProgressiveNet,4470020,734980,10
740,0.0029983469285070896,ProgressiveNet,4470020,734980,10
741,0.0030048268381506205,ProgressiveNet,4470020,734980,10
742,0.003001237055286765,ProgressiveNet,4470020,734980,10
743,0.003009677166119218,ProgressiveNet,4470020,734980,10
744,0.0030055870302021503,ProgressiveNet,4470020,734980,10
745,0.0030075169634073973,ProgressiveNet,4470020,734980,10
746,0.0030000670813024044,ProgressiveNet,4470020,734980,10
747,0.0029934970661997795,ProgressiveNet,4470020,734980,10
748,0.003001386998221278,ProgressiveNet,4470020,734980,10
749,0.003098477143794298,ProgressiveNet,4470020,734980,10
750,0.0030189279932528734,ProgressiveNet,4470020,734980,10
751,0.003013808047398925,ProgressiveNet,4470020,734980,10
752,0.0030137370340526104,ProgressiveNet,4470020,734980,10
753,0.0030072168447077274,ProgressiveNet,4470020,734980,10
754,0.003000776981934905,ProgressiveNet,4470020,734980,10
755,0.003009977051988244,ProgressiveNet,4470020,734980,10
756,0.0030031970236450434,ProgressiveNet,4470020,734980,10
757,0.0030033269431442022,ProgressiveNet,4470020,734980,10
758,0.0030033572111278772,ProgressiveNet,4470020,734980,10
759,0.0030111968517303467,ProgressiveNet,4470020,734980,10
760,0.0030032070353627205,ProgressiveNet,4470020,734980,10
761,0.0030025069136172533,ProgressiveNet,4470020,734980,10
762,0.0030051369685679674,ProgressiveNet,4470020,734980,10
763,0.0029970568139106035,ProgressiveNet,4470020,734980,10
764,0.003002266865223646,ProgressiveNet,4470020,734980,10
765,0.002993526868522167,ProgressiveNet,4470020,734980,10
766,0.00300004705786705,ProgressiveNet,4470020,734980,10
767,0.0029970169998705387,ProgressiveNet,4470020,734980,10
768,0.002995317103341222,ProgressiveNet,4470020,734980,10
769,0.0030025469604879618,ProgressiveNet,4470020,734980,10
770,0.003003066871315241,ProgressiveNet,4470020,734980,10
771,0.002994267037138343,ProgressiveNet,4470020,734980,10
772,0.0029986570589244366,ProgressiveNet,4470020,734980,10
773,0.0030080669093877077,ProgressiveNet,4470020,734980,10
774,0.0030046370811760426,ProgressiveNet,4470020,734980,10
775,0.002999336924403906,ProgressiveNet,4470020,734980,10
776,0.0030063570011407137,ProgressiveNet,4470020,734980,10
777,0.0030271969735622406,ProgressiveNet,4470020,734980,10
778,0.003037397051230073,ProgressiveNet,4470020,734980,10
779,0.0030025870073586702,ProgressiveNet,4470020,734980,10
780,0.0030047069303691387,ProgressiveNet,4470020,734980,10
781,0.0030085667967796326,ProgressiveNet,4470020,734980,10
782,0.0030677560716867447,ProgressiveNet,4470020,734980,10
783,0.003006317187100649,ProgressiveNet,4470020,734980,10
784,0.0030024468433111906,ProgressiveNet,4470020,734980,10
785,0.0029984270222485065,ProgressiveNet,4470020,734980,10
786,0.003005407052114606,ProgressiveNet,4470020,734980,10
787,0.003008676925674081,ProgressiveNet,4470020,734980,10
788,0.0030037169344723225,ProgressiveNet,4470020,734980,10
789,0.003002346958965063,ProgressiveNet,4470020,734980,10
790,0.002996227005496621,ProgressiveNet,4470020,734980,10
791,0.002994287060573697,ProgressiveNet,4470020,734980,10
792,0.003003756981343031,ProgressiveNet,4470020,734980,10
793,0.003001956967636943,ProgressiveNet,4470020,734980,10
794,0.0030067269690334797,ProgressiveNet,4470020,734980,10
795,0.003001607023179531,ProgressiveNet,4470020,734980,10
796,0.0029996270313858986,ProgressiveNet,4470020,734980,10
797,0.0030007269233465195,ProgressiveNet,4470020,734980,10
798,0.0030053569935262203,ProgressiveNet,4470020,734980,10
799,0.00299681699834764,ProgressiveNet,4470020,734980,10
800,0.0030057569965720177,ProgressiveNet,4470020,734980,10
801,0.003009087173268199,ProgressiveNet,4470020,734980,10
802,0.00300919683650136,ProgressiveNet,4470020,734980,10
803,0.003001597011461854,ProgressiveNet,4470020,734980,10
804,0.003008647123351693,ProgressiveNet,4470020,734980,10
805,0.0030126569326967,ProgressiveNet,4470020,734980,10
806,0.0030073372181504965,ProgressiveNet,4470020,734980,10
807,0.0030045469757169485,ProgressiveNet,4470020,734980,10
808,0.003001866862177849,ProgressiveNet,4470020,734980,10
809,0.0030045469757169485,ProgressiveNet,4470020,734980,10
810,0.0030049269553273916,ProgressiveNet,4470020,734980,10
811,0.003004457103088498,ProgressiveNet,4470020,734980,10
812,0.0030006070155650377,ProgressiveNet,4470020,734980,10
813,0.0030119370203465223,ProgressiveNet,4470020,734980,10
814,0.0030631159897893667,ProgressiveNet,4470020,734980,10
815,0.0030691269785165787,ProgressiveNet,4470020,734980,10
816,0.0029993769712746143,ProgressiveNet,4470020,734980,10
817,0.0029986968729645014,ProgressiveNet,4470020,734980,10
818,0.003000186989083886,ProgressiveNet,4470020,734980,10
819,0.003006707178428769,ProgressiveNet,4470020,734980,10
820,0.0030014668591320515,ProgressiveNet,4470020,734980,10
821,0.003000937169417739,ProgressiveNet,4470020,734980,10
822,0.003004946978762746,ProgressiveNet,4470020,734980,10
823,0.005612797103822231,ProgressiveNet,4470020,734980,10
824,0.0030369870364665985,ProgressiveNet,4470020,734980,10
825,0.0029809270054101944,ProgressiveNet,4470020,734980,10
826,0.0030127570498734713,ProgressiveNet,4470020,734980,10
827,0.003022287040948868,ProgressiveNet,4470020,734980,10
828,0.0029820778872817755,ProgressiveNet,4470020,734980,10
829,0.002989507047459483,ProgressiveNet,4470020,734980,10
830,0.002987626940011978,ProgressiveNet,4470020,734980,10
831,0.0029836869798600674,ProgressiveNet,4470020,734980,10
832,0.0029850772116333246,ProgressiveNet,4470020,734980,10
833,0.002979997079819441,ProgressiveNet,4470020,734980,10
834,0.0029838779009878635,ProgressiveNet,4470020,734980,10
835,0.0029796080198138952,ProgressiveNet,4470020,734980,10
836,0.0029824369121342897,ProgressiveNet,4470020,734980,10
837,0.0030266940593719482,ProgressiveNet,4470020,734980,10
838,0.0029838071204721928,ProgressiveNet,4470020,734980,10
839,0.00298104714602232,ProgressiveNet,4470020,734980,10
840,0.0029781870543956757,ProgressiveNet,4470020,734980,10
841,0.0029817470349371433,ProgressiveNet,4470020,734980,10
842,0.003002016805112362,ProgressiveNet,4470020,734980,10
843,0.0029909168370068073,ProgressiveNet,4470020,734980,10
844,0.0029920071829110384,ProgressiveNet,4470020,734980,10
845,0.003015827154740691,ProgressiveNet,4470020,734980,10
846,0.0029937259387224913,ProgressiveNet,4470020,734980,10
847,0.003016767092049122,ProgressiveNet,4470020,734980,10
848,0.0030205869115889072,ProgressiveNet,4470020,734980,10
849,0.00299092591740191,ProgressiveNet,4470020,734980,10
850,0.002993956906720996,ProgressiveNet,4470020,734980,10
851,0.002981756813824177,ProgressiveNet,4470020,734980,10
852,0.0029769770335406065,ProgressiveNet,4470020,734980,10
853,0.0029809868428856134,ProgressiveNet,4470020,734980,10
854,0.0029773868154734373,ProgressiveNet,4470020,734980,10
855,0.0029777560848742723,ProgressiveNet,4470020,734980,10
856,0.002983066951856017,ProgressiveNet,4470020,734980,10
857,0.003001586999744177,ProgressiveNet,4470020,734980,10
858,0.002979027107357979,ProgressiveNet,4470020,734980,10
859,0.0029844469390809536,ProgressiveNet,4470020,734980,10
860,0.0029840460047125816,ProgressiveNet,4470020,734980,10
861,0.0029818369075655937,ProgressiveNet,4470020,734980,10
862,0.0029967869631946087,ProgressiveNet,4470020,734980,10
863,0.002992166904732585,ProgressiveNet,4470020,734980,10
864,0.00301341712474823,ProgressiveNet,4470020,734980,10
865,0.002988586202263832,ProgressiveNet,4470020,734980,10
866,0.0029826071113348007,ProgressiveNet,4470020,734980,10
867,0.002983646932989359,ProgressiveNet,4470020,734980,10
868,0.0029888469725847244,ProgressiveNet,4470020,734980,10
869,0.002991486806422472,ProgressiveNet,4470020,734980,10
870,0.003005055943503976,ProgressiveNet,4470020,734980,10
871,0.0029999269172549248,ProgressiveNet,4470020,734980,10
872,0.0030032868962734938,ProgressiveNet,4470020,734980,10
873,0.003012625966221094,ProgressiveNet,4470020,734980,10
874,0.0030020668637007475,ProgressiveNet,4470020,734980,10
875,0.0030036470852792263,ProgressiveNet,4470020,734980,10
876,0.002996537135913968,ProgressiveNet,4470020,734980,10
877,0.0029931471217423677,ProgressiveNet,4470020,734980,10
878,0.002988416003063321,ProgressiveNet,4470020,734980,10
879,0.0029977571684867144,ProgressiveNet,4470020,734980,10
880,0.003011076943948865,ProgressiveNet,4470020,734980,10
881,0.0030716159380972385,ProgressiveNet,4470020,734980,10
882,0.003005336970090866,ProgressiveNet,4470020,734980,10
883,0.003002406796440482,ProgressiveNet,4470020,734980,10
884,0.003002176061272621,ProgressiveNet,4470020,734980,10
885,0.003009896958246827,ProgressiveNet,4470020,734980,10
886,0.003004437079653144,ProgressiveNet,4470020,734980,10
887,0.0029961972031742334,ProgressiveNet,4470020,734980,10
888,0.0030034359078854322,ProgressiveNet,4470020,734980,10
889,0.0030119370203465223,ProgressiveNet,4470020,734980,10
890,0.0030035069212317467,ProgressiveNet,4470020,734980,10
891,0.0030152159743010998,ProgressiveNet,4470020,734980,10
892,0.0030123868491500616,ProgressiveNet,4470020,734980,10
893,0.0030071670189499855,ProgressiveNet,4470020,734980,10
894,0.0030096371192485094,ProgressiveNet,4470020,734980,10
895,0.0030124769546091557,ProgressiveNet,4470020,734980,10
896,0.003015276975929737,ProgressiveNet,4470020,734980,10
897,0.003006966784596443,ProgressiveNet,4470020,734980,10
898,0.003003795864060521,ProgressiveNet,4470020,734980,10
899,0.0030106469057500362,ProgressiveNet,4470020,734980,10
900,0.0030111169908195734,ProgressiveNet,4470020,734980,10
901,0.0030118459835648537,ProgressiveNet,4470020,734980,10
902,0.003006377024576068,ProgressiveNet,4470020,734980,10
903,0.0030141370370984077,ProgressiveNet,4470020,734980,10
904,0.0030098569113761187,ProgressiveNet,4470020,734980,10
905,0.003014596179127693,ProgressiveNet,4470020,734980,10
906,0.0030019469559192657,ProgressiveNet,4470020,734980,10
907,0.0029981969855725765,ProgressiveNet,4470020,734980,10
908,0.0030032468494027853,ProgressiveNet,4470020,734980,10
909,0.003013466950505972,ProgressiveNet,4470020,734980,10
910,0.0030084571335464716,ProgressiveNet,4470020,734980,10
911,0.0030026668682694435,ProgressiveNet,4470020,734980,10
912,0.0030103358440101147,ProgressiveNet,4470020,734980,10
913,0.003011387074366212,ProgressiveNet,4470020,734980,10
914,0.003044357057660818,ProgressiveNet,4470020,734980,10
915,0.003043926088139415,ProgressiveNet,4470020,734980,10
916,0.003005846869200468,ProgressiveNet,4470020,734980,10
917,0.0030045469757169485,ProgressiveNet,4470020,734980,10
918,0.0030087458435446024,ProgressiveNet,4470020,734980,10
919,0.00300457701086998,ProgressiveNet,4470020,734980,10
920,0.0030044971499592066,ProgressiveNet,4470020,734980,10
921,0.0030078759882599115,ProgressiveNet,4470020,734980,10
922,0.0030080170836299658,ProgressiveNet,4470020,734980,10
923,0.0030198870226740837,ProgressiveNet,4470020,734980,10
924,0.003005256876349449,ProgressiveNet,4470020,734980,10
925,0.0030063861049711704,ProgressiveNet,4470020,734980,10
926,0.003003017045557499,ProgressiveNet,4470020,734980,10
927,0.0030037970282137394,ProgressiveNet,4470020,734980,10
928,0.003012255998328328,ProgressiveNet,4470020,734980,10
929,0.003005567006766796,ProgressiveNet,4470020,734980,10
930,0.002998687094077468,ProgressiveNet,4470020,734980,10
931,0.0030021769925951958,ProgressiveNet,4470020,734980,10
932,0.0030020358972251415,ProgressiveNet,4470020,734980,10
933,0.0030644170474261045,ProgressiveNet,4470020,734980,10
934,0.003000107128173113,ProgressiveNet,4470020,734980,10
935,0.0030054759699851274,ProgressiveNet,4470020,734980,10
936,0.0030092669185250998,ProgressiveNet,4470020,734980,10
937,0.003010587068274617,ProgressiveNet,4470020,734980,10
938,0.0030170558020472527,ProgressiveNet,4470020,734980,10
939,0.003008767031133175,ProgressiveNet,4470020,734980,10
940,0.003009827109053731,ProgressiveNet,4470020,734980,10
941,0.0030094869434833527,ProgressiveNet,4470020,734980,10
942,0.0030111868400126696,ProgressiveNet,4470020,734980,10
943,0.003001636825501919,ProgressiveNet,4470020,734980,10
944,0.0030224269721657038,ProgressiveNet,4470020,734980,10
945,0.0029999359976500273,ProgressiveNet,4470020,734980,10
946,0.003004956990480423,ProgressiveNet,4470020,734980,10
947,0.003077436937019229,ProgressiveNet,4470020,734980,10
948,0.003001406090334058,ProgressiveNet,4470020,734980,10
949,0.003006977029144764,ProgressiveNet,4470020,734980,10
950,0.003003977006301284,ProgressiveNet,4470020,734980,10
951,0.003002036130055785,ProgressiveNet,4470020,734980,10
952,0.002994556911289692,ProgressiveNet,4470020,734980,10
953,0.0030055271927267313,ProgressiveNet,4470020,734980,10
954,0.003013057168573141,ProgressiveNet,4470020,734980,10
955,0.003010505810379982,ProgressiveNet,4470020,734980,10
956,0.0030067667830735445,ProgressiveNet,4470020,734980,10
957,0.002999566961079836,ProgressiveNet,4470020,734980,10
958,0.0030075169634073973,ProgressiveNet,4470020,734980,10
959,0.0029953359626233578,ProgressiveNet,4470020,734980,10
960,0.00300388690084219,ProgressiveNet,4470020,734980,10
961,0.0030049870256334543,ProgressiveNet,4470020,734980,10
962,0.0030073660891503096,ProgressiveNet,4470020,734980,10
963,0.0030061770230531693,ProgressiveNet,4470020,734980,10
964,0.0030026568565517664,ProgressiveNet,4470020,734980,10
965,0.0030029870104044676,ProgressiveNet,4470020,734980,10
966,0.003012696048244834,ProgressiveNet,4470020,734980,10
967,0.0030214071739465,ProgressiveNet,4470020,734980,10
968,0.003028946928679943,ProgressiveNet,4470020,734980,10
969,0.0030202760826796293,ProgressiveNet,4470020,734980,10
970,0.003005407052114606,ProgressiveNet,4470020,734980,10
971,0.003008916974067688,ProgressiveNet,4470020,734980,10
972,0.0030171761754900217,ProgressiveNet,4470020,734980,10
973,0.003009737003594637,ProgressiveNet,4470020,734980,10
974,0.0030108571518212557,ProgressiveNet,4470020,734980,10
975,0.003024966921657324,ProgressiveNet,4470020,734980,10
976,0.0030077570118010044,ProgressiveNet,4470020,734980,10
977,0.0030055169481784105,ProgressiveNet,4470020,734980,10
978,0.0030113470274955034,ProgressiveNet,4470020,734980,10
979,0.0030106159392744303,ProgressiveNet,4470020,734980,10
980,0.0030391868203878403,ProgressiveNet,4470020,734980,10
981,0.0030078268609941006,ProgressiveNet,4470020,734980,10
982,0.0030001159757375717,ProgressiveNet,4470020,734980,10
983,0.003074666950851679,ProgressiveNet,4470020,734980,10
984,0.0030139461159706116,ProgressiveNet,4470020,734980,10
985,0.003009357023984194,ProgressiveNet,4470020,734980,10
986,0.003003766993060708,ProgressiveNet,4470020,734980,10
987,0.003001886885613203,ProgressiveNet,4470020,734980,10
988,0.0030147661454975605,ProgressiveNet,4470020,734980,10
989,0.0030141070019453764,ProgressiveNet,4470020,734980,10
990,0.0030099069699645042,ProgressiveNet,4470020,734980,10
991,0.0030006461311131716,ProgressiveNet,4470020,734980,10
992,0.003010357031598687,ProgressiveNet,4470020,734980,10
993,0.0030766669660806656,ProgressiveNet,4470020,734980,10
994,0.0030082957819104195,ProgressiveNet,4470020,734980,10
995,0.0030117169953882694,ProgressiveNet,4470020,734980,10
996,0.0030209170654416084,ProgressiveNet,4470020,734980,10
997,0.0030228961259126663,ProgressiveNet,4470020,734980,10
998,0.0030123169999569654,ProgressiveNet,4470020,734980,10
999,0.003007776802405715,ProgressiveNet,4470020,734980,10
1000,0.0030231259297579527,ProgressiveNet,4470020,734980,10
1001,0.003026326885446906,ProgressiveNet,4470020,734980,10
1002,0.0030568859074264765,ProgressiveNet,4470020,734980,10
1003,0.0030628670938313007,ProgressiveNet,4470020,734980,10
1004,0.0030368571169674397,ProgressiveNet,4470020,734980,10
1005,0.0030391360633075237,ProgressiveNet,4470020,734980,10
1006,0.003036706941202283,ProgressiveNet,4470020,734980,10
1007,0.0030552460812032223,ProgressiveNet,4470020,734980,10
1008,0.0030174371786415577,ProgressiveNet,4470020,734980,10
1009,0.0030446460004895926,ProgressiveNet,4470020,734980,10
1010,0.003009876934811473,ProgressiveNet,4470020,734980,10
1011,0.003009597072377801,ProgressiveNet,4470020,734980,10
1012,0.0030134771950542927,ProgressiveNet,4470020,734980,10
1013,0.0030377269722521305,ProgressiveNet,4470020,734980,10
1014,0.0030447670724242926,ProgressiveNet,4470020,734980,10
1015,0.0030080159194767475,ProgressiveNet,4470020,734980,10
1016,0.003004587022587657,ProgressiveNet,4470020,734980,10
1017,0.0030156068969517946,ProgressiveNet,4470020,734980,10
1018,0.0030042859725654125,ProgressiveNet,4470020,734980,10
1019,0.0030092571396380663,ProgressiveNet,4470020,734980,10
1020,0.0030088070780038834,ProgressiveNet,4470020,734980,10
1021,0.0030113470274955034,ProgressiveNet,4470020,734980,10
1022,0.003016415983438492,ProgressiveNet,4470020,734980,10
1023,0.0030201070476323366,ProgressiveNet,4470020,734980,10
1024,0.0030259471386671066,ProgressiveNet,4470020,734980,10
1025,0.0030077958945184946,ProgressiveNet,4470020,734980,10
1026,0.003007476916536689,ProgressiveNet,4470020,734980,10
1027,0.0030086468905210495,ProgressiveNet,4470020,734980,10
1028,0.0030083858873695135,ProgressiveNet,4470020,734980,10
1029,0.003001866862177849,ProgressiveNet,4470020,734980,10
1030,0.0030167268123477697,ProgressiveNet,4470020,734980,10
1031,0.0029974470380693674,ProgressiveNet,4470020,734980,10
1032,0.0030050671193748713,ProgressiveNet,4470020,734980,10
1033,0.003003847086802125,ProgressiveNet,4470020,734980,10
1034,0.003000477096065879,ProgressiveNet,4470020,734980,10
1035,0.003003617050126195,ProgressiveNet,4470020,734980,10
1036,0.0029972761403769255,ProgressiveNet,4470020,734980,10
1037,0.003014086978510022,ProgressiveNet,4470020,734980,10
1038,0.0030221969354897738,ProgressiveNet,4470020,734980,10
1039,0.003012165892869234,ProgressiveNet,4470020,734980,10
1040,0.003011896973475814,ProgressiveNet,4470020,734980,10
1041,0.0029984069988131523,ProgressiveNet,4470020,734980,10
1042,0.0030039071571081877,ProgressiveNet,4470020,734980,10
1043,0.003008236177265644,ProgressiveNet,4470020,734980,10
1044,0.0030080669093877077,ProgressiveNet,4470020,734980,10
1045,0.0030047069303691387,ProgressiveNet,4470020,734980,10
1046,0.0030677460599690676,ProgressiveNet,4470020,734980,10
1047,0.003000316908583045,ProgressiveNet,4470020,734980,10
1048,0.003008706960827112,ProgressiveNet,4470020,734980,10
1049,0.003003146033734083,ProgressiveNet,4470020,734980,10
1050,0.003011976834386587,ProgressiveNet,4470020,734980,10
1051,0.0030353569891303778,ProgressiveNet,4470020,734980,10
1052,0.003043025964871049,ProgressiveNet,4470020,734980,10
1053,0.0030015569645911455,ProgressiveNet,4470020,734980,10
1054,0.003002407029271126,ProgressiveNet,4470020,734980,10
1055,0.003004235913977027,ProgressiveNet,4470020,734980,10
1056,0.00301034701988101,ProgressiveNet,4470020,734980,10
1057,0.0030088769271969795,ProgressiveNet,4470020,734980,10
1058,0.002995917107909918,ProgressiveNet,4470020,734980,10
1059,0.0029938758816570044,ProgressiveNet,4470020,734980,10
1060,0.004045803099870682,ProgressiveNet,4470020,734980,10
1061,0.003015117021277547,ProgressiveNet,4470020,734980,10
1062,0.0029952770564705133,ProgressiveNet,4470020,734980,10
1063,0.0030040869023650885,ProgressiveNet,4470020,734980,10
1064,0.0029994258657097816,ProgressiveNet,4470020,734980,10
1065,0.00300381681881845,ProgressiveNet,4470020,734980,10
1066,0.0030036871321499348,ProgressiveNet,4470020,734980,10
1067,0.002992776921018958,ProgressiveNet,4470020,734980,10
1068,0.002999437041580677,ProgressiveNet,4470020,734980,10
1069,0.0029974370263516903,ProgressiveNet,4470020,734980,10
1070,0.003013776848092675,ProgressiveNet,4470020,734980,10
1071,0.002995146904140711,ProgressiveNet,4470020,734980,10
1072,0.003014136105775833,ProgressiveNet,4470020,734980,10
1073,0.0029997271485626698,ProgressiveNet,4470020,734980,10
1074,0.003003707155585289,ProgressiveNet,4470020,734980,10
1075,0.0029996170196682215,ProgressiveNet,4470020,734980,10
1076,0.0030034559313207865,ProgressiveNet,4470020,734980,10
1077,0.0030005169101059437,ProgressiveNet,4470020,734980,10
1078,0.0029919869266450405,ProgressiveNet,4470020,734980,10
1079,0.0030671260319650173,ProgressiveNet,4470020,734980,10
1080,0.0029999769758433104,ProgressiveNet,4470020,734980,10
1081,0.003002637065947056,ProgressiveNet,4470020,734980,10
1082,0.0029983469285070896,ProgressiveNet,4470020,734980,10
1083,0.0030049060005694628,ProgressiveNet,4470020,734980,10
1084,0.0029945969581604004,ProgressiveNet,4470020,734980,10
1085,0.0030059171840548515,ProgressiveNet,4470020,734980,10
1086,0.0030052470974624157,ProgressiveNet,4470020,734980,10
1087,0.003001366974785924,ProgressiveNet,4470020,734980,10
1088,0.0030026868917047977,ProgressiveNet,4470020,734980,10
1089,0.0029972170013934374,ProgressiveNet,4470020,734980,10
1090,0.002988426946103573,ProgressiveNet,4470020,734980,10
1091,0.0029927161522209644,ProgressiveNet,4470020,734980,10
1092,0.0029856569599360228,ProgressiveNet,4470020,734980,10
1093,0.002980847144499421,ProgressiveNet,4470020,734980,10
1094,0.0029850469436496496,ProgressiveNet,4470020,734980,10
1095,0.002982317004352808,ProgressiveNet,4470020,734980,10
1096,0.0029971059411764145,ProgressiveNet,4470020,734980,10
1097,0.002990016946569085,ProgressiveNet,4470020,734980,10
1098,0.002987697022035718,ProgressiveNet,4470020,734980,10
1099,0.002985836938023567,ProgressiveNet,4470020,734980,10
1100,0.0029873268213123083,ProgressiveNet,4470020,734980,10
1101,0.0029874371830374002,ProgressiveNet,4470020,734980,10
1102,0.0029992370400577784,ProgressiveNet,4470020,734980,10
1103,0.0029901769012212753,ProgressiveNet,4470020,734980,10
1104,0.002989477012306452,ProgressiveNet,4470020,734980,10
1105,0.002988297026604414,ProgressiveNet,4470020,734980,10
1106,0.0029943061526864767,ProgressiveNet,4470020,734980,10
1107,0.0029883270617574453,ProgressiveNet,4470020,734980,10
1108,0.0029870469588786364,ProgressiveNet,4470020,734980,10
1109,0.0029784569051116705,ProgressiveNet,4470020,734980,10
1110,0.0030020768754184246,ProgressiveNet,4470020,734980,10
1111,0.0029814860317856073,ProgressiveNet,4470020,734980,10
1112,0.003027076832950115,ProgressiveNet,4470020,734980,10
1113,0.003003607038408518,ProgressiveNet,4470020,734980,10
1114,0.0029922069516032934,ProgressiveNet,4470020,734980,10
1115,0.002997135976329446,ProgressiveNet,4470020,734980,10
1116,0.0029807270038872957,ProgressiveNet,4470020,734980,10
1117,0.002987006912007928,ProgressiveNet,4470020,734980,10
1118,0.0029865470714867115,ProgressiveNet,4470020,734980,10
1119,0.002984707010909915,ProgressiveNet,4470020,734980,10
1120,0.0030183258932083845,ProgressiveNet,4470020,734980,10
1121,0.003026926890015602,ProgressiveNet,4470020,734980,10
1122,0.00298305694013834,ProgressiveNet,4470020,734980,10
1123,0.002988356864079833,ProgressiveNet,4470020,734980,10
1124,0.0030055458191782236,ProgressiveNet,4470020,734980,10
1125,0.0029839370399713516,ProgressiveNet,4470020,734980,10
1126,0.0029824068769812584,ProgressiveNet,4470020,734980,10
1127,0.002978486940264702,ProgressiveNet,4470020,734980,10
1128,0.002983276965096593,ProgressiveNet,4470020,734980,10
1129,0.002982896054163575,ProgressiveNet,4470020,734980,10
1130,0.002976807067170739,ProgressiveNet,4470020,734980,10
1131,0.002980757039040327,ProgressiveNet,4470020,734980,10
1132,0.0029824371449649334,ProgressiveNet,4470020,734980,10
1133,0.0029816769529134035,ProgressiveNet,4470020,734980,10
1134,0.002989646978676319,ProgressiveNet,4470020,734980,10
1135,0.002982146106660366,ProgressiveNet,4470020,734980,10
1136,0.0029898169450461864,ProgressiveNet,4470020,734980,10
1137,0.0029832872096449137,ProgressiveNet,4470020,734980,10
1138,0.003008997067809105,ProgressiveNet,4470020,734980,10
1139,0.003009786829352379,ProgressiveNet,4470020,734980,10
1140,0.0029960270039737225,ProgressiveNet,4470020,734980,10
1141,0.002993697067722678,ProgressiveNet,4470020,734980,10
1142,0.0029972170013934374,ProgressiveNet,4470020,734980,10
1143,0.002997037023305893,ProgressiveNet,4470020,734980,10
1144,0.0030152960680425167,ProgressiveNet,4470020,734980,10
1145,0.0030325870029628277,ProgressiveNet,4470020,734980,10
1146,0.003037376096472144,ProgressiveNet,4470020,734980,10
1147,0.0030642871279269457,ProgressiveNet,4470020,734980,10
1148,0.003005696926265955,ProgressiveNet,4470020,734980,10
1149,0.003005955833941698,ProgressiveNet,4470020,734980,10
1150,0.002997857052832842,ProgressiveNet,4470020,734980,10
1151,0.0030069570057094097,ProgressiveNet,4470020,734980,10
1152,0.0029967371374368668,ProgressiveNet,4470020,734980,10
1153,0.003001695964485407,ProgressiveNet,4470020,734980,10
1154,0.003019927069544792,ProgressiveNet,4470020,734980,10
1155,0.0030181470792740583,ProgressiveNet,4470020,734980,10
1156,0.0030220160260796547,ProgressiveNet,4470020,734980,10
1157,0.0030092468950897455,ProgressiveNet,4470020,734980,10
1158,0.0029993169009685516,ProgressiveNet,4470020,734980,10
1159,0.0030083958990871906,ProgressiveNet,4470020,734980,10
1160,0.0030204670038074255,ProgressiveNet,4470020,734980,10
1161,0.0030218770261853933,ProgressiveNet,4470020,734980,10
1162,0.003012286964803934,ProgressiveNet,4470020,734980,10
1163,0.0030004861764609814,ProgressiveNet,4470020,734980,10
1164,0.003003617050126195,ProgressiveNet,4470020,734980,10
1165,0.0030158469453454018,ProgressiveNet,4470020,734980,10
1166,0.0030795659404248,ProgressiveNet,4470020,734980,10
1167,0.0030077670235186815,ProgressiveNet,4470020,734980,10
1168,0.0029989969916641712,ProgressiveNet,4470020,734980,10
1169,0.0030054370872676373,ProgressiveNet,4470020,734980,10
1170,0.0030032170470803976,ProgressiveNet,4470020,734980,10
1171,0.0030055169481784105,ProgressiveNet,4470020,734980,10
1172,0.00301011698320508,ProgressiveNet,4470020,734980,10
1173,0.003008326981216669,ProgressiveNet,4470020,734980,10
1174,0.0030090271029621363,ProgressiveNet,4470020,734980,10
1175,0.0030044568702578545,ProgressiveNet,4470020,734980,10
1176,0.003006265964359045,ProgressiveNet,4470020,734980,10
1177,0.0029928069561719894,ProgressiveNet,4470020,734980,10
1178,0.003026546910405159,ProgressiveNet,4470020,734980,10
1179,0.0030268661212176085,ProgressiveNet,4470020,734980,10
1180,0.0030011169146746397,ProgressiveNet,4470020,734980,10
1181,0.003002616809681058,ProgressiveNet,4470020,734980,10
1182,0.002995467046275735,ProgressiveNet,4470020,734980,10
1183,0.0030005460139364004,ProgressiveNet,4470020,734980,10
1184,0.0030010270420461893,ProgressiveNet,4470020,734980,10
1185,0.0030057469848543406,ProgressiveNet,4470020,734980,10
1186,0.0030049169436097145,ProgressiveNet,4470020,734980,10
1187,0.003001705976203084,ProgressiveNet,4470020,734980,10
1188,0.003003977006301284,ProgressiveNet,4470020,734980,10
1189,0.003032697131857276,ProgressiveNet,4470020,734980,10
1190,0.0030388259328901768,ProgressiveNet,4470020,734980,10
1191,0.0029976970981806517,ProgressiveNet,4470020,734980,10
1192,0.003004956990480423,ProgressiveNet,4470020,734980,10
1193,0.0030122860334813595,ProgressiveNet,4470020,734980,10
1194,0.0030128569342195988,ProgressiveNet,4470020,734980,10
1195,0.0030097668059170246,ProgressiveNet,4470020,734980,10
1196,0.003005316946655512,ProgressiveNet,4470020,734980,10
1197,0.003019836964085698,ProgressiveNet,4470020,734980,10
1198,0.003003546968102455,ProgressiveNet,4470020,734980,10
1199,0.003004716942086816,ProgressiveNet,4470020,734980,10
1200,0.0029983168933540583,ProgressiveNet,4470020,734980,10
1201,0.0029967371374368668,ProgressiveNet,4470020,734980,10
1202,0.003001767210662365,ProgressiveNet,4470020,734980,10
1203,0.0029967469163239002,ProgressiveNet,4470020,734980,10
1204,0.0030066559556871653,ProgressiveNet,4470020,734980,10
1205,0.0029999869875609875,ProgressiveNet,4470020,734980,10
1206,0.0030055970419198275,ProgressiveNet,4470020,734980,10
1207,0.00300011713989079,ProgressiveNet,4470020,734980,10
1208,0.003003216115757823,ProgressiveNet,4470020,734980,10
1209,0.0030033569782972336,ProgressiveNet,4470020,734980,10
1210,0.0030016370583325624,ProgressiveNet,4470020,734980,10
1211,0.003000247059389949,ProgressiveNet,4470020,734980,10
1212,0.0030709058046340942,ProgressiveNet,4470020,734980,10
1213,0.0030101370066404343,ProgressiveNet,4470020,734980,10
1214,0.00301006599329412,ProgressiveNet,4470020,734980,10
1215,0.003010096959769726,ProgressiveNet,4470020,734980,10
1216,0.003002277109771967,ProgressiveNet,4470020,734980,10
1217,0.003011086955666542,ProgressiveNet,4470020,734980,10
1218,0.0030083460733294487,ProgressiveNet,4470020,734980,10
1219,0.003008096944540739,ProgressiveNet,4470020,734980,10
1220,0.003000027034431696,ProgressiveNet,4470020,734980,10
1221,0.0030132359825074673,ProgressiveNet,4470020,734980,10
1222,0.003004287136718631,ProgressiveNet,4470020,734980,10
1223,0.0030040571000427008,ProgressiveNet,4470020,734980,10
1224,0.0030129968654364347,ProgressiveNet,4470020,734980,10
1225,0.003002976067364216,ProgressiveNet,4470020,734980,10
1226,0.003005626844242215,ProgressiveNet,4470020,734980,10
1227,0.0030052869115024805,ProgressiveNet,4470020,734980,10
1228,0.003005997044965625,ProgressiveNet,4470020,734980,10
1229,0.003014457179233432,ProgressiveNet,4470020,734980,10
1230,0.0030085567850619555,ProgressiveNet,4470020,734980,10
1231,0.003006167011335492,ProgressiveNet,4470020,734980,10
1232,0.0030064359307289124,ProgressiveNet,4470020,734980,10
1233,0.0030024568550288677,ProgressiveNet,4470020,734980,10
1234,0.003014377085492015,ProgressiveNet,4470020,734980,10
1235,0.002997857052832842,ProgressiveNet,4470020,734980,10
1236,0.0030104259494692087,ProgressiveNet,4470020,734980,10
1237,0.0029969769529998302,ProgressiveNet,4470020,734980,10
1238,0.0030131870880723,ProgressiveNet,4470020,734980,10
1239,0.0030067169573158026,ProgressiveNet,4470020,734980,10
1240,0.003000275930389762,ProgressiveNet,4470020,734980,10
1241,0.0030074669048190117,ProgressiveNet,4470020,734980,10
1242,0.0029983469285070896,ProgressiveNet,4470020,734980,10
1243,0.0030050561763346195,ProgressiveNet,4470020,734980,10
1244,0.003003697143867612,ProgressiveNet,4470020,734980,10
1245,0.0030673369765281677,ProgressiveNet,4470020,734980,10
1246,0.0029956658836454153,ProgressiveNet,4470020,734980,10
1247,0.003008627099916339,ProgressiveNet,4470020,734980,10
1248,0.0030014270450919867,ProgressiveNet,4470020,734980,10
1249,0.0030181959737092257,ProgressiveNet,4470020,734980,10
1250,0.0030086569022387266,ProgressiveNet,4470020,734980,10
1251,0.003004266880452633,ProgressiveNet,4470020,734980,10
1252,0.0030076170805841684,ProgressiveNet,4470020,734980,10
1253,0.003006245940923691,ProgressiveNet,4470020,734980,10
1254,0.0029978668317198753,ProgressiveNet,4470020,734980,10
1255,0.0029952269978821278,ProgressiveNet,4470020,734980,10
1256,0.003020287025719881,ProgressiveNet,4470020,734980,10
1257,0.0029988158494234085,ProgressiveNet,4470020,734980,10
1258,0.0030418571550399065,ProgressiveNet,4470020,734980,10
1259,0.0030434359796345234,ProgressiveNet,4470020,734980,10
1260,0.0030043069273233414,ProgressiveNet,4470020,734980,10
1261,0.00300235697068274,ProgressiveNet,4470020,734980,10
1262,0.003010836895555258,ProgressiveNet,4470020,734980,10
1263,0.003006336046382785,ProgressiveNet,4470020,734980,10
1264,0.003014086978510022,ProgressiveNet,4470020,734980,10
1265,0.003012866945937276,ProgressiveNet,4470020,734980,10
1266,0.0030150660313665867,ProgressiveNet,4470020,734980,10
1267,0.0030027569737285376,ProgressiveNet,4470020,734980,10
1268,0.0030043369624763727,ProgressiveNet,4470020,734980,10
1269,0.0030034270603209734,ProgressiveNet,4470020,734980,10
1270,0.0030130359809845686,ProgressiveNet,4470020,734980,10
1271,0.0030034170486032963,ProgressiveNet,4470020,734980,10
1272,0.0030010167974978685,ProgressiveNet,4470020,734980,10
1273,0.0030049069318920374,ProgressiveNet,4470020,734980,10
1274,0.0029960160609334707,ProgressiveNet,4470020,734980,10
1275,0.0030027669854462147,ProgressiveNet,4470020,734980,10
1276,0.003003756981343031,ProgressiveNet,4470020,734980,10
1277,0.00300404685549438,ProgressiveNet,4470020,734980,10
1278,0.0030676170717924833,ProgressiveNet,4470020,734980,10
1279,0.0029949068557471037,ProgressiveNet,4470020,734980,10
1280,0.0029973669443279505,ProgressiveNet,4470020,734980,10
1281,0.0030010859481990337,ProgressiveNet,4470020,734980,10
1282,0.0030028969049453735,ProgressiveNet,4470020,734980,10
1283,0.003003536956384778,ProgressiveNet,4470020,734980,10
1284,0.003002116922289133,ProgressiveNet,4470020,734980,10
1285,0.002999276854097843,ProgressiveNet,4470020,734980,10
1286,0.003002936951816082,ProgressiveNet,4470020,734980,10
1287,0.0030025269370526075,ProgressiveNet,4470020,734980,10
1288,0.003005895996466279,ProgressiveNet,4470020,734980,10
1289,0.0030005371663719416,ProgressiveNet,4470020,734980,10
1290,0.003007126972079277,ProgressiveNet,4470020,734980,10
1291,0.0029967171140015125,ProgressiveNet,4470020,734980,10
1292,0.002993656788021326,ProgressiveNet,4470020,734980,10
1293,0.00299658696167171,ProgressiveNet,4470020,734980,10
1294,0.0029957969672977924,ProgressiveNet,4470020,734980,10
1295,0.0029970970936119556,ProgressiveNet,4470020,734980,10
1296,0.002992026973515749,ProgressiveNet,4470020,734980,10
1297,0.002993605798110366,ProgressiveNet,4470020,734980,10
1298,0.0029932570178061724,ProgressiveNet,4470020,734980,10
1299,0.002994196955114603,ProgressiveNet,4470020,734980,10
1300,0.0029866870027035475,ProgressiveNet,4470020,734980,10
1301,0.0029990270268172026,ProgressiveNet,4470020,734980,10
1302,0.0030011869966983795,ProgressiveNet,4470020,734980,10
1303,0.002995827002450824,ProgressiveNet,4470020,734980,10
1304,0.0029871470760554075,ProgressiveNet,4470020,734980,10
1305,0.003005166072398424,ProgressiveNet,4470020,734980,10
1306,0.0030211368575692177,ProgressiveNet,4470020,734980,10
1307,0.0030192071571946144,ProgressiveNet,4470020,734980,10
1308,0.0030160259921103716,ProgressiveNet,4470020,734980,10
1309,0.0030032971408218145,ProgressiveNet,4470020,734980,10
1310,0.003009817097336054,ProgressiveNet,4470020,734980,10
1311,0.0030173971317708492,ProgressiveNet,4470020,734980,10
1312,0.0029942758847028017,ProgressiveNet,4470020,734980,10
1313,0.002997396979480982,ProgressiveNet,4470020,734980,10
1314,0.00306139700114727,ProgressiveNet,4470020,734980,10
1315,0.003069555852562189,ProgressiveNet,4470020,734980,10
1316,0.0030016270466148853,ProgressiveNet,4470020,734980,10
1317,0.003077795961871743,ProgressiveNet,4470020,734980,10
1318,0.003004886908456683,ProgressiveNet,4470020,734980,10
1319,0.0030102869495749474,ProgressiveNet,4470020,734980,10
1320,0.0030055560637265444,ProgressiveNet,4470020,734980,10
1321,0.0030150271486490965,ProgressiveNet,4470020,734980,10
1322,0.003063787007704377,ProgressiveNet,4470020,734980,10
1323,0.003079805988818407,ProgressiveNet,4470020,734980,10
1324,0.0031139759812504053,ProgressiveNet,4470020,734980,10
1325,0.003012067172676325,ProgressiveNet,4470020,734980,10
1326,0.0030034470837563276,ProgressiveNet,4470020,734980,10
1327,0.0030742459930479527,ProgressiveNet,4470020,734980,10
1328,0.0030094869434833527,ProgressiveNet,4470020,734980,10
1329,0.0029990070033818483,ProgressiveNet,4470020,734980,10
1330,0.0029903061222285032,ProgressiveNet,4470020,734980,10
1331,0.003010466927662492,ProgressiveNet,4470020,734980,10
1332,0.0029980868566781282,ProgressiveNet,4470020,734980,10
1333,0.0030738958157598972,ProgressiveNet,4470020,734980,10
1334,0.0030032468494027853,ProgressiveNet,4470020,734980,10
1335,0.0029979869723320007,ProgressiveNet,4470020,734980,10
1336,0.0029971362091600895,ProgressiveNet,4470020,734980,10
1337,0.0030006070155650377,ProgressiveNet,4470020,734980,10
1338,0.0030063469894230366,ProgressiveNet,4470020,734980,10
1339,0.0030090368818491697,ProgressiveNet,4470020,734980,10
1340,0.003009855980053544,ProgressiveNet,4470020,734980,10
1341,0.0038128038868308067,ProgressiveNet,4470020,734980,10
1342,0.003260866040363908,ProgressiveNet,4470020,734980,10
1343,0.0030277071055024862,ProgressiveNet,4470020,734980,10
1344,0.00309593603014946,ProgressiveNet,4470020,734980,10
1345,0.0030573259573429823,ProgressiveNet,4470020,734980,10
1346,0.0030262370128184557,ProgressiveNet,4470020,734980,10
1347,0.003053366905078292,ProgressiveNet,4470020,734980,10
1348,0.0030063160229474306,ProgressiveNet,4470020,734980,10
1349,0.00300427689217031,ProgressiveNet,4470020,734980,10
1350,0.0030199869070202112,ProgressiveNet,4470020,734980,10
1351,0.003009806154295802,ProgressiveNet,4470020,734980,10
1352,0.003015416907146573,ProgressiveNet,4470020,734980,10
1353,0.003013557055965066,ProgressiveNet,4470020,734980,10
1354,0.0030119370203465223,ProgressiveNet,4470020,734980,10
1355,0.003007316030561924,ProgressiveNet,4470020,734980,10
1356,0.003007856896147132,ProgressiveNet,4470020,734980,10
1357,0.0030042470898479223,ProgressiveNet,4470020,734980,10
1358,0.0030129358638077974,ProgressiveNet,4470020,734980,10
1359,0.003003387013450265,ProgressiveNet,4470020,734980,10
1360,0.003005637088790536,ProgressiveNet,4470020,734980,10
1361,0.0030072468798607588,ProgressiveNet,4470020,734980,10
1362,0.0030025967862457037,ProgressiveNet,4470020,734980,10
1363,0.003007496939972043,ProgressiveNet,4470020,734980,10
1364,0.00302556692622602,ProgressiveNet,4470020,734980,10
1365,0.003013825975358486,ProgressiveNet,4470020,734980,10
1366,0.0030263469088822603,ProgressiveNet,4470020,734980,10
1367,0.003000106895342469,ProgressiveNet,4470020,734980,10
1368,0.0030136359855532646,ProgressiveNet,4470020,734980,10
1369,0.003007876919582486,ProgressiveNet,4470020,734980,10
1370,0.0030100869480520487,ProgressiveNet,4470020,734980,10
1371,0.003003927180543542,ProgressiveNet,4470020,734980,10
1372,0.003001975826919079,ProgressiveNet,4470020,734980,10
1373,0.0030042571015655994,ProgressiveNet,4470020,734980,10
1374,0.0030009669717401266,ProgressiveNet,4470020,734980,10
1375,0.003002127166837454,ProgressiveNet,4470020,734980,10
1376,0.0030037560500204563,ProgressiveNet,4470020,734980,10
1377,0.003076937049627304,ProgressiveNet,4470020,734980,10
1378,0.0029914670158177614,ProgressiveNet,4470020,734980,10
1379,0.0029963369015604258,ProgressiveNet,4470020,734980,10
1380,0.00299443700350821,ProgressiveNet,4470020,734980,10
1381,0.0030061970464885235,ProgressiveNet,4470020,734980,10
1382,0.0030069169588387012,ProgressiveNet,4470020,734980,10
1383,0.0029972868505865335,ProgressiveNet,4470020,734980,10
1384,0.0029973869677633047,ProgressiveNet,4470020,734980,10
1385,0.003000786993652582,ProgressiveNet,4470020,734980,10
1386,0.002995746908709407,ProgressiveNet,4470020,734980,10
1387,0.0029909659642726183,ProgressiveNet,4470020,734980,10
1388,0.003002946963533759,ProgressiveNet,4470020,734980,10
1389,0.0030044671148061752,ProgressiveNet,4470020,734980,10
1390,0.0029888669960200787,ProgressiveNet,4470020,734980,10
1391,0.0029933559708297253,ProgressiveNet,4470020,734980,10
1392,0.0029994871001690626,ProgressiveNet,4470020,734980,10
1393,0.002995247021317482,ProgressiveNet,4470020,734980,10
1394,0.003016697010025382,ProgressiveNet,4470020,734980,10
1395,0.0030042959842830896,ProgressiveNet,4470020,734980,10
1396,0.0030057569965720177,ProgressiveNet,4470020,734980,10
1397,0.003000106895342469,ProgressiveNet,4470020,734980,10
1398,0.0029996170196682215,ProgressiveNet,4470020,734980,10
1399,0.0030031560454517603,ProgressiveNet,4470020,734980,10
1400,0.003007856896147132,ProgressiveNet,4470020,734980,10
1401,0.0030070669017732143,ProgressiveNet,4470020,734980,10
1402,0.0029992060735821724,ProgressiveNet,4470020,734980,10
1403,0.0029991171322762966,ProgressiveNet,4470020,734980,10
1404,0.003002897137776017,ProgressiveNet,4470020,734980,10
1405,0.0030076170805841684,ProgressiveNet,4470020,734980,10
1406,0.003008896019309759,ProgressiveNet,4470020,734980,10
1407,0.002999956952407956,ProgressiveNet,4470020,734980,10
1408,0.0030002968851476908,ProgressiveNet,4470020,734980,10
1409,0.003003766993060708,ProgressiveNet,4470020,734980,10
1410,0.0030426261946558952,ProgressiveNet,4470020,734980,10
1411,0.0030002971179783344,ProgressiveNet,4470020,734980,10
1412,0.003002277109771967,ProgressiveNet,4470020,734980,10
1413,0.0029962160624563694,ProgressiveNet,4470020,734980,10
1414,0.002998027019202709,ProgressiveNet,4470020,734980,10
1415,0.002996297087520361,ProgressiveNet,4470020,734980,10
1416,0.003003666875883937,ProgressiveNet,4470020,734980,10
1417,0.002995037008076906,ProgressiveNet,4470020,734980,10
1418,0.0030002070125192404,ProgressiveNet,4470020,734980,10
1419,0.0030689770355820656,ProgressiveNet,4470020,734980,10
1420,0.003003195859491825,ProgressiveNet,4470020,734980,10
1421,0.002996276831254363,ProgressiveNet,4470020,734980,10
1422,0.002998446812853217,ProgressiveNet,4470020,734980,10
1423,0.0029973769560456276,ProgressiveNet,4470020,734980,10
1424,0.0030041858553886414,ProgressiveNet,4470020,734980,10
1425,0.003005106933414936,ProgressiveNet,4470020,734980,10
1426,0.003011826891452074,ProgressiveNet,4470020,734980,10
1427,0.0030032170470803976,ProgressiveNet,4470020,734980,10
1428,0.003000415861606598,ProgressiveNet,4470020,734980,10
1429,0.002999796997755766,ProgressiveNet,4470020,734980,10
1430,0.0029974570497870445,ProgressiveNet,4470020,734980,10
1431,0.003003637073561549,ProgressiveNet,4470020,734980,10
1432,0.0030008358880877495,ProgressiveNet,4470020,734980,10
1433,0.0030028768815100193,ProgressiveNet,4470020,734980,10
1434,0.00299681699834764,ProgressiveNet,4470020,734980,10
1435,0.00299374689348042,ProgressiveNet,4470020,734980,10
1436,0.0030043460428714752,ProgressiveNet,4470020,734980,10
1437,0.0029993371572345495,ProgressiveNet,4470020,734980,10
1438,0.0030077470000833273,ProgressiveNet,4470020,734980,10
1439,0.0030046869069337845,ProgressiveNet,4470020,734980,10
1440,0.0029994959477335215,ProgressiveNet,4470020,734980,10
1441,0.0030018070247024298,ProgressiveNet,4470020,734980,10
1442,0.002995627000927925,ProgressiveNet,4470020,734980,10
1443,0.0030090671498328447,ProgressiveNet,4470020,734980,10
1444,0.003058935981243849,ProgressiveNet,4470020,734980,10
1445,0.0030012368224561214,ProgressiveNet,4470020,734980,10
1446,0.002993146888911724,ProgressiveNet,4470020,734980,10
1447,0.003004716942086816,ProgressiveNet,4470020,734980,10
1448,0.003006987040862441,ProgressiveNet,4470020,734980,10
1449,0.0030032270587980747,ProgressiveNet,4470020,734980,10
1450,0.002999016083776951,ProgressiveNet,4470020,734980,10
1451,0.003008306957781315,ProgressiveNet,4470020,734980,10
1452,0.0030048370826989412,ProgressiveNet,4470020,734980,10
1453,0.0030055970419198275,ProgressiveNet,4470020,734980,10
1454,0.0029991259798407555,ProgressiveNet,4470020,734980,10
1455,0.0030092669185250998,ProgressiveNet,4470020,734980,10
1456,0.003008787054568529,ProgressiveNet,4470020,734980,10
1457,0.003003777004778385,ProgressiveNet,4470020,734980,10
1458,0.0030005560256540775,ProgressiveNet,4470020,734980,10
1459,0.0030049069318920374,ProgressiveNet,4470020,734980,10
1460,0.0030043369624763727,ProgressiveNet,4470020,734980,10
1461,0.0030065870378166437,ProgressiveNet,4470020,734980,10
1462,0.0030104268807917833,ProgressiveNet,4470020,734980,10
1463,0.0030054068192839622,ProgressiveNet,4470020,734980,10
1464,0.003042415948584676,ProgressiveNet,4470020,734980,10
1465,0.003043896984308958,ProgressiveNet,4470020,734980,10
1466,0.0029985769651830196,ProgressiveNet,4470020,734980,10
1467,0.0029918968211859465,ProgressiveNet,4470020,734980,10
1468,0.003002605866640806,ProgressiveNet,4470020,734980,10
1469,0.0029980670660734177,ProgressiveNet,4470020,734980,10
1470,0.0029986868612468243,ProgressiveNet,4470020,734980,10
1471,0.002997936913743615,ProgressiveNet,4470020,734980,10
1472,0.003012455999851227,ProgressiveNet,4470020,734980,10
1473,0.003021707059815526,ProgressiveNet,4470020,734980,10
1474,0.0030115770641714334,ProgressiveNet,4470020,734980,10
1475,0.0030234060250222683,ProgressiveNet,4470020,734980,10
1476,0.0030188970267772675,ProgressiveNet,4470020,734980,10
1477,0.0030759561341255903,ProgressiveNet,4470020,734980,10
1478,0.003001097124069929,ProgressiveNet,4470020,734980,10
1479,0.0029932172037661076,ProgressiveNet,4470020,734980,10
1480,0.0030587860383093357,ProgressiveNet,4470020,734980,10
1481,0.003010106971487403,ProgressiveNet,4470020,734980,10
1482,0.003027697093784809,ProgressiveNet,4470020,734980,10
1483,0.0030426960438489914,ProgressiveNet,4470020,734980,10
1484,0.0030020568519830704,ProgressiveNet,4470020,734980,10
1485,0.0030027669854462147,ProgressiveNet,4470020,734980,10
1486,0.0029962670523673296,ProgressiveNet,4470020,734980,10
1487,0.0029928169678896666,ProgressiveNet,4470020,734980,10
1488,0.003000267082825303,ProgressiveNet,4470020,734980,10
1489,0.003008767031133175,ProgressiveNet,4470020,734980,10
1490,0.003001927165314555,ProgressiveNet,4470020,734980,10
1491,0.0030039369594305754,ProgressiveNet,4470020,734980,10
1492,0.003015347057953477,ProgressiveNet,4470020,734980,10
1493,0.00301364716142416,ProgressiveNet,4470020,734980,10
1494,0.003011976135894656,ProgressiveNet,4470020,734980,10
1495,0.0030050170607864857,ProgressiveNet,4470020,734980,10
1496,0.003000176977366209,ProgressiveNet,4470020,734980,10
1497,0.0029919969383627176,ProgressiveNet,4470020,734980,10
1498,0.0029930658638477325,ProgressiveNet,4470020,734980,10
1499,0.0030034570954740047,ProgressiveNet,4470020,734980,10
1500,0.003003086894750595,ProgressiveNet,4470020,734980,10
1501,0.0029966169968247414,ProgressiveNet,4470020,734980,10
1502,0.0030050359200686216,ProgressiveNet,4470020,734980,10
1503,0.003001827048137784,ProgressiveNet,4470020,734980,10
1504,0.003001667093485594,ProgressiveNet,4470020,734980,10
1505,0.0029916069470345974,ProgressiveNet,4470020,734980,10
1506,0.0030071658547967672,ProgressiveNet,4470020,734980,10
1507,0.0029964367859065533,ProgressiveNet,4470020,734980,10
1508,0.0030023169238120317,ProgressiveNet,4470020,734980,10
1509,0.0029990968760102987,ProgressiveNet,4470020,734980,10
1510,0.0030772557947784662,ProgressiveNet,4470020,734980,10
1511,0.002997166942805052,ProgressiveNet,4470020,734980,10
1512,0.002999315969645977,ProgressiveNet,4470020,734980,10
1513,0.0030069269705563784,ProgressiveNet,4470020,734980,10
1514,0.0030029169283807278,ProgressiveNet,4470020,734980,10
1515,0.0030039569828659296,ProgressiveNet,4470020,734980,10
1516,0.0029913168400526047,ProgressiveNet,4470020,734980,10
1517,0.0030028459150344133,ProgressiveNet,4470020,734980,10
1518,0.002996307099238038,ProgressiveNet,4470020,734980,10
1519,0.002999256830662489,ProgressiveNet,4470020,734980,10
1520,0.002997776959091425,ProgressiveNet,4470020,734980,10
1521,0.0030066068284213543,ProgressiveNet,4470020,734980,10
1522,0.0030204770155251026,ProgressiveNet,4470020,734980,10
1523,0.0030040470883250237,ProgressiveNet,4470020,734980,10
1524,0.00299653597176075,ProgressiveNet,4470020,734980,10
1525,0.003001457080245018,ProgressiveNet,4470020,734980,10
1526,0.0030029071494936943,ProgressiveNet,4470020,734980,10
1527,0.003005466889590025,ProgressiveNet,4470020,734980,10
1528,0.002999355783686042,ProgressiveNet,4470020,734980,10
1529,0.003002696903422475,ProgressiveNet,4470020,734980,10
1530,0.0030053770169615746,ProgressiveNet,4470020,734980,10
1531,0.0030021669808775187,ProgressiveNet,4470020,734980,10
1532,0.0030046161264181137,ProgressiveNet,4470020,734980,10
1533,0.003041067160665989,ProgressiveNet,4470020,734980,10
1534,0.003011236898601055,ProgressiveNet,4470020,734980,10
1535,0.0030007059685885906,ProgressiveNet,4470020,734980,10
1536,0.0030081570148468018,ProgressiveNet,4470020,734980,10
1537,0.003009587060660124,ProgressiveNet,4470020,734980,10
1538,0.003008547006174922,ProgressiveNet,4470020,734980,10
1539,0.0030189468525350094,ProgressiveNet,4470020,734980,10
1540,0.0030283869709819555,ProgressiveNet,4470020,734980,10
1541,0.0030175158753991127,ProgressiveNet,4470020,734980,10
1542,0.0030226970557123423,ProgressiveNet,4470020,734980,10
1543,0.003087746212258935,ProgressiveNet,4470020,734980,10
1544,0.003012636909261346,ProgressiveNet,4470020,734980,10
1545,0.0030038270633667707,ProgressiveNet,4470020,734980,10
1546,0.003010357031598687,ProgressiveNet,4470020,734980,10
1547,0.0030036158859729767,ProgressiveNet,4470020,734980,10
1548,0.0030039669945836067,ProgressiveNet,4470020,734980,10
1549,0.0029964970890432596,ProgressiveNet,4470020,734980,10
1550,0.003003107151016593,ProgressiveNet,4470020,734980,10
1551,0.0030117358546704054,ProgressiveNet,4470020,734980,10
1552,0.003000556956976652,ProgressiveNet,4470020,734980,10
1553,0.0030058971606194973,ProgressiveNet,4470020,734980,10
1554,0.003006806131452322,ProgressiveNet,4470020,734980,10
1555,0.0030022270511835814,ProgressiveNet,4470020,734980,10
1556,0.003008877160027623,ProgressiveNet,4470020,734980,10
1557,0.003003717167302966,ProgressiveNet,4470020,734980,10
1558,0.002998196054250002,ProgressiveNet,4470020,734980,10
1559,0.003015507012605667,ProgressiveNet,4470020,734980,10
1560,0.0030057369731366634,ProgressiveNet,4470020,734980,10
1561,0.00300942687317729,ProgressiveNet,4470020,734980,10
1562,0.0030085670296102762,ProgressiveNet,4470020,734980,10
1563,0.002999807009473443,ProgressiveNet,4470020,734980,10
1564,0.002996667055413127,ProgressiveNet,4470020,734980,10
1565,0.00300995702855289,ProgressiveNet,4470020,734980,10
1566,0.0030013760551810265,ProgressiveNet,4470020,734980,10
1567,0.0030063469894230366,ProgressiveNet,4470020,734980,10
1568,0.0030066168401390314,ProgressiveNet,4470020,734980,10
1569,0.00301022594794631,ProgressiveNet,4470020,734980,10
1570,0.00300480704754591,ProgressiveNet,4470020,734980,10
1571,0.0030264968518167734,ProgressiveNet,4470020,734980,10
1572,0.0030063060112297535,ProgressiveNet,4470020,734980,10
1573,0.0030105668120086193,ProgressiveNet,4470020,734980,10
1574,0.003000847063958645,ProgressiveNet,4470020,734980,10
1575,0.0029975371435284615,ProgressiveNet,4470020,734980,10
1576,0.0030562460888177156,ProgressiveNet,4470020,734980,10
1577,0.003006306942552328,ProgressiveNet,4470020,734980,10
1578,0.003011027118191123,ProgressiveNet,4470020,734980,10
1579,0.0029941562097519636,ProgressiveNet,4470020,734980,10
1580,0.0030033469665795565,ProgressiveNet,4470020,734980,10
1581,0.0030121570453047752,ProgressiveNet,4470020,734980,10
1582,0.0030022470746189356,ProgressiveNet,4470020,734980,10
1583,0.0030581371393054724,ProgressiveNet,4470020,734980,10
1584,0.0030118569266051054,ProgressiveNet,4470020,734980,10
1585,0.003007587045431137,ProgressiveNet,4470020,734980,10
1586,0.0030061970464885235,ProgressiveNet,4470020,734980,10
1587,0.0030080669093877077,ProgressiveNet,4470020,734980,10
1588,0.003002297133207321,ProgressiveNet,4470020,734980,10
1589,0.0030028359033167362,ProgressiveNet,4470020,734980,10
1590,0.0030031970236450434,ProgressiveNet,4470020,734980,10
1591,0.0029974470380693674,ProgressiveNet,4470020,734980,10
1592,0.002992246998474002,ProgressiveNet,4470020,734980,10
1593,0.0029991858173161745,ProgressiveNet,4470020,734980,10
1594,0.0030125270131975412,ProgressiveNet,4470020,734980,10
1595,0.0030003469437360764,ProgressiveNet,4470020,734980,10
1596,0.0030003669671714306,ProgressiveNet,4470020,734980,10
1597,0.0030007660388946533,ProgressiveNet,4470020,734980,10
1598,0.0029976770747452974,ProgressiveNet,4470020,734980,10
1599,0.002997627016156912,ProgressiveNet,4470020,734980,10
1600,0.003010036889463663,ProgressiveNet,4470020,734980,10
1601,0.003005236154422164,ProgressiveNet,4470020,734980,10
1602,0.0030702371150255203,ProgressiveNet,4470020,734980,10
1603,0.0029985657893121243,ProgressiveNet,4470020,734980,10
1604,0.003005857113748789,ProgressiveNet,4470020,734980,10
1605,0.0030082070734351873,ProgressiveNet,4470020,734980,10
1606,0.0030120171140879393,ProgressiveNet,4470020,734980,10
1607,0.0030157659202814102,ProgressiveNet,4470020,734980,10
1608,0.003018276998773217,ProgressiveNet,4470020,734980,10
1609,0.003025747137144208,ProgressiveNet,4470020,734980,10
1610,0.003036455949768424,ProgressiveNet,4470020,734980,10
1611,0.003001266857609153,ProgressiveNet,4470020,734980,10
1612,0.003001537173986435,ProgressiveNet,4470020,734980,10
1613,0.003006206126883626,ProgressiveNet,4470020,734980,10
1614,0.003003146965056658,ProgressiveNet,4470020,734980,10
1615,0.0029917070642113686,ProgressiveNet,4470020,734980,10
1616,0.00299896695651114,ProgressiveNet,4470020,734980,10
1617,0.0030026771128177643,ProgressiveNet,4470020,734980,10
1618,0.002998376963660121,ProgressiveNet,4470020,734980,10
1619,0.002999757183715701,ProgressiveNet,4470020,734980,10
1620,0.003004876896739006,ProgressiveNet,4470020,734980,10
1621,0.002996406052261591,ProgressiveNet,4470020,734980,10
1622,0.0030053372029215097,ProgressiveNet,4470020,734980,10
1623,0.003333366010338068,ProgressiveNet,4470020,734980,10
1624,0.0030106171034276485,ProgressiveNet,4470020,734980,10
1625,0.0030002170242369175,ProgressiveNet,4470020,734980,10
1626,0.003003837075084448,ProgressiveNet,4470020,734980,10
1627,0.003009095788002014,ProgressiveNet,4470020,734980,10
1628,0.0030028067994862795,ProgressiveNet,4470020,734980,10
1629,0.0030072969384491444,ProgressiveNet,4470020,734980,10
1630,0.0030039469711482525,ProgressiveNet,4470020,734980,10
1631,0.0030154159758239985,ProgressiveNet,4470020,734980,10
1632,0.0030042969156056643,ProgressiveNet,4470020,734980,10
1633,0.0030088971834629774,ProgressiveNet,4470020,734980,10
1634,0.003004196798428893,ProgressiveNet,4470020,734980,10
1635,0.0030002768617123365,ProgressiveNet,4470020,734980,10
1636,0.002997316885739565,ProgressiveNet,4470020,734980,10
1637,0.0030011169146746397,ProgressiveNet,4470020,734980,10
1638,0.003002355806529522,ProgressiveNet,4470020,734980,10
1639,0.0030009469483047724,ProgressiveNet,4470020,734980,10
1640,0.0030047870241105556,ProgressiveNet,4470020,734980,10
1641,0.0029978270176798105,ProgressiveNet,4470020,734980,10
1642,0.003067255951464176,ProgressiveNet,4470020,734980,10
1643,0.0030065670143812895,ProgressiveNet,4470020,734980,10
1644,0.0030082568991929293,ProgressiveNet,4470020,734980,10
1645,0.0029967259615659714,ProgressiveNet,4470020,734980,10
1646,0.0029974670615047216,ProgressiveNet,4470020,734980,10
1647,0.0030748569406569004,ProgressiveNet,4470020,734980,10
1648,0.0030128369107842445,ProgressiveNet,4470020,734980,10
1649,0.003008586820214987,ProgressiveNet,4470020,734980,10
1650,0.003002207027748227,ProgressiveNet,4470020,734980,10
1651,0.003001405857503414,ProgressiveNet,4470020,734980,10
1652,0.003007797058671713,ProgressiveNet,4470020,734980,10
1653,0.002997417002916336,ProgressiveNet,4470020,734980,10
1654,0.0030643159989267588,ProgressiveNet,4470020,734980,10
1655,0.003005856880918145,ProgressiveNet,4470020,734980,10
1656,0.003002057084813714,ProgressiveNet,4470020,734980,10
1657,0.002994096837937832,ProgressiveNet,4470020,734980,10
1658,0.0030010459013283253,ProgressiveNet,4470020,734980,10
1659,0.0029973869677633047,ProgressiveNet,4470020,734980,10
1660,0.003000326920300722,ProgressiveNet,4470020,734980,10
1661,0.0030029569752514362,ProgressiveNet,4470020,734980,10
1662,0.002994305919855833,ProgressiveNet,4470020,734980,10
1663,0.003032247070223093,ProgressiveNet,4470020,734980,10
1664,0.003027237020432949,ProgressiveNet,4470020,734980,10
1665,0.0030005360022187233,ProgressiveNet,4470020,734980,10
1666,0.003003086894750595,ProgressiveNet,4470020,734980,10
1667,0.003004067111760378,ProgressiveNet,4470020,734980,10
1668,0.0030063169542700052,ProgressiveNet,4470020,734980,10
1669,0.0030001860577613115,ProgressiveNet,4470020,734980,10
1670,0.0030185668729245663,ProgressiveNet,4470020,734980,10
1671,0.003036417067050934,ProgressiveNet,4470020,734980,10
1672,0.0030078969430178404,ProgressiveNet,4470020,734980,10
1673,0.0030021569691598415,ProgressiveNet,4470020,734980,10
1674,0.003010616870597005,ProgressiveNet,4470020,734980,10
1675,0.0029990070033818483,ProgressiveNet,4470020,734980,10
1676,0.0030072368681430817,ProgressiveNet,4470020,734980,10
1677,0.0030000770930200815,ProgressiveNet,4470020,734980,10
1678,0.0029979569371789694,ProgressiveNet,4470020,734980,10
1679,0.0029978761449456215,ProgressiveNet,4470020,734980,10
1680,0.0030012670904397964,ProgressiveNet,4470020,734980,10
1681,0.0029997071251273155,ProgressiveNet,4470020,734980,10
1682,0.002994426991790533,ProgressiveNet,4470020,734980,10
1683,0.002993935951963067,ProgressiveNet,4470020,734980,10
1684,0.003025447018444538,ProgressiveNet,4470020,734980,10
1685,0.0030027669854462147,ProgressiveNet,4470020,734980,10
1686,0.003034117165952921,ProgressiveNet,4470020,734980,10
1687,0.002992076799273491,ProgressiveNet,4470020,734980,10
1688,0.0029879070352762938,ProgressiveNet,4470020,734980,10
1689,0.003000776981934905,ProgressiveNet,4470020,734980,10
1690,0.00299734715372324,ProgressiveNet,4470020,734980,10
1691,0.0030016759410500526,ProgressiveNet,4470020,734980,10
1692,0.003000546945258975,ProgressiveNet,4470020,734980,10
1693,0.002998766954988241,ProgressiveNet,4470020,734980,10
1694,0.0029941671527922153,ProgressiveNet,4470020,734980,10
1695,0.002993325935676694,ProgressiveNet,4470020,734980,10
1696,0.0029925971757620573,ProgressiveNet,4470020,734980,10
1697,0.003012406872585416,ProgressiveNet,4470020,734980,10
1698,0.0029916069470345974,ProgressiveNet,4470020,734980,10
1699,0.00299646588973701,ProgressiveNet,4470020,734980,10
1700,0.002996827010065317,ProgressiveNet,4470020,734980,10
1701,0.0029967469163239002,ProgressiveNet,4470020,734980,10
1702,0.0029975268989801407,ProgressiveNet,4470020,734980,10
1703,0.0029896069318056107,ProgressiveNet,4470020,734980,10
1704,0.0029936470091342926,ProgressiveNet,4470020,734980,10
1705,0.0030011769849807024,ProgressiveNet,4470020,734980,10
1706,0.0030018468387424946,ProgressiveNet,4470020,734980,10
1707,0.003002096898853779,ProgressiveNet,4470020,734980,10
1708,0.003007015911862254,ProgressiveNet,4470020,734980,10
1709,0.003065486904233694,ProgressiveNet,4470020,734980,10
1710,0.00300960591994226,ProgressiveNet,4470020,734980,10
1711,0.0030140269082039595,ProgressiveNet,4470020,734980,10
1712,0.003011177061125636,ProgressiveNet,4470020,734980,10
1713,0.0030070871580392122,ProgressiveNet,4470020,734980,10
1714,0.0030123561155050993,ProgressiveNet,4470020,734980,10
1715,0.003024986945092678,ProgressiveNet,4470020,734980,10
1716,0.0030108271166682243,ProgressiveNet,4470020,734980,10
1717,0.003007256193086505,ProgressiveNet,4470020,734980,10
1718,0.003009617095813155,ProgressiveNet,4470020,734980,10
1719,0.0030047569889575243,ProgressiveNet,4470020,734980,10
1720,0.0030149060767143965,ProgressiveNet,4470020,734980,10
1721,0.002998457057401538,ProgressiveNet,4470020,734980,10
1722,0.002999807009473443,ProgressiveNet,4470020,734980,10
1723,0.0030063469894230366,ProgressiveNet,4470020,734980,10
1724,0.003006576094776392,ProgressiveNet,4470020,734980,10
1725,0.0030006570741534233,ProgressiveNet,4470020,734980,10
1726,0.003001746954396367,ProgressiveNet,4470020,734980,10
1727,0.0030041069258004427,ProgressiveNet,4470020,734980,10
1728,0.0029955559875816107,ProgressiveNet,4470020,734980,10
1729,0.0029941569082438946,ProgressiveNet,4470020,734980,10
1730,0.0030055770184844732,ProgressiveNet,4470020,734980,10
1731,0.0030009469483047724,ProgressiveNet,4470020,734980,10
1732,0.003003586083650589,ProgressiveNet,4470020,734980,10
1733,0.0030042671132832766,ProgressiveNet,4470020,734980,10
1734,0.0029958770610392094,ProgressiveNet,4470020,734980,10
1735,0.003001146949827671,ProgressiveNet,4470020,734980,10
1736,0.0030173759441822767,ProgressiveNet,4470020,734980,10
1737,0.0030038170516490936,ProgressiveNet,4470020,734980,10
1738,0.0029965469148010015,ProgressiveNet,4470020,734980,10
1739,0.0030286258552223444,ProgressiveNet,4470020,734980,10
1740,0.003036207053810358,ProgressiveNet,4470020,734980,10
1741,0.003009827109053731,ProgressiveNet,4470020,734980,10
1742,0.0030814758501946926,ProgressiveNet,4470020,734980,10
1743,0.003011867171153426,ProgressiveNet,4470020,734980,10
1744,0.0029992370400577784,ProgressiveNet,4470020,734980,10
1745,0.0030041970312595367,ProgressiveNet,4470020,734980,10
1746,0.002998066833242774,ProgressiveNet,4470020,734980,10
1747,0.0030015672091394663,ProgressiveNet,4470020,734980,10
1748,0.0030063269659876823,ProgressiveNet,4470020,734980,10
1749,0.003005347214639187,ProgressiveNet,4470020,734980,10
1750,0.0030701670330017805,ProgressiveNet,4470020,734980,10
1751,0.0030001960694789886,ProgressiveNet,4470020,734980,10
1752,0.0029981168918311596,ProgressiveNet,4470020,734980,10
1753,0.0030085169710218906,ProgressiveNet,4470020,734980,10
1754,0.003001386998221278,ProgressiveNet,4470020,734980,10
1755,0.0029978970997035503,ProgressiveNet,4470020,734980,10
1756,0.003006506944075227,ProgressiveNet,4470020,734980,10
1757,0.003004287136718631,ProgressiveNet,4470020,734980,10
1758,0.0030076871626079082,ProgressiveNet,4470020,734980,10
1759,0.0030038661789149046,ProgressiveNet,4470020,734980,10
1760,0.003014656947925687,ProgressiveNet,4470020,734980,10
1761,0.002997996984049678,ProgressiveNet,4470020,734980,10
1762,0.0030085169710218906,ProgressiveNet,4470020,734980,10
1763,0.0030108769424259663,ProgressiveNet,4470020,734980,10
1764,0.003003987018018961,ProgressiveNet,4470020,734980,10
1765,0.00299328682012856,ProgressiveNet,4470020,734980,10
1766,0.0030027071479707956,ProgressiveNet,4470020,734980,10
1767,0.0030012771021574736,ProgressiveNet,4470020,734980,10
1768,0.0030133670661598444,ProgressiveNet,4470020,734980,10
1769,0.0030058969277888536,ProgressiveNet,4470020,734980,10
1770,0.0029953760094940662,ProgressiveNet,4470020,734980,10
1771,0.0030029669869691133,ProgressiveNet,4470020,734980,10
1772,0.00299850688315928,ProgressiveNet,4470020,734980,10
1773,0.00301080709323287,ProgressiveNet,4470020,734980,10
1774,0.0030068259220570326,ProgressiveNet,4470020,734980,10
1775,0.0030694869346916676,ProgressiveNet,4470020,734980,10
1776,0.003009827109053731,ProgressiveNet,4470020,734980,10
1777,0.00300388690084219,ProgressiveNet,4470020,734980,10
1778,0.0030080368742346764,ProgressiveNet,4470020,734980,10
1779,0.003019317053258419,ProgressiveNet,4470020,734980,10
1780,0.0030131058301776648,ProgressiveNet,4470020,734980,10
1781,0.003012347035109997,ProgressiveNet,4470020,734980,10
1782,0.003020377131178975,ProgressiveNet,4470020,734980,10
1783,0.0029886860866099596,ProgressiveNet,4470020,734980,10
1784,0.0029953571502119303,ProgressiveNet,4470020,734980,10
1785,0.0030156970024108887,ProgressiveNet,4470020,734980,10
1786,0.00300427689217031,ProgressiveNet,4470020,734980,10
1787,0.0029962060507386923,ProgressiveNet,4470020,734980,10
1788,0.0030156869906932116,ProgressiveNet,4470020,734980,10
1789,0.0030101670417934656,ProgressiveNet,4470020,734980,10
1790,0.003002877114340663,ProgressiveNet,4470020,734980,10
1791,0.003006857121363282,ProgressiveNet,4470020,734980,10
1792,0.0030048969201743603,ProgressiveNet,4470020,734980,10
1793,0.0030008070170879364,ProgressiveNet,4470020,734980,10
1794,0.002999295946210623,ProgressiveNet,4470020,734980,10
1795,0.0030029669869691133,ProgressiveNet,4470020,734980,10
1796,0.003011916996911168,ProgressiveNet,4470020,734980,10
1797,0.003006906947121024,ProgressiveNet,4470020,734980,10
1798,0.0030050959903746843,ProgressiveNet,4470020,734980,10
1799,0.0029913668986409903,ProgressiveNet,4470020,734980,10
1800,0.0030125470366328955,ProgressiveNet,4470020,734980,10
1801,0.003012837143614888,ProgressiveNet,4470020,734980,10
1802,0.0029976670630276203,ProgressiveNet,4470020,734980,10
1803,0.00300288712605834,ProgressiveNet,4470020,734980,10
1804,0.0030076270923018456,ProgressiveNet,4470020,734980,10
1805,0.002993826987221837,ProgressiveNet,4470020,734980,10
1806,0.003001386998221278,ProgressiveNet,4470020,734980,10
1807,0.002999786986038089,ProgressiveNet,4470020,734980,10
1808,0.0030376368667930365,ProgressiveNet,4470020,734980,10
1809,0.003031756030395627,ProgressiveNet,4470020,734980,10
1810,0.003013637149706483,ProgressiveNet,4470020,734980,10
1811,0.003006306942552328,ProgressiveNet,4470020,734980,10
1812,0.002996545983478427,ProgressiveNet,4470020,734980,10
1813,0.003035247093066573,ProgressiveNet,4470020,734980,10
1814,0.003035707166418433,ProgressiveNet,4470020,734980,10
1815,0.003010465996339917,ProgressiveNet,4470020,734980,10
1816,0.0029982570558786392,ProgressiveNet,4470020,734980,10
1817,0.00300480704754591,ProgressiveNet,4470020,734980,10
1818,0.0030015769880264997,ProgressiveNet,4470020,734980,10
1819,0.0030056859832257032,ProgressiveNet,4470020,734980,10
1820,0.003007587045431137,ProgressiveNet,4470020,734980,10
1821,0.00303655699826777,ProgressiveNet,4470020,734980,10
1822,0.0030611869879066944,ProgressiveNet,4470020,734980,10
1823,0.0030022170394659042,ProgressiveNet,4470020,734980,10
1824,0.0029912469908595085,ProgressiveNet,4470020,734980,10
1825,0.0029999460093677044,ProgressiveNet,4470020,734980,10
1826,0.0029976170044392347,ProgressiveNet,4470020,734980,10
1827,0.0030251070857048035,ProgressiveNet,4470020,734980,10
1828,0.0030105060432106256,ProgressiveNet,4470020,734980,10
1829,0.003006367012858391,ProgressiveNet,4470020,734980,10
1830,0.003012717003002763,ProgressiveNet,4470020,734980,10
1831,0.003003977006301284,ProgressiveNet,4470020,734980,10
1832,0.0030009960755705833,ProgressiveNet,4470020,734980,10
1833,0.0030009369365870953,ProgressiveNet,4470020,734980,10
1834,0.003000456839799881,ProgressiveNet,4470020,734980,10
1835,0.003009757027029991,ProgressiveNet,4470020,734980,10
1836,0.0029938160441815853,ProgressiveNet,4470020,734980,10
1837,0.002999336924403906,ProgressiveNet,4470020,734980,10
1838,0.0029997669626027346,ProgressiveNet,4470020,734980,10
1839,0.0029914670158177614,ProgressiveNet,4470020,734980,10
1840,0.0029947159346193075,ProgressiveNet,4470020,734980,10
1841,0.0030651171691715717,ProgressiveNet,4470020,734980,10
1842,0.002992267021909356,ProgressiveNet,4470020,734980,10
1843,0.0030216160230338573,ProgressiveNet,4470020,734980,10
1844,0.00302664702758193,ProgressiveNet,4470020,734980,10
1845,0.003003226825967431,ProgressiveNet,4470020,734980,10
1846,0.00298935710452497,ProgressiveNet,4470020,734980,10
1847,0.003002526005730033,ProgressiveNet,4470020,734980,10
1848,0.0029992370400577784,ProgressiveNet,4470020,734980,10
1849,0.0030018470715731382,ProgressiveNet,4470020,734980,10
1850,0.003000676166266203,ProgressiveNet,4470020,734980,10
1851,0.0030001469422131777,ProgressiveNet,4470020,734980,10
1852,0.0029977071098983288,ProgressiveNet,4470020,734980,10
1853,0.0029998268000781536,ProgressiveNet,4470020,734980,10
1854,0.0029982170090079308,ProgressiveNet,4470020,734980,10
1855,0.0029923771508038044,ProgressiveNet,4470020,734980,10
1856,0.0029968370217829943,ProgressiveNet,4470020,734980,10
1857,0.0029937869403511286,ProgressiveNet,4470020,734980,10
1858,0.0029976870864629745,ProgressiveNet,4470020,734980,10
1859,0.0029936060309410095,ProgressiveNet,4470020,734980,10
1860,0.0029984069988131523,ProgressiveNet,4470020,734980,10
1861,0.002993006957694888,ProgressiveNet,4470020,734980,10
1862,0.002995166927576065,ProgressiveNet,4470020,734980,10
1863,0.0030134760309010744,ProgressiveNet,4470020,734980,10
1864,0.0030024670995771885,ProgressiveNet,4470020,734980,10
1865,0.0030056769028306007,ProgressiveNet,4470020,734980,10
1866,0.003006206825375557,ProgressiveNet,4470020,734980,10
1867,0.002999246120452881,ProgressiveNet,4470020,734980,10
1868,0.002999527147039771,ProgressiveNet,4470020,734980,10
1869,0.0029978069942444563,ProgressiveNet,4470020,734980,10
1870,0.002991077024489641,ProgressiveNet,4470020,734980,10
1871,0.0029944360721856356,ProgressiveNet,4470020,734980,10
1872,0.0030034570954740047,ProgressiveNet,4470020,734980,10
1873,0.002998366951942444,ProgressiveNet,4470020,734980,10
1874,0.0030478769913315773,ProgressiveNet,4470020,734980,10
1875,0.0030040869023650885,ProgressiveNet,4470020,734980,10
1876,0.0030114268884062767,ProgressiveNet,4470020,734980,10
1877,0.0030264570377767086,ProgressiveNet,4470020,734980,10
1878,0.003040576819330454,ProgressiveNet,4470020,734980,10
1879,0.003002336947247386,ProgressiveNet,4470020,734980,10
1880,0.002998247044160962,ProgressiveNet,4470020,734980,10
1881,0.0029981660190969706,ProgressiveNet,4470020,734980,10
1882,0.0030013469513505697,ProgressiveNet,4470020,734980,10
1883,0.0030026468448340893,ProgressiveNet,4470020,734980,10
1884,0.003000986995175481,ProgressiveNet,4470020,734980,10
1885,0.0029938570223748684,ProgressiveNet,4470020,734980,10
1886,0.0030006770975887775,ProgressiveNet,4470020,734980,10
1887,0.0029988770838826895,ProgressiveNet,4470020,734980,10
1888,0.0029916372150182724,ProgressiveNet,4470020,734980,10
1889,0.0029997059609740973,ProgressiveNet,4470020,734980,10
1890,0.002997257048264146,ProgressiveNet,4470020,734980,10
1891,0.002997996984049678,ProgressiveNet,4470020,734980,10
1892,0.0029961869586259127,ProgressiveNet,4470020,734980,10
1893,0.0030015360098332167,ProgressiveNet,4470020,734980,10
1894,0.0030067169573158026,ProgressiveNet,4470020,734980,10
1895,0.0030076869297772646,ProgressiveNet,4470020,734980,10
1896,0.0030109072104096413,ProgressiveNet,4470020,734980,10
1897,0.0030161160975694656,ProgressiveNet,4470020,734980,10
1898,0.00303394696675241,ProgressiveNet,4470020,734980,10
1899,0.0030250470153987408,ProgressiveNet,4470020,734980,10
1900,0.0030217471066862345,ProgressiveNet,4470020,734980,10
1901,0.003011236898601055,ProgressiveNet,4470020,734980,10
1902,0.0030074268579483032,ProgressiveNet,4470020,734980,10
1903,0.003010676009580493,ProgressiveNet,4470020,734980,10
1904,0.003014387097209692,ProgressiveNet,4470020,734980,10
1905,0.0030043870210647583,ProgressiveNet,4470020,734980,10
1906,0.003003916935995221,ProgressiveNet,4470020,734980,10
1907,0.0030402070842683315,ProgressiveNet,4470020,734980,10
1908,0.00303117698058486,ProgressiveNet,4470020,734980,10
1909,0.002994396025314927,ProgressiveNet,4470020,734980,10
1910,0.0029962370172142982,ProgressiveNet,4470020,734980,10
1911,0.002998596988618374,ProgressiveNet,4470020,734980,10
1912,0.0029990971088409424,ProgressiveNet,4470020,734980,10
1913,0.002991576911881566,ProgressiveNet,4470020,734980,10
1914,0.003047347068786621,ProgressiveNet,4470020,734980,10
1915,0.0029973869677633047,ProgressiveNet,4470020,734980,10
1916,0.0029890169389545918,ProgressiveNet,4470020,734980,10
1917,0.0029923359397798777,ProgressiveNet,4470020,734980,10
1918,0.002990846987813711,ProgressiveNet,4470020,734980,10
1919,0.002987456973642111,ProgressiveNet,4470020,734980,10
1920,0.002990767126902938,ProgressiveNet,4470020,734980,10
1921,0.0029908071737736464,ProgressiveNet,4470020,734980,10
1922,0.0029952269978821278,ProgressiveNet,4470020,734980,10
1923,0.002987337065860629,ProgressiveNet,4470020,734980,10
1924,0.00299219717271626,ProgressiveNet,4470020,734980,10
1925,0.0029922069516032934,ProgressiveNet,4470020,734980,10
1926,0.0029935159254819155,ProgressiveNet,4470020,734980,10
1927,0.002999486867338419,ProgressiveNet,4470020,734980,10
1928,0.002992416964843869,ProgressiveNet,4470020,734980,10
1929,0.002994887065142393,ProgressiveNet,4470020,734980,10
1930,0.0029978470411151648,ProgressiveNet,4470020,734980,10
1931,0.003002437064424157,ProgressiveNet,4470020,734980,10
1932,0.0030173668637871742,ProgressiveNet,4470020,734980,10
1933,0.003005767008289695,ProgressiveNet,4470020,734980,10
1934,0.003007015911862254,ProgressiveNet,4470020,734980,10
1935,0.003007587045431137,ProgressiveNet,4470020,734980,10
1936,0.0030029169283807278,ProgressiveNet,4470020,734980,10
1937,0.0030092268716543913,ProgressiveNet,4470020,734980,10
1938,0.0030057060066610575,ProgressiveNet,4470020,734980,10
1939,0.003002726938575506,ProgressiveNet,4470020,734980,10
1940,0.0030389169696718454,ProgressiveNet,4470020,734980,10
1941,0.0030051060020923615,ProgressiveNet,4470020,734980,10
1942,0.0029926770366728306,ProgressiveNet,4470020,734980,10
1943,0.0029994871001690626,ProgressiveNet,4470020,734980,10
1944,0.002998306881636381,ProgressiveNet,4470020,734980,10
1945,0.002994926180690527,ProgressiveNet,4470020,734980,10
1946,0.0030344168189913034,ProgressiveNet,4470020,734980,10
1947,0.0030399570241570473,ProgressiveNet,4470020,734980,10
1948,0.0029991259798407555,ProgressiveNet,4470020,734980,10
1949,0.003003146965056658,ProgressiveNet,4470020,734980,10
1950,0.0029925170820206404,ProgressiveNet,4470020,734980,10
1951,0.0029926470015197992,ProgressiveNet,4470020,734980,10
1952,0.002994996029883623,ProgressiveNet,4470020,734980,10
1953,0.0029952770564705133,ProgressiveNet,4470020,734980,10
1954,0.002990467008203268,ProgressiveNet,4470020,734980,10
1955,0.003000647062435746,ProgressiveNet,4470020,734980,10
1956,0.0029910269659012556,ProgressiveNet,4470020,734980,10
1957,0.0029907061252743006,ProgressiveNet,4470020,734980,10
1958,0.002996677067130804,ProgressiveNet,4470020,734980,10
1959,0.002990616951137781,ProgressiveNet,4470020,734980,10
1960,0.0029952770564705133,ProgressiveNet,4470020,734980,10
1961,0.002994075883179903,ProgressiveNet,4470020,734980,10
1962,0.0029977469239383936,ProgressiveNet,4470020,734980,10
1963,0.0030025870073586702,ProgressiveNet,4470020,734980,10
1964,0.003001356963068247,ProgressiveNet,4470020,734980,10
1965,0.0029975459910929203,ProgressiveNet,4470020,734980,10
1966,0.0029896069318056107,ProgressiveNet,4470020,734980,10
1967,0.002989086788147688,ProgressiveNet,4470020,734980,10
1968,0.003018127055838704,ProgressiveNet,4470020,734980,10
1969,0.0030079360585659742,ProgressiveNet,4470020,734980,10
1970,0.0030128469225019217,ProgressiveNet,4470020,734980,10
1971,0.003010696964338422,ProgressiveNet,4470020,734980,10
1972,0.0030107370112091303,ProgressiveNet,4470020,734980,10
1973,0.003004917176440358,ProgressiveNet,4470020,734980,10
1974,0.003065846860408783,ProgressiveNet,4470020,734980,10
1975,0.002995146904140711,ProgressiveNet,4470020,734980,10
1976,0.0029984370339661837,ProgressiveNet,4470020,734980,10
1977,0.0030013169161975384,ProgressiveNet,4470020,734980,10
1978,0.0030028470791876316,ProgressiveNet,4470020,734980,10
1979,0.0030000570695847273,ProgressiveNet,4470020,734980,10
1980,0.0030174769926816225,ProgressiveNet,4470020,734980,10
1981,0.003043227130547166,ProgressiveNet,4470020,734980,10
1982,0.0029929259326308966,ProgressiveNet,4470020,734980,10
1983,0.0029936169739812613,ProgressiveNet,4470020,734980,10
1984,0.0029991469345986843,ProgressiveNet,4470020,734980,10
1985,0.003062657080590725,ProgressiveNet,4470020,734980,10
1986,0.0029982158448547125,ProgressiveNet,4470020,734980,10
1987,0.0029935569036751986,ProgressiveNet,4470020,734980,10
1988,0.002994137117639184,ProgressiveNet,4470020,734980,10
1989,0.00389731302857399,ProgressiveNet,4470020,734980,10
1990,0.0031985160894691944,ProgressiveNet,4470020,734980,10
1991,0.0030037870164960623,ProgressiveNet,4470020,734980,10
1992,0.0030053770169615746,ProgressiveNet,4470020,734980,10
1993,0.0030028768815100193,ProgressiveNet,4470020,734980,10
1994,0.0030113758984953165,ProgressiveNet,4470020,734980,10
1995,0.0030475470703095198,ProgressiveNet,4470020,734980,10
1996,0.003000076860189438,ProgressiveNet,4470020,734980,10
1997,0.00299491616897285,ProgressiveNet,4470020,734980,10
1998,0.002995546907186508,ProgressiveNet,4470020,734980,10
1999,0.002996287075802684,ProgressiveNet,4470020,734980,10
2000,0.002995857037603855,ProgressiveNet,4470020,734980,10
2001,0.0030085358303040266,ProgressiveNet,4470020,734980,10
2002,0.003010486951097846,ProgressiveNet,4470020,734980,10
2003,0.0030250970739871264,ProgressiveNet,4470020,734980,10
2004,0.0030171661637723446,ProgressiveNet,4470020,734980,10
2005,0.0030036969110369682,ProgressiveNet,4470020,734980,10
2006,0.0030147971119731665,ProgressiveNet,4470020,734980,10
2007,0.00307510606944561,ProgressiveNet,4470020,734980,10
2008,0.003005026839673519,ProgressiveNet,4470020,734980,10
2009,0.003006757004186511,ProgressiveNet,4470020,734980,10
2010,0.003007096005603671,ProgressiveNet,4470020,734980,10
2011,0.0030025369487702847,ProgressiveNet,4470020,734980,10
2012,0.003000156953930855,ProgressiveNet,4470020,734980,10
2013,0.0030009369365870953,ProgressiveNet,4470020,734980,10
2014,0.0030020561534911394,ProgressiveNet,4470020,734980,10
2015,0.0030961469747126102,ProgressiveNet,4470020,734980,10
2016,0.003001436125487089,ProgressiveNet,4470020,734980,10
2017,0.003037526970729232,ProgressiveNet,4470020,734980,10
2018,0.002995016984641552,ProgressiveNet,4470020,734980,10
2019,0.0030001860577613115,ProgressiveNet,4470020,734980,10
2020,0.0029993171337991953,ProgressiveNet,4470020,734980,10
2021,0.0029976770747452974,ProgressiveNet,4470020,734980,10
2022,0.0029942470137029886,ProgressiveNet,4470020,734980,10
2023,0.0030307359993457794,ProgressiveNet,4470020,734980,10
2024,0.0030049670021981,ProgressiveNet,4470020,734980,10
2025,0.003038467140868306,ProgressiveNet,4470020,734980,10
2026,0.0029995960649102926,ProgressiveNet,4470020,734980,10
2027,0.002994326874613762,ProgressiveNet,4470020,734980,10
2028,0.003001866862177849,ProgressiveNet,4470020,734980,10
2029,0.0029992370400577784,ProgressiveNet,4470020,734980,10
2030,0.002991036046296358,ProgressiveNet,4470020,734980,10
2031,0.003004607046023011,ProgressiveNet,4470020,734980,10
2032,0.0030045669991523027,ProgressiveNet,4470020,734980,10
2033,0.00300542707554996,ProgressiveNet,4470020,734980,10
2034,0.0029903061222285032,ProgressiveNet,4470020,734980,10
2035,0.003004266880452633,ProgressiveNet,4470020,734980,10
2036,0.003006956772878766,ProgressiveNet,4470020,734980,10
2037,0.0030017171520739794,ProgressiveNet,4470020,734980,10
2038,0.0030068259220570326,ProgressiveNet,4470020,734980,10
2039,0.0030133668333292007,ProgressiveNet,4470020,734980,10
2040,0.0030459470581263304,ProgressiveNet,4470020,734980,10
2041,0.0029948970768600702,ProgressiveNet,4470020,734980,10
2042,0.0029999471735209227,ProgressiveNet,4470020,734980,10
2043,0.0030125470366328955,ProgressiveNet,4470020,734980,10
2044,0.002996366936713457,ProgressiveNet,4470020,734980,10
2045,0.002995715942233801,ProgressiveNet,4470020,734980,10
2046,0.0029922870453447104,ProgressiveNet,4470020,734980,10
2047,0.0029945969581604004,ProgressiveNet,4470020,734980,10
2048,0.002992257010191679,ProgressiveNet,4470020,734980,10
2049,0.0029854171443730593,ProgressiveNet,4470020,734980,10
2050,0.0029993869829922915,ProgressiveNet,4470020,734980,10
2051,0.0030010370537638664,ProgressiveNet,4470020,734980,10
2052,0.002995996968820691,ProgressiveNet,4470020,734980,10
2053,0.00299404701218009,ProgressiveNet,4470020,734980,10
2054,0.003017535898834467,ProgressiveNet,4470020,734980,10
2055,0.003003397025167942,ProgressiveNet,4470020,734980,10
2056,0.0029844569507986307,ProgressiveNet,4470020,734980,10
2057,0.002986717037856579,ProgressiveNet,4470020,734980,10
2058,0.0029921261593699455,ProgressiveNet,4470020,734980,10
2059,0.0029919170774519444,ProgressiveNet,4470020,734980,10
2060,0.0029947571456432343,ProgressiveNet,4470020,734980,10
2061,0.003001866862177849,ProgressiveNet,4470020,734980,10
2062,0.002997606061398983,ProgressiveNet,4470020,734980,10
2063,0.0029994070064276457,ProgressiveNet,4470020,734980,10
2064,0.0030222670175135136,ProgressiveNet,4470020,734980,10
2065,0.0030150869861245155,ProgressiveNet,4470020,734980,10
2066,0.0030110159423202276,ProgressiveNet,4470020,734980,10
2067,0.0029917769134044647,ProgressiveNet,4470020,734980,10
2068,0.002997566945850849,ProgressiveNet,4470020,734980,10
2069,0.002996397204697132,ProgressiveNet,4470020,734980,10
2070,0.002997645875439048,ProgressiveNet,4470020,734980,10
2071,0.0030077670235186815,ProgressiveNet,4470020,734980,10
2072,0.0030097670387476683,ProgressiveNet,4470020,734980,10
2073,0.0030712559819221497,ProgressiveNet,4470020,734980,10
2074,0.0030004270374774933,ProgressiveNet,4470020,734980,10
2075,0.0029984170105308294,ProgressiveNet,4470020,734980,10
2076,0.0030004470609128475,ProgressiveNet,4470020,734980,10
2077,0.0029981068801134825,ProgressiveNet,4470020,734980,10
2078,0.0029967068694531918,ProgressiveNet,4470020,734980,10
2079,0.0030114869587123394,ProgressiveNet,4470020,734980,10
2080,0.0030054959934204817,ProgressiveNet,4470020,734980,10
2081,0.0030134969856590033,ProgressiveNet,4470020,734980,10
2082,0.003003536956384778,ProgressiveNet,4470020,734980,10
2083,0.0030207568779587746,ProgressiveNet,4470020,734980,10
2084,0.0030274060554802418,ProgressiveNet,4470020,734980,10
2085,0.00299235712736845,ProgressiveNet,4470020,734980,10
2086,0.0029955171048641205,ProgressiveNet,4470020,734980,10
2087,0.0029932770412415266,ProgressiveNet,4470020,734980,10
2088,0.0029930570162832737,ProgressiveNet,4470020,734980,10
2089,0.0029939471278339624,ProgressiveNet,4470020,734980,10
2090,0.0029972170013934374,ProgressiveNet,4470020,734980,10
2091,0.003006646176800132,ProgressiveNet,4470020,734980,10
2092,0.0030029769986867905,ProgressiveNet,4470020,734980,10
2093,0.003000926924869418,ProgressiveNet,4470020,734980,10
2094,0.003002297133207321,ProgressiveNet,4470020,734980,10
2095,0.0029947671573609114,ProgressiveNet,4470020,734980,10
2096,0.002998115960508585,ProgressiveNet,4470020,734980,10
2097,0.0030022270511835814,ProgressiveNet,4470020,734980,10
2098,0.0029997669626027346,ProgressiveNet,4470020,734980,10
2099,0.0029969471506774426,ProgressiveNet,4470020,734980,10
2100,0.0029948269948363304,ProgressiveNet,4470020,734980,10
2101,0.0029999969992786646,ProgressiveNet,4470020,734980,10
2102,0.0029943971894681454,ProgressiveNet,4470020,734980,10
2103,0.002996297087520361,ProgressiveNet,4470020,734980,10
2104,0.0029967559967190027,ProgressiveNet,4470020,734980,10
2105,0.002994367154315114,ProgressiveNet,4470020,734980,10
2106,0.0030725968535989523,ProgressiveNet,4470020,734980,10
2107,0.002991466084495187,ProgressiveNet,4470020,734980,10
2108,0.003000536933541298,ProgressiveNet,4470020,734980,10
2109,0.003003086894750595,ProgressiveNet,4470020,734980,10
2110,0.003019156865775585,ProgressiveNet,4470020,734980,10
2111,0.0030062971636652946,ProgressiveNet,4470020,734980,10
2112,0.0030007369350641966,ProgressiveNet,4470020,734980,10
2113,0.003000107128173113,ProgressiveNet,4470020,734980,10
2114,0.003001366974785924,ProgressiveNet,4470020,734980,10
2115,0.0029963860288262367,ProgressiveNet,4470020,734980,10
2116,0.0029996370431035757,ProgressiveNet,4470020,734980,10
2117,0.0030126171186566353,ProgressiveNet,4470020,734980,10
2118,0.0029945068527013063,ProgressiveNet,4470020,734980,10
2119,0.002995457034558058,ProgressiveNet,4470020,734980,10
2120,0.0029986270237714052,ProgressiveNet,4470020,734980,10
2121,0.0029961669351905584,ProgressiveNet,4470020,734980,10
2122,0.003000536933541298,ProgressiveNet,4470020,734980,10
2123,0.002994316164404154,ProgressiveNet,4470020,734980,10
2124,0.002995176939293742,ProgressiveNet,4470020,734980,10
2125,0.0029868069104850292,ProgressiveNet,4470020,734980,10
2126,0.0029945571441203356,ProgressiveNet,4470020,734980,10
2127,0.002999437041580677,ProgressiveNet,4470020,734980,10
2128,0.0029955068603157997,ProgressiveNet,4470020,734980,10
2129,0.0030017071403563023,ProgressiveNet,4470020,734980,10
2130,0.0030033669900149107,ProgressiveNet,4470020,734980,10
2131,0.0029954661149531603,ProgressiveNet,4470020,734980,10
2132,0.0029941468965262175,ProgressiveNet,4470020,734980,10
2133,0.002994796959683299,ProgressiveNet,4470020,734980,10
2134,0.002992406953126192,ProgressiveNet,4470020,734980,10
2135,0.002997316885739565,ProgressiveNet,4470020,734980,10
2136,0.003005225909873843,ProgressiveNet,4470020,734980,10
2137,0.0029929070733487606,ProgressiveNet,4470020,734980,10
2138,0.002998076844960451,ProgressiveNet,4470020,734980,10
2139,0.0030412860214710236,ProgressiveNet,4470020,734980,10
2140,0.0030217969324439764,ProgressiveNet,4470020,734980,10
2141,0.002991426968947053,ProgressiveNet,4470020,734980,10
2142,0.002994186943396926,ProgressiveNet,4470020,734980,10
2143,0.002988876076415181,ProgressiveNet,4470020,734980,10
2144,0.0029938570223748684,ProgressiveNet,4470020,734980,10
2145,0.0030011471826583147,ProgressiveNet,4470020,734980,10
2146,0.0029922770336270332,ProgressiveNet,4470020,734980,10
2147,0.0030487559270113707,ProgressiveNet,4470020,734980,10
2148,0.0029980770777910948,ProgressiveNet,4470020,734980,10
2149,0.00298866699449718,ProgressiveNet,4470020,734980,10
2150,0.00299404701218009,ProgressiveNet,4470020,734980,10
2151,0.0029869459103792906,ProgressiveNet,4470020,734980,10
2152,0.0029968370217829943,ProgressiveNet,4470020,734980,10
2153,0.0030350168235599995,ProgressiveNet,4470020,734980,10
2154,0.002989796921610832,ProgressiveNet,4470020,734980,10
2155,0.00298923603259027,ProgressiveNet,4470020,734980,10
2156,0.003018427174538374,ProgressiveNet,4470020,734980,10
2157,0.0030182870104908943,ProgressiveNet,4470020,734980,10
2158,0.0030038070399314165,ProgressiveNet,4470020,734980,10
2159,0.0030026568565517664,ProgressiveNet,4470020,734980,10
2160,0.0030460970010608435,ProgressiveNet,4470020,734980,10
2161,0.0030325260013341904,ProgressiveNet,4470020,734980,10
2162,0.002997926902025938,ProgressiveNet,4470020,734980,10
2163,0.0030046270694583654,ProgressiveNet,4470020,734980,10
2164,0.0029929070733487606,ProgressiveNet,4470020,734980,10
2165,0.0030005560256540775,ProgressiveNet,4470020,734980,10
2166,0.0029965369030833244,ProgressiveNet,4470020,734980,10
2167,0.0029881768859922886,ProgressiveNet,4470020,734980,10
2168,0.0029910069424659014,ProgressiveNet,4470020,734980,10
2169,0.0029929568991065025,ProgressiveNet,4470020,734980,10
2170,0.003000417025759816,ProgressiveNet,4470020,734980,10
2171,0.002996167168021202,ProgressiveNet,4470020,734980,10
2172,0.0030351269524544477,ProgressiveNet,4470020,734980,10
2173,0.0030355758499354124,ProgressiveNet,4470020,734980,10
2174,0.002993006957694888,ProgressiveNet,4470020,734980,10
2175,0.003015786875039339,ProgressiveNet,4470020,734980,10
2176,0.0029964069835841656,ProgressiveNet,4470020,734980,10
2177,0.002998596988618374,ProgressiveNet,4470020,734980,10
2178,0.0029894369654357433,ProgressiveNet,4470020,734980,10
2179,0.0029950470197945833,ProgressiveNet,4470020,734980,10
2180,0.002993447007611394,ProgressiveNet,4470020,734980,10
2181,0.003009926062077284,ProgressiveNet,4470020,734980,10
2182,0.003041137009859085,ProgressiveNet,4470020,734980,10
2183,0.0029915168415755033,ProgressiveNet,4470020,734980,10
2184,0.002991636050865054,ProgressiveNet,4470020,734980,10
2185,0.0029915468767285347,ProgressiveNet,4470020,734980,10
2186,0.0029937569051980972,ProgressiveNet,4470020,734980,10
2187,0.002995616989210248,ProgressiveNet,4470020,734980,10
2188,0.0029966470319777727,ProgressiveNet,4470020,734980,10
2189,0.002995485905557871,ProgressiveNet,4470020,734980,10
2190,0.0029974570497870445,ProgressiveNet,4470020,734980,10
2191,0.0029998570680618286,ProgressiveNet,4470020,734980,10
2192,0.0029999869875609875,ProgressiveNet,4470020,734980,10
2193,0.0030000959523022175,ProgressiveNet,4470020,734980,10
2194,0.003000766970217228,ProgressiveNet,4470020,734980,10
2195,0.002999646821990609,ProgressiveNet,4470020,734980,10
2196,0.0029969769529998302,ProgressiveNet,4470020,734980,10
2197,0.002991636050865054,ProgressiveNet,4470020,734980,10
2198,0.0029979769606143236,ProgressiveNet,4470020,734980,10
2199,0.002998516894876957,ProgressiveNet,4470020,734980,10
2200,0.0029941070824861526,ProgressiveNet,4470020,734980,10
2201,0.0030100159347057343,ProgressiveNet,4470020,734980,10
2202,0.0029955769423395395,ProgressiveNet,4470020,734980,10
2203,0.0030038568656891584,ProgressiveNet,4470020,734980,10
2204,0.002995467046275735,ProgressiveNet,4470020,734980,10
2205,0.002999416086822748,ProgressiveNet,4470020,734980,10
2206,0.0030731370206922293,ProgressiveNet,4470020,734980,10
2207,0.002987107029184699,ProgressiveNet,4470020,734980,10
2208,0.0029881768859922886,ProgressiveNet,4470020,734980,10
2209,0.002993826987221837,ProgressiveNet,4470020,734980,10
2210,0.0029854171443730593,ProgressiveNet,4470020,734980,10
2211,0.0029936269856989384,ProgressiveNet,4470020,734980,10
2212,0.00299642700701952,ProgressiveNet,4470020,734980,10
2213,0.00299953599460423,ProgressiveNet,4470020,734980,10
2214,0.003003237070515752,ProgressiveNet,4470020,734980,10
2215,0.002996256807819009,ProgressiveNet,4470020,734980,10
2216,0.0030039569828659296,ProgressiveNet,4470020,734980,10
2217,0.0030021059792488813,ProgressiveNet,4470020,734980,10
2218,0.0029981168918311596,ProgressiveNet,4470020,734980,10
2219,0.0029971071053296328,ProgressiveNet,4470020,734980,10
2220,0.002998876851052046,ProgressiveNet,4470020,734980,10
2221,0.00302936602383852,ProgressiveNet,4470020,734980,10
2222,0.0030331071466207504,ProgressiveNet,4470020,734980,10
2223,0.002996216993778944,ProgressiveNet,4470020,734980,10
2224,0.0030022759456187487,ProgressiveNet,4470020,734980,10
2225,0.0029995469376444817,ProgressiveNet,4470020,734980,10
2226,0.003001886885613203,ProgressiveNet,4470020,734980,10
2227,0.0030023769941180944,ProgressiveNet,4470020,734980,10
2228,0.002999986056238413,ProgressiveNet,4470020,734980,10
2229,0.0029936269856989384,ProgressiveNet,4470020,734980,10
2230,0.0029929070733487606,ProgressiveNet,4470020,734980,10
2231,0.003001266857609153,ProgressiveNet,4470020,734980,10
2232,0.003001636127009988,ProgressiveNet,4470020,734980,10
2233,0.0029954868368804455,ProgressiveNet,4470020,734980,10
2234,0.002996897092089057,ProgressiveNet,4470020,734980,10
2235,0.002997267059981823,ProgressiveNet,4470020,734980,10
2236,0.002995037008076906,ProgressiveNet,4470020,734980,10
2237,0.002988185966387391,ProgressiveNet,4470020,734980,10
2238,0.0029923669062554836,ProgressiveNet,4470020,734980,10
2239,0.003044367069378495,ProgressiveNet,4470020,734980,10
2240,0.002995216054841876,ProgressiveNet,4470020,734980,10
2241,0.0029854068998247385,ProgressiveNet,4470020,734980,10
2242,0.0029786070808768272,ProgressiveNet,4470020,734980,10
2243,0.002984567079693079,ProgressiveNet,4470020,734980,10
2244,0.0029957969672977924,ProgressiveNet,4470020,734980,10
2245,0.0030342359095811844,ProgressiveNet,4470020,734980,10
2246,0.00303863687440753,ProgressiveNet,4470020,734980,10
2247,0.003016006899997592,ProgressiveNet,4470020,734980,10
2248,0.0029987958259880543,ProgressiveNet,4470020,734980,10
2249,0.0030011271592229605,ProgressiveNet,4470020,734980,10
2250,0.002995296847075224,ProgressiveNet,4470020,734980,10
2251,0.0029853570740669966,ProgressiveNet,4470020,734980,10
2252,0.0029900858644396067,ProgressiveNet,4470020,734980,10
2253,0.0029908569995313883,ProgressiveNet,4470020,734980,10
2254,0.0029975168872624636,ProgressiveNet,4470020,734980,10
2255,0.003008627099916339,ProgressiveNet,4470020,734980,10
2256,0.002994895912706852,ProgressiveNet,4470020,734980,10
2257,0.003000536933541298,ProgressiveNet,4470020,734980,10
2258,0.002996366936713457,ProgressiveNet,4470020,734980,10
2259,0.0029988971073180437,ProgressiveNet,4470020,734980,10
2260,0.0029966968577355146,ProgressiveNet,4470020,734980,10
2261,0.0029885568656027317,ProgressiveNet,4470020,734980,10
2262,0.0029953569173812866,ProgressiveNet,4470020,734980,10
2263,0.002984476974233985,ProgressiveNet,4470020,734980,10
2264,0.0029958670493215322,ProgressiveNet,4470020,734980,10
2265,0.0029938160441815853,ProgressiveNet,4470020,734980,10
2266,0.0029971771873533726,ProgressiveNet,4470020,734980,10
2267,0.0029960370156913996,ProgressiveNet,4470020,734980,10
2268,0.002990937093272805,ProgressiveNet,4470020,734980,10
2269,0.0029838469345122576,ProgressiveNet,4470020,734980,10
2270,0.002987495856359601,ProgressiveNet,4470020,734980,10
2271,0.0029852569568902254,ProgressiveNet,4470020,734980,10
2272,0.0030230870470404625,ProgressiveNet,4470020,734980,10
2273,0.0029987869784235954,ProgressiveNet,4470020,734980,10
2274,0.0029987560119479895,ProgressiveNet,4470020,734980,10
2275,0.0029963271226733923,ProgressiveNet,4470020,734980,10
2276,0.002999336924403906,ProgressiveNet,4470020,734980,10
2277,0.0029933268669992685,ProgressiveNet,4470020,734980,10
2278,0.002991895889863372,ProgressiveNet,4470020,734980,10
2279,0.0030093470122665167,ProgressiveNet,4470020,734980,10
2280,0.0029951271135360003,ProgressiveNet,4470020,734980,10
2281,0.0029968570452183485,ProgressiveNet,4470020,734980,10
2282,0.002992857014760375,ProgressiveNet,4470020,734980,10
2283,0.0029972970951348543,ProgressiveNet,4470020,734980,10
2284,0.0030025970190763474,ProgressiveNet,4470020,734980,10
2285,0.0030028270557522774,ProgressiveNet,4470020,734980,10
2286,0.0029988870956003666,ProgressiveNet,4470020,734980,10
2287,0.002994877053424716,ProgressiveNet,4470020,734980,10
2288,0.003013047156855464,ProgressiveNet,4470020,734980,10
2289,0.003005777020007372,ProgressiveNet,4470020,734980,10
2290,0.0030573359690606594,ProgressiveNet,4470020,734980,10
2291,0.0030589872039854527,ProgressiveNet,4470020,734980,10
2292,0.0030110760126262903,ProgressiveNet,4470020,734980,10
2293,0.003008096944540739,ProgressiveNet,4470020,734980,10
2294,0.0030129170045256615,ProgressiveNet,4470020,734980,10
2295,0.0030015360098332167,ProgressiveNet,4470020,734980,10
2296,0.002993606962263584,ProgressiveNet,4470020,734980,10
2297,0.002994947135448456,ProgressiveNet,4470020,734980,10
2298,0.0029966069851070642,ProgressiveNet,4470020,734980,10
2299,0.0029991772025823593,ProgressiveNet,4470020,734980,10
2300,0.003003055928274989,ProgressiveNet,4470020,734980,10
2301,0.0030011669732630253,ProgressiveNet,4470020,734980,10
2302,0.0029946770519018173,ProgressiveNet,4470020,734980,10
2303,0.0030029769986867905,ProgressiveNet,4470020,734980,10
2304,0.002998335985466838,ProgressiveNet,4470020,734980,10
2305,0.0030316871125251055,ProgressiveNet,4470020,734980,10
2306,0.003032607026398182,ProgressiveNet,4470020,734980,10
2307,0.003002336947247386,ProgressiveNet,4470020,734980,10
2308,0.0029912570025771856,ProgressiveNet,4470020,734980,10
2309,0.0030054368544369936,ProgressiveNet,4470020,734980,10
2310,0.003006286919116974,ProgressiveNet,4470020,734980,10
2311,0.00299646588973701,ProgressiveNet,4470020,734980,10
2312,0.0029915468767285347,ProgressiveNet,4470020,734980,10
2313,0.0029951471369713545,ProgressiveNet,4470020,734980,10
2314,0.0030325460247695446,ProgressiveNet,4470020,734980,10
2315,0.0030384769197553396,ProgressiveNet,4470020,734980,10
2316,0.0030311369337141514,ProgressiveNet,4470020,734980,10
2317,0.0030321760568767786,ProgressiveNet,4470020,734980,10
2318,0.002993297064676881,ProgressiveNet,4470020,734980,10
2319,0.0029933569021523,ProgressiveNet,4470020,734980,10
2320,0.0030004670843482018,ProgressiveNet,4470020,734980,10
2321,0.002993685891851783,ProgressiveNet,4470020,734980,10
2322,0.0030028470791876316,ProgressiveNet,4470020,734980,10
2323,0.0029966370202600956,ProgressiveNet,4470020,734980,10
2324,0.0029962370172142982,ProgressiveNet,4470020,734980,10
2325,0.0030024759471416473,ProgressiveNet,4470020,734980,10
2326,0.003036817070096731,ProgressiveNet,4470020,734980,10
2327,0.003036386799067259,ProgressiveNet,4470020,734980,10
2328,0.003003007033839822,ProgressiveNet,4470020,734980,10
2329,0.002997637027874589,ProgressiveNet,4470020,734980,10
2330,0.0030037970282137394,ProgressiveNet,4470020,734980,10
2331,0.0029945571441203356,ProgressiveNet,4470020,734980,10
2332,0.0030004559084773064,ProgressiveNet,4470020,734980,10
2333,0.002995947143062949,ProgressiveNet,4470020,734980,10
2334,0.0029916169587522745,ProgressiveNet,4470020,734980,10
2335,0.0030202569905668497,ProgressiveNet,4470020,734980,10
2336,0.003016337053850293,ProgressiveNet,4470020,734980,10
2337,0.003003526944667101,ProgressiveNet,4470020,734980,10
2338,0.003017167095094919,ProgressiveNet,4470020,734980,10
2339,0.003043405944481492,ProgressiveNet,4470020,734980,10
2340,0.00300004705786705,ProgressiveNet,4470020,734980,10
2341,0.002991646993905306,ProgressiveNet,4470020,734980,10
2342,0.003004625905305147,ProgressiveNet,4470020,734980,10
2343,0.0029905170667916536,ProgressiveNet,4470020,734980,10
2344,0.0029955969657748938,ProgressiveNet,4470020,734980,10
2345,0.002991556888446212,ProgressiveNet,4470020,734980,10
2346,0.002989196917042136,ProgressiveNet,4470020,734980,10
2347,0.002991765970364213,ProgressiveNet,4470020,734980,10
2348,0.0029944670386612415,ProgressiveNet,4470020,734980,10
2349,0.002990246983245015,ProgressiveNet,4470020,734980,10
2350,0.0029929769225418568,ProgressiveNet,4470020,734980,10
2351,0.0030086971819400787,ProgressiveNet,4470020,734980,10
2352,0.003001146949827671,ProgressiveNet,4470020,734980,10
2353,0.0030063469894230366,ProgressiveNet,4470020,734980,10
2354,0.0029990568291395903,ProgressiveNet,4470020,734980,10
2355,0.0029989159666001797,ProgressiveNet,4470020,734980,10
2356,0.0033371159806847572,ProgressiveNet,4470020,734980,10
2357,0.0030063858721405268,ProgressiveNet,4470020,734980,10
2358,0.003001017030328512,ProgressiveNet,4470020,734980,10
2359,0.0030347169376909733,ProgressiveNet,4470020,734980,10
2360,0.003031736006960273,ProgressiveNet,4470020,734980,10
2361,0.002995707094669342,ProgressiveNet,4470020,734980,10
2362,0.0029895969200879335,ProgressiveNet,4470020,734980,10
2363,0.0030277171172201633,ProgressiveNet,4470020,734980,10
2364,0.00299884588457644,ProgressiveNet,4470020,734980,10
2365,0.0030168769881129265,ProgressiveNet,4470020,734980,10
2366,0.00299219717271626,ProgressiveNet,4470020,734980,10
2367,0.0029948269948363304,ProgressiveNet,4470020,734980,10
2368,0.002998785814270377,ProgressiveNet,4470020,734980,10
2369,0.0029936269856989384,ProgressiveNet,4470020,734980,10
2370,0.002991287037730217,ProgressiveNet,4470020,734980,10
2371,0.0029955669306218624,ProgressiveNet,4470020,734980,10
2372,0.0030600461177527905,ProgressiveNet,4470020,734980,10
2373,0.002991657005622983,ProgressiveNet,4470020,734980,10
2374,0.0029933969490230083,ProgressiveNet,4470020,734980,10
2375,0.002996176015585661,ProgressiveNet,4470020,734980,10
2376,0.0029918670188635588,ProgressiveNet,4470020,734980,10
2377,0.002993667032569647,ProgressiveNet,4470020,734980,10
2378,0.002989487024024129,ProgressiveNet,4470020,734980,10
2379,0.003018207149580121,ProgressiveNet,4470020,734980,10
2380,0.003008987056091428,ProgressiveNet,4470020,734980,10
2381,0.0030013970099389553,ProgressiveNet,4470020,734980,10
2382,0.0029939268715679646,ProgressiveNet,4470020,734980,10
2383,0.0030024570878595114,ProgressiveNet,4470020,734980,10
2384,0.0029981171246618032,ProgressiveNet,4470020,734980,10
2385,0.0030006268061697483,ProgressiveNet,4470020,734980,10
2386,0.0030174069106578827,ProgressiveNet,4470020,734980,10
2387,0.0029979271348565817,ProgressiveNet,4470020,734980,10
2388,0.0030029669869691133,ProgressiveNet,4470020,734980,10
2389,0.0029915969353169203,ProgressiveNet,4470020,734980,10
2390,0.0029913471080362797,ProgressiveNet,4470020,734980,10
2391,0.002994717098772526,ProgressiveNet,4470020,734980,10
2392,0.002994535956531763,ProgressiveNet,4470020,734980,10
2393,0.00298935710452497,ProgressiveNet,4470020,734980,10
2394,0.00306100700981915,ProgressiveNet,4470020,734980,10
2395,0.0029908858705312014,ProgressiveNet,4470020,734980,10
2396,0.0029962470289319754,ProgressiveNet,4470020,734980,10
2397,0.0029956770595163107,ProgressiveNet,4470020,734980,10
2398,0.0030066671315580606,ProgressiveNet,4470020,734980,10
2399,0.0030008358880877495,ProgressiveNet,4470020,734980,10
2400,0.0030044971499592066,ProgressiveNet,4470020,734980,10
2401,0.0030054771341383457,ProgressiveNet,4470020,734980,10
2402,0.003002106910571456,ProgressiveNet,4470020,734980,10
2403,0.003006506012752652,ProgressiveNet,4470020,734980,10
2404,0.0029937769286334515,ProgressiveNet,4470020,734980,10
2405,0.003068197052925825,ProgressiveNet,4470020,734980,10
2406,0.0029876569751650095,ProgressiveNet,4470020,734980,10
2407,0.0029951371252536774,ProgressiveNet,4470020,734980,10
2408,0.003006397048011422,ProgressiveNet,4470020,734980,10
2409,0.00299850688315928,ProgressiveNet,4470020,734980,10
2410,0.003007326042279601,ProgressiveNet,4470020,734980,10
2411,0.0030086569022387266,ProgressiveNet,4470020,734980,10
2412,0.0030478069093078375,ProgressiveNet,4470020,734980,10
2413,0.003054186003282666,ProgressiveNet,4470020,734980,10
2414,0.0030224670190364122,ProgressiveNet,4470020,734980,10
2415,0.003000135999172926,ProgressiveNet,4470020,734980,10
2416,0.002995557151734829,ProgressiveNet,4470020,734980,10
2417,0.0029935569036751986,ProgressiveNet,4470020,734980,10
2418,0.002992497058585286,ProgressiveNet,4470020,734980,10
2419,0.003009757027029991,ProgressiveNet,4470020,734980,10
2420,0.0029861358925700188,ProgressiveNet,4470020,734980,10
2421,0.0029922870453447104,ProgressiveNet,4470020,734980,10
2422,0.002984606893733144,ProgressiveNet,4470020,734980,10
2423,0.002995406975969672,ProgressiveNet,4470020,734980,10
2424,0.002993845846503973,ProgressiveNet,4470020,734980,10
2425,0.0030204770155251026,ProgressiveNet,4470020,734980,10
2426,0.003010026877745986,ProgressiveNet,4470020,734980,10
2427,0.0030154071282595396,ProgressiveNet,4470020,734980,10
2428,0.0030275369063019753,ProgressiveNet,4470020,734980,10
2429,0.0030376568902283907,ProgressiveNet,4470020,734980,10
2430,0.002993206959217787,ProgressiveNet,4470020,734980,10
2431,0.0029892660677433014,ProgressiveNet,4470020,734980,10
2432,0.002992316847667098,ProgressiveNet,4470020,734980,10
2433,0.0029896271880716085,ProgressiveNet,4470020,734980,10
2434,0.0029893668834120035,ProgressiveNet,4470020,734980,10
2435,0.002992526162415743,ProgressiveNet,4470020,734980,10
2436,0.0029947571456432343,ProgressiveNet,4470020,734980,10
2437,0.002989256987348199,ProgressiveNet,4470020,734980,10
2438,0.003061597002670169,ProgressiveNet,4470020,734980,10
2439,0.0029967359732836485,ProgressiveNet,4470020,734980,10
2440,0.002993136877194047,ProgressiveNet,4470020,734980,10
2441,0.0029934870544821024,ProgressiveNet,4470020,734980,10
2442,0.002999566961079836,ProgressiveNet,4470020,734980,10
2443,0.0029971960466355085,ProgressiveNet,4470020,734980,10
2444,0.002995176939293742,ProgressiveNet,4470020,734980,10
2445,0.0029972768388688564,ProgressiveNet,4470020,734980,10
2446,0.002996447030454874,ProgressiveNet,4470020,734980,10
2447,0.0029910460580140352,ProgressiveNet,4470020,734980,10
2448,0.0029981271363794804,ProgressiveNet,4470020,734980,10
2449,0.0029842869844287634,ProgressiveNet,4470020,734980,10
2450,0.0029900469817221165,ProgressiveNet,4470020,734980,10
2451,0.0029976069927215576,ProgressiveNet,4470020,734980,10
2452,0.002993475878611207,ProgressiveNet,4470020,734980,10
2453,0.0029970770701766014,ProgressiveNet,4470020,734980,10
2454,0.0029928069561719894,ProgressiveNet,4470020,734980,10
2455,0.0029969268944114447,ProgressiveNet,4470020,734980,10
2456,0.00299630593508482,ProgressiveNet,4470020,734980,10
2457,0.0029956370126456022,ProgressiveNet,4470020,734980,10
2458,0.0029998270329087973,ProgressiveNet,4470020,734980,10
2459,0.0030028868932276964,ProgressiveNet,4470020,734980,10
2460,0.0029967771843075752,ProgressiveNet,4470020,734980,10
2461,0.0029899871442466974,ProgressiveNet,4470020,734980,10
2462,0.0029868369456380606,ProgressiveNet,4470020,734980,10
2463,0.0029924071859568357,ProgressiveNet,4470020,734980,10
2464,0.002998097101226449,ProgressiveNet,4470020,734980,10
2465,0.0029942761175334454,ProgressiveNet,4470020,734980,10
2466,0.002992187160998583,ProgressiveNet,4470020,734980,10
2467,0.0029957268852740526,ProgressiveNet,4470020,734980,10
2468,0.0029965071007609367,ProgressiveNet,4470020,734980,10
2469,0.0029933061450719833,ProgressiveNet,4470020,734980,10
2470,0.0030226369854062796,ProgressiveNet,4470020,734980,10
2471,0.00305077712982893,ProgressiveNet,4470020,734980,10
2472,0.0030477859545499086,ProgressiveNet,4470020,734980,10
2473,0.0030015369411557913,ProgressiveNet,4470020,734980,10
2474,0.00299912691116333,ProgressiveNet,4470020,734980,10
2475,0.0029922369867563248,ProgressiveNet,4470020,734980,10
2476,0.0029940870590507984,ProgressiveNet,4470020,734980,10
2477,0.00300750695168972,ProgressiveNet,4470020,734980,10
2478,0.0030129069928079844,ProgressiveNet,4470020,734980,10
2479,0.0031006161589175463,ProgressiveNet,4470020,734980,10
2480,0.0029869871214032173,ProgressiveNet,4470020,734980,10
2481,0.0029972370248287916,ProgressiveNet,4470020,734980,10
2482,0.0030266859102994204,ProgressiveNet,4470020,734980,10
2483,0.002991186920553446,ProgressiveNet,4470020,734980,10
2484,0.0029938470106571913,ProgressiveNet,4470020,734980,10
2485,0.002990567125380039,ProgressiveNet,4470020,734980,10
2486,0.003003265941515565,ProgressiveNet,4470020,734980,10
2487,0.002997916890308261,ProgressiveNet,4470020,734980,10
2488,0.0029978470411151648,ProgressiveNet,4470020,734980,10
2489,0.002996757160872221,ProgressiveNet,4470020,734980,10
2490,0.0030031660571694374,ProgressiveNet,4470020,734980,10
2491,0.002993826987221837,ProgressiveNet,4470020,734980,10
2492,0.0029966270085424185,ProgressiveNet,4470020,734980,10
2493,0.0029977071098983288,ProgressiveNet,4470020,734980,10
2494,0.0030064061284065247,ProgressiveNet,4470020,734980,10
2495,0.0030043870210647583,ProgressiveNet,4470020,734980,10
2496,0.0030070568900555372,ProgressiveNet,4470020,734980,10
2497,0.003020905889570713,ProgressiveNet,4470020,734980,10
2498,0.0030322871170938015,ProgressiveNet,4470020,734980,10
2499,0.002997257048264146,ProgressiveNet,4470020,734980,10
2500,0.0029911668971180916,ProgressiveNet,4470020,734980,10
2501,0.002992975991219282,ProgressiveNet,4470020,734980,10
2502,0.0029952770564705133,ProgressiveNet,4470020,734980,10
2503,0.0029949969612061977,ProgressiveNet,4470020,734980,10
2504,0.0030263769440352917,ProgressiveNet,4470020,734980,10
2505,0.0030318759381771088,ProgressiveNet,4470020,734980,10
2506,0.0029946870636194944,ProgressiveNet,4470020,734980,10
2507,0.0029884770046919584,ProgressiveNet,4470020,734980,10
2508,0.0029916169587522745,ProgressiveNet,4470020,734980,10
2509,0.0029998060781508684,ProgressiveNet,4470020,734980,10
2510,0.002993596950545907,ProgressiveNet,4470020,734980,10
2511,0.0029911971651017666,ProgressiveNet,4470020,734980,10
2512,0.002998087089508772,ProgressiveNet,4470020,734980,10
2513,0.0029933168552815914,ProgressiveNet,4470020,734980,10
2514,0.003001656848937273,ProgressiveNet,4470020,734980,10
2515,0.003014816902577877,ProgressiveNet,4470020,734980,10
2516,0.0030092569068074226,ProgressiveNet,4470020,734980,10
2517,0.0029969061724841595,ProgressiveNet,4470020,734980,10
2518,0.0030027369502931833,ProgressiveNet,4470020,734980,10
2519,0.0030064769089221954,ProgressiveNet,4470020,734980,10
2520,0.00299443700350821,ProgressiveNet,4470020,734980,10
2521,0.002997966017574072,ProgressiveNet,4470020,734980,10
2522,0.00299212709069252,ProgressiveNet,4470020,734980,10
2523,0.002992836991325021,ProgressiveNet,4470020,734980,10
2524,0.0029969268944114447,ProgressiveNet,4470020,734980,10
2525,0.0029873568564653397,ProgressiveNet,4470020,734980,10
2526,0.003001537173986435,ProgressiveNet,4470020,734980,10
2527,0.0030014868825674057,ProgressiveNet,4470020,734980,10
2528,0.0029974570497870445,ProgressiveNet,4470020,734980,10
2529,0.002987856976687908,ProgressiveNet,4470020,734980,10
2530,0.002992697060108185,ProgressiveNet,4470020,734980,10
2531,0.0029976770747452974,ProgressiveNet,4470020,734980,10
2532,0.002993886824697256,ProgressiveNet,4470020,734980,10
2533,0.002986276987940073,ProgressiveNet,4470020,734980,10
2534,0.0029981869738548994,ProgressiveNet,4470020,734980,10
2535,0.0029958770610392094,ProgressiveNet,4470020,734980,10
2536,0.0029901268426328897,ProgressiveNet,4470020,734980,10
2537,0.0030025369487702847,ProgressiveNet,4470020,734980,10
2538,0.0030529361683875322,ProgressiveNet,4470020,734980,10
2539,0.0029910069424659014,ProgressiveNet,4470020,734980,10
2540,0.003004266880452633,ProgressiveNet,4470020,734980,10
2541,0.002992686815559864,ProgressiveNet,4470020,734980,10
2542,0.0030008458998054266,ProgressiveNet,4470020,734980,10
2543,0.0029933869373053312,ProgressiveNet,4470020,734980,10
2544,0.00299681699834764,ProgressiveNet,4470020,734980,10
2545,0.0029957271181046963,ProgressiveNet,4470020,734980,10
2546,0.0029961159452795982,ProgressiveNet,4470020,734980,10
2547,0.003016317030414939,ProgressiveNet,4470020,734980,10
2548,0.002995146904140711,ProgressiveNet,4470020,734980,10
2549,0.0029948169831186533,ProgressiveNet,4470020,734980,10
2550,0.0029870658181607723,ProgressiveNet,4470020,734980,10
2551,0.0029927671421319246,ProgressiveNet,4470020,734980,10
2552,0.0029917871579527855,ProgressiveNet,4470020,734980,10
2553,0.003002856858074665,ProgressiveNet,4470020,734980,10
2554,0.0029931270983070135,ProgressiveNet,4470020,734980,10
2555,0.002988026011735201,ProgressiveNet,4470020,734980,10
2556,0.002990467008203268,ProgressiveNet,4470020,734980,10
2557,0.002989536849781871,ProgressiveNet,4470020,734980,10
2558,0.0029964069835841656,ProgressiveNet,4470020,734980,10
2559,0.003014486050233245,ProgressiveNet,4470020,734980,10
2560,0.0030077968258410692,ProgressiveNet,4470020,734980,10
2561,0.0030049970373511314,ProgressiveNet,4470020,734980,10
2562,0.002998827025294304,ProgressiveNet,4470020,734980,10
2563,0.002998366951942444,ProgressiveNet,4470020,734980,10
2564,0.0029988570604473352,ProgressiveNet,4470020,734980,10
2565,0.0030016968958079815,ProgressiveNet,4470020,734980,10
2566,0.003031885949894786,ProgressiveNet,4470020,734980,10
2567,0.00300734699703753,ProgressiveNet,4470020,734980,10
2568,0.0030024468433111906,ProgressiveNet,4470020,734980,10
2569,0.00300004705786705,ProgressiveNet,4470020,734980,10
2570,0.002991555957123637,ProgressiveNet,4470020,734980,10
2571,0.0030431170016527176,ProgressiveNet,4470020,734980,10
2572,0.0029925070703029633,ProgressiveNet,4470020,734980,10
2573,0.0029924269765615463,ProgressiveNet,4470020,734980,10
2574,0.002999095944687724,ProgressiveNet,4470020,734980,10
2575,0.002998906886205077,ProgressiveNet,4470020,734980,10
2576,0.0029948269948363304,ProgressiveNet,4470020,734980,10
2577,0.003011857159435749,ProgressiveNet,4470020,734980,10
2578,0.0029914858750998974,ProgressiveNet,4470020,734980,10
2579,0.0029969371389597654,ProgressiveNet,4470020,734980,10
2580,0.0029977469239383936,ProgressiveNet,4470020,734980,10
2581,0.002993667032569647,ProgressiveNet,4470020,734980,10
2582,0.0030001159757375717,ProgressiveNet,4470020,734980,10
2583,0.0029901370871812105,ProgressiveNet,4470020,734980,10
2584,0.0029976970981806517,ProgressiveNet,4470020,734980,10
2585,0.0029891871381551027,ProgressiveNet,4470020,734980,10
2586,0.002989256987348199,ProgressiveNet,4470020,734980,10
2587,0.002989836037158966,ProgressiveNet,4470020,734980,10
2588,0.0029919669032096863,ProgressiveNet,4470020,734980,10
2589,0.002996967174112797,ProgressiveNet,4470020,734980,10
2590,0.00299612688831985,ProgressiveNet,4470020,734980,10
2591,0.0029978358652442694,ProgressiveNet,4470020,734980,10
2592,0.0029951869510114193,ProgressiveNet,4470020,734980,10
2593,0.002990236971527338,ProgressiveNet,4470020,734980,10
2594,0.002995257033035159,ProgressiveNet,4470020,734980,10
2595,0.002998907119035721,ProgressiveNet,4470020,734980,10
2596,0.0030026270542293787,ProgressiveNet,4470020,734980,10
2597,0.003002877114340663,ProgressiveNet,4470020,734980,10
2598,0.0029988070018589497,ProgressiveNet,4470020,734980,10
2599,0.0029990668408572674,ProgressiveNet,4470020,734980,10
2600,0.002989416942000389,ProgressiveNet,4470020,734980,10
2601,0.0029863971285521984,ProgressiveNet,4470020,734980,10
2602,0.00299589685164392,ProgressiveNet,4470020,734980,10
2603,0.0029957271181046963,ProgressiveNet,4470020,734980,10
2604,0.0030734960455447435,ProgressiveNet,4470020,734980,10
2605,0.003007217077538371,ProgressiveNet,4470020,734980,10
2606,0.003003717167302966,ProgressiveNet,4470020,734980,10
2607,0.0030124459881335497,ProgressiveNet,4470020,734980,10
2608,0.003010256914421916,ProgressiveNet,4470020,734980,10
2609,0.0029936369974166155,ProgressiveNet,4470020,734980,10
2610,0.002995176939293742,ProgressiveNet,4470020,734980,10
2611,0.002993226982653141,ProgressiveNet,4470020,734980,10
2612,0.0029977469239383936,ProgressiveNet,4470020,734980,10
2613,0.0029942570254206657,ProgressiveNet,4470020,734980,10
2614,0.0029922870453447104,ProgressiveNet,4470020,734980,10
2615,0.0029930758755654097,ProgressiveNet,4470020,734980,10
2616,0.0029960169922560453,ProgressiveNet,4470020,734980,10
2617,0.0029956570360809565,ProgressiveNet,4470020,734980,10
2618,0.0029984069988131523,ProgressiveNet,4470020,734980,10
2619,0.0029975660145282745,ProgressiveNet,4470020,734980,10
2620,0.002995776943862438,ProgressiveNet,4470020,734980,10
2621,0.002991216955706477,ProgressiveNet,4470020,734980,10
2622,0.002997186966240406,ProgressiveNet,4470020,734980,10
2623,0.002984417136758566,ProgressiveNet,4470020,734980,10
2624,0.0030028868932276964,ProgressiveNet,4470020,734980,10
2625,0.003003906924277544,ProgressiveNet,4470020,734980,10
2626,0.0030251271091401577,ProgressiveNet,4470020,734980,10
2627,0.0030014559160917997,ProgressiveNet,4470020,734980,10
2628,0.003001386998221278,ProgressiveNet,4470020,734980,10
2629,0.002996057039126754,ProgressiveNet,4470020,734980,10
2630,0.0029996170196682215,ProgressiveNet,4470020,734980,10
2631,0.0030063160229474306,ProgressiveNet,4470020,734980,10
2632,0.0029888770077377558,ProgressiveNet,4470020,734980,10
2633,0.0029939368832856417,ProgressiveNet,4470020,734980,10
2634,0.002999077085405588,ProgressiveNet,4470020,734980,10
2635,0.0030148769728839397,ProgressiveNet,4470020,734980,10
2636,0.0030372468754649162,ProgressiveNet,4470020,734980,10
2637,0.0030307669658213854,ProgressiveNet,4470020,734980,10
2638,0.003009706037119031,ProgressiveNet,4470020,734980,10
2639,0.0030702969525009394,ProgressiveNet,4470020,734980,10
2640,0.0030400559771806,ProgressiveNet,4470020,734980,10
2641,0.003067716956138611,ProgressiveNet,4470020,734980,10
2642,0.0030029569752514362,ProgressiveNet,4470020,734980,10
2643,0.002995945978909731,ProgressiveNet,4470020,734980,10
2644,0.0030149570666253567,ProgressiveNet,4470020,734980,10
2645,0.0029983471613377333,ProgressiveNet,4470020,734980,10
2646,0.0030128369107842445,ProgressiveNet,4470020,734980,10
2647,0.0030269669368863106,ProgressiveNet,4470020,734980,10
2648,0.0030912160873413086,ProgressiveNet,4470020,734980,10
2649,0.003031696891412139,ProgressiveNet,4470020,734980,10
2650,0.003013846930116415,ProgressiveNet,4470020,734980,10
2651,0.0030035660602152348,ProgressiveNet,4470020,734980,10
2652,0.0029974468052387238,ProgressiveNet,4470020,734980,10
2653,0.003007437102496624,ProgressiveNet,4470020,734980,10
2654,0.0029985171277076006,ProgressiveNet,4470020,734980,10
2655,0.002987826941534877,ProgressiveNet,4470020,734980,10
2656,0.002988626016303897,ProgressiveNet,4470020,734980,10
2657,0.003031326923519373,ProgressiveNet,4470020,734980,10
2658,0.003032237058505416,ProgressiveNet,4470020,734980,10
2659,0.002989725908264518,ProgressiveNet,4470020,734980,10
2660,0.002998906886205077,ProgressiveNet,4470020,734980,10
2661,0.0029931971803307533,ProgressiveNet,4470020,734980,10
2662,0.0029930369928479195,ProgressiveNet,4470020,734980,10
2663,0.0029923859983682632,ProgressiveNet,4470020,734980,10
2664,0.003016076982021332,ProgressiveNet,4470020,734980,10
2665,0.003011987078934908,ProgressiveNet,4470020,734980,10
2666,0.0029972370248287916,ProgressiveNet,4470020,734980,10
2667,0.002994745969772339,ProgressiveNet,4470020,734980,10
2668,0.002987487008795142,ProgressiveNet,4470020,734980,10
2669,0.0029928870499134064,ProgressiveNet,4470020,734980,10
2670,0.003027526894584298,ProgressiveNet,4470020,734980,10
2671,0.003031626110896468,ProgressiveNet,4470020,734980,10
2672,0.0030007471796125174,ProgressiveNet,4470020,734980,10
2673,0.002990697044879198,ProgressiveNet,4470020,734980,10
2674,0.002995107090100646,ProgressiveNet,4470020,734980,10
2675,0.0029950160533189774,ProgressiveNet,4470020,734980,10
2676,0.0030048468615859747,ProgressiveNet,4470020,734980,10
2677,0.0029872970189899206,ProgressiveNet,4470020,734980,10
2678,0.002995076822116971,ProgressiveNet,4470020,734980,10
2679,0.002998495940119028,ProgressiveNet,4470020,734980,10
2680,0.002995606977492571,ProgressiveNet,4470020,734980,10
2681,0.0030025672167539597,ProgressiveNet,4470020,734980,10
2682,0.00299873691983521,ProgressiveNet,4470020,734980,10
2683,0.0029937659855931997,ProgressiveNet,4470020,734980,10
2684,0.0029946269933134317,ProgressiveNet,4470020,734980,10
2685,0.002989416942000389,ProgressiveNet,4470020,734980,10
2686,0.002990547101944685,ProgressiveNet,4470020,734980,10
2687,0.0029923771508038044,ProgressiveNet,4470020,734980,10
2688,0.0029994661454111338,ProgressiveNet,4470020,734980,10
2689,0.003002047073096037,ProgressiveNet,4470020,734980,10
2690,0.0029978170059621334,ProgressiveNet,4470020,734980,10
2691,0.0029975869692862034,ProgressiveNet,4470020,734980,10
2692,0.0029949969612061977,ProgressiveNet,4470020,734980,10
2693,0.003017307026311755,ProgressiveNet,4470020,734980,10
2694,0.0030143768526613712,ProgressiveNet,4470020,734980,10
2695,0.003012486035004258,ProgressiveNet,4470020,734980,10
2696,0.002997657051309943,ProgressiveNet,4470020,734980,10
2697,0.003001366974785924,ProgressiveNet,4470020,734980,10
2698,0.002990246983245015,ProgressiveNet,4470020,734980,10
2699,0.003004626138135791,ProgressiveNet,4470020,734980,10
2700,0.002996736904606223,ProgressiveNet,4470020,734980,10
2701,0.0029941070824861526,ProgressiveNet,4470020,734980,10
2702,0.0030384270939975977,ProgressiveNet,4470020,734980,10
2703,0.002999057061970234,ProgressiveNet,4470020,734980,10
2704,0.003003146965056658,ProgressiveNet,4470020,734980,10
2705,0.0030390569008886814,ProgressiveNet,4470020,734980,10
2706,0.002999786054715514,ProgressiveNet,4470020,734980,10
2707,0.0029916767962276936,ProgressiveNet,4470020,734980,10
2708,0.002992036985233426,ProgressiveNet,4470020,734980,10
2709,0.0029903471004217863,ProgressiveNet,4470020,734980,10
2710,0.0029998859390616417,ProgressiveNet,4470020,734980,10
2711,0.0030073372181504965,ProgressiveNet,4470020,734980,10
2712,0.002993687056005001,ProgressiveNet,4470020,734980,10
2713,0.002987037179991603,ProgressiveNet,4470020,734980,10
2714,0.0029946169815957546,ProgressiveNet,4470020,734980,10
2715,0.0029920160304754972,ProgressiveNet,4470020,734980,10
2716,0.0029985769651830196,ProgressiveNet,4470020,734980,10
2717,0.002987697022035718,ProgressiveNet,4470020,734980,10
2718,0.0029971369076520205,ProgressiveNet,4470020,734980,10
2719,0.0030007660388946533,ProgressiveNet,4470020,734980,10
2720,0.002997417002916336,ProgressiveNet,4470020,734980,10
2721,0.0029987068846821785,ProgressiveNet,4470020,734980,10
2722,0.002995606977492571,ProgressiveNet,4470020,734980,10
2723,0.0030030161142349243,ProgressiveNet,4470020,734980,10
2724,0.002992327092215419,ProgressiveNet,4470020,734980,10
2725,0.002996576949954033,ProgressiveNet,4470020,734980,10
2726,0.0029912369791418314,ProgressiveNet,4470020,734980,10
2727,0.0029901571106165648,ProgressiveNet,4470020,734980,10
2728,0.002987876068800688,ProgressiveNet,4470020,734980,10
2729,0.0029946870636194944,ProgressiveNet,4470020,734980,10
2730,0.002995396964251995,ProgressiveNet,4470020,734980,10
2731,0.0029908069409430027,ProgressiveNet,4470020,734980,10
2732,0.0029940169770270586,ProgressiveNet,4470020,734980,10
2733,0.003019746858626604,ProgressiveNet,4470020,734980,10
2734,0.003035247093066573,ProgressiveNet,4470020,734980,10
2735,0.002997367177158594,ProgressiveNet,4470020,734980,10
2736,0.00299438601359725,ProgressiveNet,4470020,734980,10
2737,0.0030625169165432453,ProgressiveNet,4470020,734980,10
2738,0.0030258060432970524,ProgressiveNet,4470020,734980,10
2739,0.0030039569828659296,ProgressiveNet,4470020,734980,10
2740,0.0030009669717401266,ProgressiveNet,4470020,734980,10
2741,0.0029985469300299883,ProgressiveNet,4470020,734980,10
2742,0.0029971960466355085,ProgressiveNet,4470020,734980,10
2743,0.0029971569310873747,ProgressiveNet,4470020,734980,10
2744,0.0030750371515750885,ProgressiveNet,4470020,734980,10
2745,0.0029872660525143147,ProgressiveNet,4470020,734980,10
2746,0.0029881868977099657,ProgressiveNet,4470020,734980,10
2747,0.0029896171763539314,ProgressiveNet,4470020,734980,10
2748,0.002992986934259534,ProgressiveNet,4470020,734980,10
2749,0.0029919168446213007,ProgressiveNet,4470020,734980,10
2750,0.002993656089529395,ProgressiveNet,4470020,734980,10
2751,0.002991057001054287,ProgressiveNet,4470020,734980,10
2752,0.002994887065142393,ProgressiveNet,4470020,734980,10
2753,0.0029925471171736717,ProgressiveNet,4470020,734980,10
2754,0.0029964069835841656,ProgressiveNet,4470020,734980,10
2755,0.00299358693882823,ProgressiveNet,4470020,734980,10
2756,0.002989057218655944,ProgressiveNet,4470020,734980,10
2757,0.002991576911881566,ProgressiveNet,4470020,734980,10
2758,0.002991586923599243,ProgressiveNet,4470020,734980,10
2759,0.0029851868748664856,ProgressiveNet,4470020,734980,10
2760,0.0029851170256733894,ProgressiveNet,4470020,734980,10
2761,0.0029918369837105274,ProgressiveNet,4470020,734980,10
2762,0.0029918269719928503,ProgressiveNet,4470020,734980,10
2763,0.0029927969444543123,ProgressiveNet,4470020,734980,10
2764,0.002982076955959201,ProgressiveNet,4470020,734980,10
2765,0.002991657005622983,ProgressiveNet,4470020,734980,10
2766,0.0029867670964449644,ProgressiveNet,4470020,734980,10
2767,0.00298028695397079,ProgressiveNet,4470020,734980,10
2768,0.0029875170439481735,ProgressiveNet,4470020,734980,10
2769,0.0029807768296450377,ProgressiveNet,4470020,734980,10
2770,0.0030260859057307243,ProgressiveNet,4470020,734980,10
2771,0.003022547112777829,ProgressiveNet,4470020,734980,10
2772,0.002994346898049116,ProgressiveNet,4470020,734980,10
2773,0.0029958358500152826,ProgressiveNet,4470020,734980,10
2774,0.0030254670418798923,ProgressiveNet,4470020,734980,10
2775,0.002986207138746977,ProgressiveNet,4470020,734980,10
2776,0.0029864769894629717,ProgressiveNet,4470020,734980,10
2777,0.00298662600107491,ProgressiveNet,4470020,734980,10
2778,0.0029918469954282045,ProgressiveNet,4470020,734980,10
2779,0.0029923070687800646,ProgressiveNet,4470020,734980,10
2780,0.0029900469817221165,ProgressiveNet,4470020,734980,10
2781,0.002987997140735388,ProgressiveNet,4470020,734980,10
2782,0.0030104960314929485,ProgressiveNet,4470020,734980,10
2783,0.0030095570255070925,ProgressiveNet,4470020,734980,10
2784,0.0029996370431035757,ProgressiveNet,4470020,734980,10
2785,0.002993087051436305,ProgressiveNet,4470020,734980,10
2786,0.002992975991219282,ProgressiveNet,4470020,734980,10
2787,0.0030005769804120064,ProgressiveNet,4470020,734980,10
2788,0.0029907471034675837,ProgressiveNet,4470020,734980,10
2789,0.002990506822243333,ProgressiveNet,4470020,734980,10
2790,0.002987487008795142,ProgressiveNet,4470020,734980,10
2791,0.0029927461873739958,ProgressiveNet,4470020,734980,10
2792,0.0029944470152258873,ProgressiveNet,4470020,734980,10
2793,0.002991057001054287,ProgressiveNet,4470020,734980,10
2794,0.0029955869540572166,ProgressiveNet,4470020,734980,10
2795,0.0029925161506980658,ProgressiveNet,4470020,734980,10
2796,0.0029888770077377558,ProgressiveNet,4470020,734980,10
2797,0.0030036168172955513,ProgressiveNet,4470020,734980,10
2798,0.0029946970753371716,ProgressiveNet,4470020,734980,10
2799,0.0029908770229667425,ProgressiveNet,4470020,734980,10
2800,0.0029979469254612923,ProgressiveNet,4470020,734980,10
2801,0.002997057046741247,ProgressiveNet,4470020,734980,10
2802,0.0029895571060478687,ProgressiveNet,4470020,734980,10
2803,0.0030029769986867905,ProgressiveNet,4470020,734980,10
2804,0.002998216077685356,ProgressiveNet,4470020,734980,10
2805,0.0029881270602345467,ProgressiveNet,4470020,734980,10
2806,0.002998327137902379,ProgressiveNet,4470020,734980,10
2807,0.0030029569752514362,ProgressiveNet,4470020,734980,10
2808,0.0030020459089428186,ProgressiveNet,4470020,734980,10
2809,0.0029845170211046934,ProgressiveNet,4470020,734980,10
2810,0.0029926670249551535,ProgressiveNet,4470020,734980,10
2811,0.0029912369791418314,ProgressiveNet,4470020,734980,10
2812,0.002993876812979579,ProgressiveNet,4470020,734980,10
2813,0.002993945963680744,ProgressiveNet,4470020,734980,10
2814,0.0029911368619650602,ProgressiveNet,4470020,734980,10
2815,0.002986507024616003,ProgressiveNet,4470020,734980,10
2816,0.0030658359173685312,ProgressiveNet,4470020,734980,10
2817,0.0030090068466961384,ProgressiveNet,4470020,734980,10
2818,0.0030410869512706995,ProgressiveNet,4470020,734980,10
2819,0.0030558560974895954,ProgressiveNet,4470020,734980,10
2820,0.002995207207277417,ProgressiveNet,4470020,734980,10
2821,0.002997796982526779,ProgressiveNet,4470020,734980,10
2822,0.0030005371663719416,ProgressiveNet,4470020,734980,10
2823,0.0030035970266908407,ProgressiveNet,4470020,734980,10
2824,0.0029990370385348797,ProgressiveNet,4470020,734980,10
2825,0.0030159468296915293,ProgressiveNet,4470020,734980,10
2826,0.0030003360006958246,ProgressiveNet,4470020,734980,10
2827,0.003013986861333251,ProgressiveNet,4470020,734980,10
2828,0.0030180669855326414,ProgressiveNet,4470020,734980,10
2829,0.003011456923559308,ProgressiveNet,4470020,734980,10
2830,0.0030067560728639364,ProgressiveNet,4470020,734980,10
2831,0.0030036871321499348,ProgressiveNet,4470020,734980,10
2832,0.0029981969855725765,ProgressiveNet,4470020,734980,10
2833,0.0035055240150541067,ProgressiveNet,4470020,734980,10
2834,0.0031826458871364594,ProgressiveNet,4470020,734980,10
2835,0.0030093968380242586,ProgressiveNet,4470020,734980,10
2836,0.0030424469150602818,ProgressiveNet,4470020,734980,10
2837,0.003061827039346099,ProgressiveNet,4470020,734980,10
2838,0.0030168970115482807,ProgressiveNet,4470020,734980,10
2839,0.0030193759594112635,ProgressiveNet,4470020,734980,10
2840,0.0029922369867563248,ProgressiveNet,4470020,734980,10
2841,0.002999336924403906,ProgressiveNet,4470020,734980,10
2842,0.0030338361393660307,ProgressiveNet,4470020,734980,10
2843,0.0030359269585460424,ProgressiveNet,4470020,734980,10
2844,0.003010016866028309,ProgressiveNet,4470020,734980,10
2845,0.0030122059397399426,ProgressiveNet,4470020,734980,10
2846,0.0029984968714416027,ProgressiveNet,4470020,734980,10
2847,0.0030005970038473606,ProgressiveNet,4470020,734980,10
2848,0.0029996968805789948,ProgressiveNet,4470020,734980,10
2849,0.002992655849084258,ProgressiveNet,4470020,734980,10
2850,0.002998827025294304,ProgressiveNet,4470020,734980,10
2851,0.0030033071525394917,ProgressiveNet,4470020,734980,10
2852,0.003005117177963257,ProgressiveNet,4470020,734980,10
2853,0.002996116178110242,ProgressiveNet,4470020,734980,10
2854,0.002999217016622424,ProgressiveNet,4470020,734980,10
2855,0.003006827086210251,ProgressiveNet,4470020,734980,10
2856,0.003004126949235797,ProgressiveNet,4470020,734980,10
2857,0.0030104161705821753,ProgressiveNet,4470020,734980,10
2858,0.0030073770321905613,ProgressiveNet,4470020,734980,10
2859,0.0030018470715731382,ProgressiveNet,4470020,734980,10
2860,0.003004377009347081,ProgressiveNet,4470020,734980,10
2861,0.003003997029736638,ProgressiveNet,4470020,734980,10
2862,0.0030058769043534994,ProgressiveNet,4470020,734980,10
2863,0.002993457019329071,ProgressiveNet,4470020,734980,10
2864,0.00300027709454298,ProgressiveNet,4470020,734980,10
2865,0.0030043760780245066,ProgressiveNet,4470020,734980,10
2866,0.0030080671422183514,ProgressiveNet,4470020,734980,10
2867,0.003002716926857829,ProgressiveNet,4470020,734980,10
2868,0.0030031970236450434,ProgressiveNet,4470020,734980,10
2869,0.003000316908583045,ProgressiveNet,4470020,734980,10
2870,0.003029686864465475,ProgressiveNet,4470020,734980,10
2871,0.003003916935995221,ProgressiveNet,4470020,734980,10
2872,0.0030035758391022682,ProgressiveNet,4470020,734980,10
2873,0.0030203470960259438,ProgressiveNet,4470020,734980,10
2874,0.0030304170213639736,ProgressiveNet,4470020,734980,10
2875,0.003013996873050928,ProgressiveNet,4470020,734980,10
2876,0.00300803710706532,ProgressiveNet,4470020,734980,10
2877,0.0029960270039737225,ProgressiveNet,4470020,734980,10
2878,0.002997427014634013,ProgressiveNet,4470020,734980,10
2879,0.00299734715372324,ProgressiveNet,4470020,734980,10
2880,0.0029960370156913996,ProgressiveNet,4470020,734980,10
2881,0.002993557136505842,ProgressiveNet,4470020,734980,10
2882,0.002996206982061267,ProgressiveNet,4470020,734980,10
2883,0.002997055882588029,ProgressiveNet,4470020,734980,10
2884,0.0030025369487702847,ProgressiveNet,4470020,734980,10
2885,0.003001447068527341,ProgressiveNet,4470020,734980,10
2886,0.0030014871153980494,ProgressiveNet,4470020,734980,10
2887,0.0030073660891503096,ProgressiveNet,4470020,734980,10
2888,0.0029949869494885206,ProgressiveNet,4470020,734980,10
2889,0.002996827010065317,ProgressiveNet,4470020,734980,10
2890,0.00300427689217031,ProgressiveNet,4470020,734980,10
2891,0.0029987560119479895,ProgressiveNet,4470020,734980,10
2892,0.003008676925674081,ProgressiveNet,4470020,734980,10
2893,0.003002737183123827,ProgressiveNet,4470020,734980,10
2894,0.0030072659719735384,ProgressiveNet,4470020,734980,10
2895,0.0029970169998705387,ProgressiveNet,4470020,734980,10
2896,0.0030171971302479506,ProgressiveNet,4470020,734980,10
2897,0.003002797020599246,ProgressiveNet,4470020,734980,10
2898,0.0030040559358894825,ProgressiveNet,4470020,734980,10
2899,0.003003627061843872,ProgressiveNet,4470020,734980,10
2900,0.002998827025294304,ProgressiveNet,4470020,734980,10
2901,0.0030009369365870953,ProgressiveNet,4470020,734980,10
2902,0.0030013560317456722,ProgressiveNet,4470020,734980,10
2903,0.0030696571338921785,ProgressiveNet,4470020,734980,10
2904,0.002995376940816641,ProgressiveNet,4470020,734980,10
2905,0.003005736041814089,ProgressiveNet,4470020,734980,10
2906,0.0030014871153980494,ProgressiveNet,4470020,734980,10
2907,0.0030004670843482018,ProgressiveNet,4470020,734980,10
2908,0.0029961969703435898,ProgressiveNet,4470020,734980,10
2909,0.0029957261867821217,ProgressiveNet,4470020,734980,10
2910,0.0030005169101059437,ProgressiveNet,4470020,734980,10
2911,0.0030279068741947412,ProgressiveNet,4470020,734980,10
2912,0.0030312358867377043,ProgressiveNet,4470020,734980,10
2913,0.003004746977239847,ProgressiveNet,4470020,734980,10
2914,0.003005397040396929,ProgressiveNet,4470020,734980,10
2915,0.003000247059389949,ProgressiveNet,4470020,734980,10
2916,0.0029989660251885653,ProgressiveNet,4470020,734980,10
2917,0.0030190569814294577,ProgressiveNet,4470020,734980,10
2918,0.0030120171140879393,ProgressiveNet,4470020,734980,10
2919,0.003003956051543355,ProgressiveNet,4470020,734980,10
2920,0.002993956906720996,ProgressiveNet,4470020,734980,10
2921,0.002995857037603855,ProgressiveNet,4470020,734980,10
2922,0.002999807009473443,ProgressiveNet,4470020,734980,10
2923,0.002998216077685356,ProgressiveNet,4470020,734980,10
2924,0.003002897137776017,ProgressiveNet,4470020,734980,10
2925,0.002989706816151738,ProgressiveNet,4470020,734980,10
2926,0.0030008868779987097,ProgressiveNet,4470020,734980,10
2927,0.002995257033035159,ProgressiveNet,4470020,734980,10
2928,0.0029968770686537027,ProgressiveNet,4470020,734980,10
2929,0.002999946940690279,ProgressiveNet,4470020,734980,10
2930,0.002996486844494939,ProgressiveNet,4470020,734980,10
2931,0.003005257109180093,ProgressiveNet,4470020,734980,10
2932,0.002997627016156912,ProgressiveNet,4470020,734980,10
2933,0.003006837097927928,ProgressiveNet,4470020,734980,10
2934,0.002997336909174919,ProgressiveNet,4470020,734980,10
2935,0.002999106189236045,ProgressiveNet,4470020,734980,10
2936,0.0030859068501740694,ProgressiveNet,4470020,734980,10
2937,0.0030035069212317467,ProgressiveNet,4470020,734980,10
2938,0.0030034261289983988,ProgressiveNet,4470020,734980,10
2939,0.0029973869677633047,ProgressiveNet,4470020,734980,10
2940,0.003009646898135543,ProgressiveNet,4470020,734980,10
2941,0.0029999969992786646,ProgressiveNet,4470020,734980,10
2942,0.002994435839354992,ProgressiveNet,4470020,734980,10
2943,0.002996297087520361,ProgressiveNet,4470020,734980,10
2944,0.002996346913278103,ProgressiveNet,4470020,734980,10
2945,0.0030006670858711004,ProgressiveNet,4470020,734980,10
2946,0.002993105910718441,ProgressiveNet,4470020,734980,10
2947,0.00299688708037138,ProgressiveNet,4470020,734980,10
2948,0.0030001471750438213,ProgressiveNet,4470020,734980,10
2949,0.002987937070429325,ProgressiveNet,4470020,734980,10
2950,0.003000397002324462,ProgressiveNet,4470020,734980,10
2951,0.0029993769712746143,ProgressiveNet,4470020,734980,10
2952,0.0029951371252536774,ProgressiveNet,4470020,734980,10
2953,0.002993997186422348,ProgressiveNet,4470020,734980,10
2954,0.002992406953126192,ProgressiveNet,4470020,734980,10
2955,0.002993066096678376,ProgressiveNet,4470020,734980,10
2956,0.0029887668788433075,ProgressiveNet,4470020,734980,10
2957,0.0030111870728433132,ProgressiveNet,4470020,734980,10
2958,0.0029948370065540075,ProgressiveNet,4470020,734980,10
2959,0.0030018161050975323,ProgressiveNet,4470020,734980,10
2960,0.0030047569889575243,ProgressiveNet,4470020,734980,10
2961,0.0030073770321905613,ProgressiveNet,4470020,734980,10
2962,0.0030079069547355175,ProgressiveNet,4470020,734980,10
2963,0.0030092759989202023,ProgressiveNet,4470020,734980,10
2964,0.003011896973475814,ProgressiveNet,4470020,734980,10
2965,0.003004667116329074,ProgressiveNet,4470020,734980,10
2966,0.003008345840498805,ProgressiveNet,4470020,734980,10
2967,0.003073706990107894,ProgressiveNet,4470020,734980,10
2968,0.003001687116920948,ProgressiveNet,4470020,734980,10
2969,0.0030400771647691727,ProgressiveNet,4470020,734980,10
2970,0.0030381171964108944,ProgressiveNet,4470020,734980,10
2971,0.0029992868658155203,ProgressiveNet,4470020,734980,10
2972,0.003008086932823062,ProgressiveNet,4470020,734980,10
2973,0.0030020668637007475,ProgressiveNet,4470020,734980,10
2974,0.0029939368832856417,ProgressiveNet,4470020,734980,10
2975,0.0030062561854720116,ProgressiveNet,4470020,734980,10
2976,0.003003267105668783,ProgressiveNet,4470020,734980,10
2977,0.0029951168689876795,ProgressiveNet,4470020,734980,10
2978,0.003000006778165698,ProgressiveNet,4470020,734980,10
2979,0.0030418960377573967,ProgressiveNet,4470020,734980,10
2980,0.003074777079746127,ProgressiveNet,4470020,734980,10
2981,0.002998446114361286,ProgressiveNet,4470020,734980,10
2982,0.0030252570286393166,ProgressiveNet,4470020,734980,10
2983,0.0030354170594364405,ProgressiveNet,4470020,734980,10
2984,0.0030050359200686216,ProgressiveNet,4470020,734980,10
2985,0.0030053372029215097,ProgressiveNet,4470020,734980,10
2986,0.0030007469467818737,ProgressiveNet,4470020,734980,10
2987,0.003003156976774335,ProgressiveNet,4470020,734980,10
2988,0.0029974160715937614,ProgressiveNet,4470020,734980,10
2989,0.003066686913371086,ProgressiveNet,4470020,734980,10
2990,0.0029941468965262175,ProgressiveNet,4470020,734980,10
2991,0.003014936111867428,ProgressiveNet,4470020,734980,10
2992,0.0030092669185250998,ProgressiveNet,4470020,734980,10
2993,0.0030040268320590258,ProgressiveNet,4470020,734980,10
2994,0.0030136960558593273,ProgressiveNet,4470020,734980,10
2995,0.0030146369244903326,ProgressiveNet,4470020,734980,10
2996,0.003013777080923319,ProgressiveNet,4470020,734980,10
2997,0.002998146926984191,ProgressiveNet,4470020,734980,10
2998,0.0030069658532738686,ProgressiveNet,4470020,734980,10
2999,0.002997106872498989,ProgressiveNet,4470020,734980,10
3000,0.0029907769057899714,ProgressiveNet,4470020,734980,10
3001,0.002997176954522729,ProgressiveNet,4470020,734980,10
3002,0.003015556139871478,ProgressiveNet,4470020,734980,10
3003,0.00304186693392694,ProgressiveNet,4470020,734980,10
3004,0.0030034570954740047,ProgressiveNet,4470020,734980,10
3005,0.002998345997184515,ProgressiveNet,4470020,734980,10
3006,0.00299958698451519,ProgressiveNet,4470020,734980,10
3007,0.003016146831214428,ProgressiveNet,4470020,734980,10
3008,0.003013106994330883,ProgressiveNet,4470020,734980,10
3009,0.0030040759593248367,ProgressiveNet,4470020,734980,10
3010,0.002994747133925557,ProgressiveNet,4470020,734980,10
3011,0.0030045071616768837,ProgressiveNet,4470020,734980,10
3012,0.0030100559815764427,ProgressiveNet,4470020,734980,10
3013,0.002998687094077468,ProgressiveNet,4470020,734980,10
3014,0.002999217016622424,ProgressiveNet,4470020,734980,10
3015,0.0030049069318920374,ProgressiveNet,4470020,734980,10
3016,0.0030043860897421837,ProgressiveNet,4470020,734980,10
3017,0.0029941268730908632,ProgressiveNet,4470020,734980,10
3018,0.0029952467884868383,ProgressiveNet,4470020,734980,10
3019,0.00299266679212451,ProgressiveNet,4470020,734980,10
3020,0.0029935971833765507,ProgressiveNet,4470020,734980,10
3021,0.0029895559418946505,ProgressiveNet,4470020,734980,10
3022,0.0030044270679354668,ProgressiveNet,4470020,734980,10
3023,0.0029959368985146284,ProgressiveNet,4470020,734980,10
3024,0.002993977162986994,ProgressiveNet,4470020,734980,10
3025,0.0029928660951554775,ProgressiveNet,4470020,734980,10
3026,0.002996377181261778,ProgressiveNet,4470020,734980,10
3027,0.0030016470700502396,ProgressiveNet,4470020,734980,10
3028,0.002997196977958083,ProgressiveNet,4470020,734980,10
3029,0.002991856075823307,ProgressiveNet,4470020,734980,10
3030,0.0029950570315122604,ProgressiveNet,4470020,734980,10
3031,0.002995707094669342,ProgressiveNet,4470020,734980,10
3032,0.003000386990606785,ProgressiveNet,4470020,734980,10
3033,0.0029951271135360003,ProgressiveNet,4470020,734980,10
3034,0.002998976968228817,ProgressiveNet,4470020,734980,10
3035,0.0030027469620108604,ProgressiveNet,4470020,734980,10
3036,0.003033796790987253,ProgressiveNet,4470020,734980,10
3037,0.00299946591258049,ProgressiveNet,4470020,734980,10
3038,0.0030052270740270615,ProgressiveNet,4470020,734980,10
3039,0.0029928269796073437,ProgressiveNet,4470020,734980,10
3040,0.0029930768068879843,ProgressiveNet,4470020,734980,10
3041,0.003032956039533019,ProgressiveNet,4470020,734980,10
3042,0.003006076905876398,ProgressiveNet,4470020,734980,10
3043,0.003005057107657194,ProgressiveNet,4470020,734980,10
3044,0.0030363360419869423,ProgressiveNet,4470020,734980,10
3045,0.002990307053551078,ProgressiveNet,4470020,734980,10
3046,0.002995087066665292,ProgressiveNet,4470020,734980,10
3047,0.003011777065694332,ProgressiveNet,4470020,734980,10
3048,0.0030071670189499855,ProgressiveNet,4470020,734980,10
3049,0.003032987006008625,ProgressiveNet,4470020,734980,10
3050,0.0029973271302878857,ProgressiveNet,4470020,734980,10
3051,0.003000125987455249,ProgressiveNet,4470020,734980,10
3052,0.002998467069119215,ProgressiveNet,4470020,734980,10
3053,0.003029477084055543,ProgressiveNet,4470020,734980,10
3054,0.0030274861492216587,ProgressiveNet,4470020,734980,10
3055,0.002997257048264146,ProgressiveNet,4470020,734980,10
3056,0.0029928169678896666,ProgressiveNet,4470020,734980,10
3057,0.0029912469908595085,ProgressiveNet,4470020,734980,10
3058,0.0029962959233671427,ProgressiveNet,4470020,734980,10
3059,0.0029887668788433075,ProgressiveNet,4470020,734980,10
3060,0.0029906670097261667,ProgressiveNet,4470020,734980,10
3061,0.00298612704500556,ProgressiveNet,4470020,734980,10
3062,0.002997567178681493,ProgressiveNet,4470020,734980,10
3063,0.0029918760992586613,ProgressiveNet,4470020,734980,10
3064,0.0029943070840090513,ProgressiveNet,4470020,734980,10
3065,0.0029890271835029125,ProgressiveNet,4470020,734980,10
3066,0.0029933268669992685,ProgressiveNet,4470020,734980,10
3067,0.002987687010318041,ProgressiveNet,4470020,734980,10
3068,0.0030022559221833944,ProgressiveNet,4470020,734980,10
3069,0.003004056867212057,ProgressiveNet,4470020,734980,10
3070,0.002994887065142393,ProgressiveNet,4470020,734980,10
3071,0.0030390869360417128,ProgressiveNet,4470020,734980,10
3072,0.0030012670904397964,ProgressiveNet,4470020,734980,10
3073,0.0030669369734823704,ProgressiveNet,4470020,734980,10
3074,0.0029989960603415966,ProgressiveNet,4470020,734980,10
3075,0.0030062668956816196,ProgressiveNet,4470020,734980,10
3076,0.0029913471080362797,ProgressiveNet,4470020,734980,10
3077,0.002997037023305893,ProgressiveNet,4470020,734980,10
3078,0.0029977159574627876,ProgressiveNet,4470020,734980,10
3079,0.0029939368832856417,ProgressiveNet,4470020,734980,10
3080,0.0029975371435284615,ProgressiveNet,4470020,734980,10
3081,0.003002437064424157,ProgressiveNet,4470020,734980,10
3082,0.0030007269233465195,ProgressiveNet,4470020,734980,10
3083,0.0029973669443279505,ProgressiveNet,4470020,734980,10
3084,0.002992497058585286,ProgressiveNet,4470020,734980,10
3085,0.0029915370978415012,ProgressiveNet,4470020,734980,10
3086,0.00299058691598475,ProgressiveNet,4470020,734980,10
3087,0.0029961559921503067,ProgressiveNet,4470020,734980,10
3088,0.002996897092089057,ProgressiveNet,4470020,734980,10
3089,0.002991956891492009,ProgressiveNet,4470020,734980,10
3090,0.002995746908709407,ProgressiveNet,4470020,734980,10
3091,0.0029937070794403553,ProgressiveNet,4470020,734980,10
3092,0.00299461605027318,ProgressiveNet,4470020,734980,10
3093,0.0029962470289319754,ProgressiveNet,4470020,734980,10
3094,0.0029919070657342672,ProgressiveNet,4470020,734980,10
3095,0.0030041970312595367,ProgressiveNet,4470020,734980,10
3096,0.002995795803144574,ProgressiveNet,4470020,734980,10
3097,0.0029939168598502874,ProgressiveNet,4470020,734980,10
3098,0.003017817158252001,ProgressiveNet,4470020,734980,10
3099,0.003011916996911168,ProgressiveNet,4470020,734980,10
3100,0.0030092671513557434,ProgressiveNet,4470020,734980,10
3101,0.0030164069030433893,ProgressiveNet,4470020,734980,10
3102,0.003075015963986516,ProgressiveNet,4470020,734980,10
3103,0.0030079169664531946,ProgressiveNet,4470020,734980,10
3104,0.0030046470928937197,ProgressiveNet,4470020,734980,10
3105,0.002998286858201027,ProgressiveNet,4470020,734980,10
3106,0.003002236830070615,ProgressiveNet,4470020,734980,10
3107,0.002990087028592825,ProgressiveNet,4470020,734980,10
3108,0.0029942470137029886,ProgressiveNet,4470020,734980,10
3109,0.002990167122334242,ProgressiveNet,4470020,734980,10
3110,0.003002885961905122,ProgressiveNet,4470020,734980,10
3111,0.002992996945977211,ProgressiveNet,4470020,734980,10
3112,0.002991007175296545,ProgressiveNet,4470020,734980,10
3113,0.003005846869200468,ProgressiveNet,4470020,734980,10
3114,0.0029973259661346674,ProgressiveNet,4470020,734980,10
3115,0.0029938570223748684,ProgressiveNet,4470020,734980,10
3116,0.0029863968957215548,ProgressiveNet,4470020,734980,10
3117,0.002996266819536686,ProgressiveNet,4470020,734980,10
3118,0.0030332759488373995,ProgressiveNet,4470020,734980,10
3119,0.0029990270268172026,ProgressiveNet,4470020,734980,10
3120,0.002996726892888546,ProgressiveNet,4470020,734980,10
3121,0.002998797222971916,ProgressiveNet,4470020,734980,10
3122,0.0029966761358082294,ProgressiveNet,4470020,734980,10
3123,0.002993297064676881,ProgressiveNet,4470020,734980,10
3124,0.0029923971742391586,ProgressiveNet,4470020,734980,10
3125,0.003013917012140155,ProgressiveNet,4470020,734980,10
3126,0.002996256109327078,ProgressiveNet,4470020,734980,10
3127,0.0029870369471609592,ProgressiveNet,4470020,734980,10
3128,0.003013777080923319,ProgressiveNet,4470020,734980,10
3129,0.0030076070688664913,ProgressiveNet,4470020,734980,10
3130,0.003005746053531766,ProgressiveNet,4470020,734980,10
3131,0.002991126850247383,ProgressiveNet,4470020,734980,10
3132,0.002992386929690838,ProgressiveNet,4470020,734980,10
3133,0.0029938670340925455,ProgressiveNet,4470020,734980,10
3134,0.002999807009473443,ProgressiveNet,4470020,734980,10
3135,0.003061457071453333,ProgressiveNet,4470020,734980,10
3136,0.0030779060907661915,ProgressiveNet,4470020,734980,10
3137,0.003047197125852108,ProgressiveNet,4470020,734980,10
3138,0.0030038070399314165,ProgressiveNet,4470020,734980,10
3139,0.0029998859390616417,ProgressiveNet,4470020,734980,10
3140,0.003003017045557499,ProgressiveNet,4470020,734980,10
3141,0.0030038768891245127,ProgressiveNet,4470020,734980,10
3142,0.0029994070064276457,ProgressiveNet,4470020,734980,10
3143,0.0030183459166437387,ProgressiveNet,4470020,734980,10
3144,0.0030114271212369204,ProgressiveNet,4470020,734980,10
3145,0.003005777020007372,ProgressiveNet,4470020,734980,10
3146,0.00300184590741992,ProgressiveNet,4470020,734980,10
3147,0.003008857136592269,ProgressiveNet,4470020,734980,10
3148,0.0030041970312595367,ProgressiveNet,4470020,734980,10
3149,0.0030219070613384247,ProgressiveNet,4470020,734980,10
3150,0.0030418559908866882,ProgressiveNet,4470020,734980,10
3151,0.003004827070981264,ProgressiveNet,4470020,734980,10
3152,0.003007077146321535,ProgressiveNet,4470020,734980,10
3153,0.0030042158905416727,ProgressiveNet,4470020,734980,10
3154,0.0030011869966983795,ProgressiveNet,4470020,734980,10
3155,0.0029958069790154696,ProgressiveNet,4470020,734980,10
3156,0.0029930470045655966,ProgressiveNet,4470020,734980,10
3157,0.0029928958974778652,ProgressiveNet,4470020,734980,10
3158,0.0030013069044798613,ProgressiveNet,4470020,734980,10
3159,0.0029921168461441994,ProgressiveNet,4470020,734980,10
3160,0.002988517051562667,ProgressiveNet,4470020,734980,10
3161,0.002997406991198659,ProgressiveNet,4470020,734980,10
3162,0.003004336031153798,ProgressiveNet,4470020,734980,10
3163,0.002996596973389387,ProgressiveNet,4470020,734980,10
3164,0.003000417025759816,ProgressiveNet,4470020,734980,10
3165,0.002995406975969672,ProgressiveNet,4470020,734980,10
3166,0.002994497073814273,ProgressiveNet,4470020,734980,10
3167,0.002989306813105941,ProgressiveNet,4470020,734980,10
3168,0.003062046831473708,ProgressiveNet,4470020,734980,10
3169,0.0029978069942444563,ProgressiveNet,4470020,734980,10
3170,0.0029973071068525314,ProgressiveNet,4470020,734980,10
3171,0.0030010670889168978,ProgressiveNet,4470020,734980,10
3172,0.003000037046149373,ProgressiveNet,4470020,734980,10
3173,0.0029981161933392286,ProgressiveNet,4470020,734980,10
3174,0.003028946928679943,ProgressiveNet,4470020,734980,10
3175,0.0030134771950542927,ProgressiveNet,4470020,734980,10
3176,0.003013485809788108,ProgressiveNet,4470020,734980,10
3177,0.0029971569310873747,ProgressiveNet,4470020,734980,10
3178,0.002997627016156912,ProgressiveNet,4470020,734980,10
3179,0.0030050668865442276,ProgressiveNet,4470020,734980,10
3180,0.002995565999299288,ProgressiveNet,4470020,734980,10
3181,0.003004496917128563,ProgressiveNet,4470020,734980,10
3182,0.0030033471994102,ProgressiveNet,4470020,734980,10
3183,0.0030032768845558167,ProgressiveNet,4470020,734980,10
3184,0.0029947259463369846,ProgressiveNet,4470020,734980,10
3185,0.002995107090100646,ProgressiveNet,4470020,734980,10
3186,0.003002346958965063,ProgressiveNet,4470020,734980,10
3187,0.003074116073548794,ProgressiveNet,4470020,734980,10
3188,0.003008997067809105,ProgressiveNet,4470020,734980,10
3189,0.0030064869206398726,ProgressiveNet,4470020,734980,10
3190,0.003008875995874405,ProgressiveNet,4470020,734980,10
3191,0.003007217077538371,ProgressiveNet,4470020,734980,10
3192,0.003003206802532077,ProgressiveNet,4470020,734980,10
3193,0.003003627061843872,ProgressiveNet,4470020,734980,10
3194,0.002999106189236045,ProgressiveNet,4470020,734980,10
3195,0.002992456778883934,ProgressiveNet,4470020,734980,10
3196,0.0030066671315580606,ProgressiveNet,4470020,734980,10
3197,0.0030030570924282074,ProgressiveNet,4470020,734980,10
3198,0.0030035460367798805,ProgressiveNet,4470020,734980,10
3199,0.002992786932736635,ProgressiveNet,4470020,734980,10
3200,0.003003467107191682,ProgressiveNet,4470020,734980,10
3201,0.003031277097761631,ProgressiveNet,4470020,734980,10
3202,0.0030358368530869484,ProgressiveNet,4470020,734980,10
3203,0.0030030671041458845,ProgressiveNet,4470020,734980,10
3204,0.0030029171612113714,ProgressiveNet,4470020,734980,10
3205,0.0029931359458714724,ProgressiveNet,4470020,734980,10
3206,0.0029988870956003666,ProgressiveNet,4470020,734980,10
3207,0.0030045569874346256,ProgressiveNet,4470020,734980,10
3208,0.0029913668986409903,ProgressiveNet,4470020,734980,10
3209,0.0029950467869639397,ProgressiveNet,4470020,734980,10
3210,0.0029939168598502874,ProgressiveNet,4470020,734980,10
3211,0.0029949969612061977,ProgressiveNet,4470020,734980,10
3212,0.002999876858666539,ProgressiveNet,4470020,734980,10
3213,0.0029899871442466974,ProgressiveNet,4470020,734980,10
3214,0.0029997159726917744,ProgressiveNet,4470020,734980,10
3215,0.00300434697419405,ProgressiveNet,4470020,734980,10
3216,0.0030014170333743095,ProgressiveNet,4470020,734980,10
3217,0.002988377120345831,ProgressiveNet,4470020,734980,10
3218,0.0029925669077783823,ProgressiveNet,4470020,734980,10
3219,0.0029925969429314137,ProgressiveNet,4470020,734980,10
3220,0.003001386998221278,ProgressiveNet,4470020,734980,10
3221,0.0030036771204322577,ProgressiveNet,4470020,734980,10
3222,0.0029987760353833437,ProgressiveNet,4470020,734980,10
3223,0.0029982971027493477,ProgressiveNet,4470020,734980,10
3224,0.00299658696167171,ProgressiveNet,4470020,734980,10
3225,0.002993966918438673,ProgressiveNet,4470020,734980,10
3226,0.002996626077219844,ProgressiveNet,4470020,734980,10
3227,0.0029952467884868383,ProgressiveNet,4470020,734980,10
3228,0.0029898269567638636,ProgressiveNet,4470020,734980,10
3229,0.0029841770883649588,ProgressiveNet,4470020,734980,10
3230,0.002990927081555128,ProgressiveNet,4470020,734980,10
3231,0.002995515940710902,ProgressiveNet,4470020,734980,10
3232,0.0029999371618032455,ProgressiveNet,4470020,734980,10
3233,0.003016026923432946,ProgressiveNet,4470020,734980,10
3234,0.0030098669230937958,ProgressiveNet,4470020,734980,10
3235,0.0030693961307406425,ProgressiveNet,4470020,734980,10
3236,0.003002346958965063,ProgressiveNet,4470020,734980,10
3237,0.0030208160169422626,ProgressiveNet,4470020,734980,10
3238,0.003012556815519929,ProgressiveNet,4470020,734980,10
3239,0.0029973872005939484,ProgressiveNet,4470020,734980,10
3240,0.0029952870681881905,ProgressiveNet,4470020,734980,10
3241,0.00299184606410563,ProgressiveNet,4470020,734980,10
3242,0.0030105370096862316,ProgressiveNet,4470020,734980,10
3243,0.0029930470045655966,ProgressiveNet,4470020,734980,10
3244,0.002993687056005001,ProgressiveNet,4470020,734980,10
3245,0.0029953960329294205,ProgressiveNet,4470020,734980,10
3246,0.0029908970464020967,ProgressiveNet,4470020,734980,10
3247,0.0029916970524936914,ProgressiveNet,4470020,734980,10
3248,0.003000927157700062,ProgressiveNet,4470020,734980,10
3249,0.0029945271089673042,ProgressiveNet,4470020,734980,10
3250,0.0029873261228203773,ProgressiveNet,4470020,734980,10
3251,0.002996547147631645,ProgressiveNet,4470020,734980,10
3252,0.002998247044160962,ProgressiveNet,4470020,734980,10
3253,0.0029907969292253256,ProgressiveNet,4470020,734980,10
3254,0.002996677067130804,ProgressiveNet,4470020,734980,10
3255,0.002994137117639184,ProgressiveNet,4470020,734980,10
3256,0.0030677970498800278,ProgressiveNet,4470020,734980,10
3257,0.002998066134750843,ProgressiveNet,4470020,734980,10
3258,0.002993296831846237,ProgressiveNet,4470020,734980,10
3259,0.002999137155711651,ProgressiveNet,4470020,734980,10
3260,0.0029971569310873747,ProgressiveNet,4470020,734980,10
3261,0.0029966370202600956,ProgressiveNet,4470020,734980,10
3262,0.00299374689348042,ProgressiveNet,4470020,734980,10
3263,0.002993206959217787,ProgressiveNet,4470020,734980,10
3264,0.0030014170333743095,ProgressiveNet,4470020,734980,10
3265,0.0029988070018589497,ProgressiveNet,4470020,734980,10
3266,0.002994535956531763,ProgressiveNet,4470020,734980,10
3267,0.0029913168400526047,ProgressiveNet,4470020,734980,10
3268,0.003071386832743883,ProgressiveNet,4470020,734980,10
3269,0.002990115899592638,ProgressiveNet,4470020,734980,10
3270,0.0029949271120131016,ProgressiveNet,4470020,734980,10
3271,0.002994246780872345,ProgressiveNet,4470020,734980,10
3272,0.0029942470137029886,ProgressiveNet,4470020,734980,10
3273,0.0029961159452795982,ProgressiveNet,4470020,734980,10
3274,0.00299935694783926,ProgressiveNet,4470020,734980,10
3275,0.0029979869723320007,ProgressiveNet,4470020,734980,10
3276,0.002999207004904747,ProgressiveNet,4470020,734980,10
3277,0.0029943271074444056,ProgressiveNet,4470020,734980,10
3278,0.003027126891538501,ProgressiveNet,4470020,734980,10
3279,0.003013177076354623,ProgressiveNet,4470020,734980,10
3280,0.002999846823513508,ProgressiveNet,4470020,734980,10
3281,0.0030087458435446024,ProgressiveNet,4470020,734980,10
3282,0.002996596973389387,ProgressiveNet,4470020,734980,10
3283,0.0030027669854462147,ProgressiveNet,4470020,734980,10
3284,0.003004237078130245,ProgressiveNet,4470020,734980,10
3285,0.0029942358378320932,ProgressiveNet,4470020,734980,10
3286,0.0029978270176798105,ProgressiveNet,4470020,734980,10
3287,0.0030006268061697483,ProgressiveNet,4470020,734980,10
3288,0.00300189689733088,ProgressiveNet,4470020,734980,10
3289,0.0030037059914320707,ProgressiveNet,4470020,734980,10
3290,0.0029984968714416027,ProgressiveNet,4470020,734980,10
3291,0.0029936369974166155,ProgressiveNet,4470020,734980,10
3292,0.002992187160998583,ProgressiveNet,4470020,734980,10
3293,0.0029926158022135496,ProgressiveNet,4470020,734980,10
3294,0.0029914770275354385,ProgressiveNet,4470020,734980,10
3295,0.002993136877194047,ProgressiveNet,4470020,734980,10
3296,0.0029967271257191896,ProgressiveNet,4470020,734980,10
3297,0.002998837037011981,ProgressiveNet,4470020,734980,10
3298,0.0029923568945378065,ProgressiveNet,4470020,734980,10
3299,0.0029911070596426725,ProgressiveNet,4470020,734980,10
3300,0.002994926879182458,ProgressiveNet,4470020,734980,10
3301,0.0030291960574686527,ProgressiveNet,4470020,734980,10
3302,0.0029961969703435898,ProgressiveNet,4470020,734980,10
3303,0.0030021669808775187,ProgressiveNet,4470020,734980,10
3304,0.003000337164849043,ProgressiveNet,4470020,734980,10
3305,0.00300381681881845,ProgressiveNet,4470020,734980,10
3306,0.003004695987328887,ProgressiveNet,4470020,734980,10
3307,0.0029956670477986336,ProgressiveNet,4470020,734980,10
3308,0.0029915370978415012,ProgressiveNet,4470020,734980,10
3309,0.002994127105921507,ProgressiveNet,4470020,734980,10
3310,0.0037115239538252354,ProgressiveNet,4470020,734980,10
3311,0.0031211760360747576,ProgressiveNet,4470020,734980,10
3312,0.0029932870529592037,ProgressiveNet,4470020,734980,10
3313,0.002997257048264146,ProgressiveNet,4470020,734980,10
3314,0.0029983369167894125,ProgressiveNet,4470020,734980,10
3315,0.0029960458632558584,ProgressiveNet,4470020,734980,10
3316,0.0030297869816422462,ProgressiveNet,4470020,734980,10
3317,0.0030429670587182045,ProgressiveNet,4470020,734980,10
3318,0.002987927058711648,ProgressiveNet,4470020,734980,10
3319,0.0030053569935262203,ProgressiveNet,4470020,734980,10
3320,0.003038146998733282,ProgressiveNet,4470020,734980,10
3321,0.003035265952348709,ProgressiveNet,4470020,734980,10
0,0.006228742189705372,CompoNet,3476564,174596,10
1,0.006147742969915271,CompoNet,3476564,174596,10
2,0.00615564314648509,CompoNet,3476564,174596,10
3,0.006142673082649708,CompoNet,3476564,174596,10
4,0.006164073012769222,CompoNet,3476564,174596,10
5,0.006167232990264893,CompoNet,3476564,174596,10
6,0.006172272143885493,CompoNet,3476564,174596,10
7,0.006161083001643419,CompoNet,3476564,174596,10
8,0.0061410830821841955,CompoNet,3476564,174596,10
9,0.006165042985230684,CompoNet,3476564,174596,10
10,0.0062263228464871645,CompoNet,3476564,174596,10
11,0.0061349328607320786,CompoNet,3476564,174596,10
12,0.0061309728771448135,CompoNet,3476564,174596,10
13,0.006132462993264198,CompoNet,3476564,174596,10
14,0.006147661944851279,CompoNet,3476564,174596,10
15,0.0061353330966085196,CompoNet,3476564,174596,10
16,0.0061257039196789265,CompoNet,3476564,174596,10
17,0.00612535304389894,CompoNet,3476564,174596,10
18,0.00613819295540452,CompoNet,3476564,174596,10
19,0.0061300829984247684,CompoNet,3476564,174596,10
20,0.006141602993011475,CompoNet,3476564,174596,10
21,0.0061457830015569925,CompoNet,3476564,174596,10
22,0.006144222803413868,CompoNet,3476564,174596,10
23,0.006141113117337227,CompoNet,3476564,174596,10
24,0.006179322954267263,CompoNet,3476564,174596,10
25,0.006134283030405641,CompoNet,3476564,174596,10
26,0.006215142086148262,CompoNet,3476564,174596,10
27,0.0061478030402213335,CompoNet,3476564,174596,10
28,0.006150912959128618,CompoNet,3476564,174596,10
29,0.006142642814666033,CompoNet,3476564,174596,10
30,0.006188882980495691,CompoNet,3476564,174596,10
31,0.006219921866431832,CompoNet,3476564,174596,10
32,0.006150602828711271,CompoNet,3476564,174596,10
33,0.006152332993224263,CompoNet,3476564,174596,10
34,0.006198903080075979,CompoNet,3476564,174596,10
35,0.006144562968984246,CompoNet,3476564,174596,10
36,0.006128473207354546,CompoNet,3476564,174596,10
37,0.006142813013866544,CompoNet,3476564,174596,10
38,0.006145073100924492,CompoNet,3476564,174596,10
39,0.006125793093815446,CompoNet,3476564,174596,10
40,0.006128363078460097,CompoNet,3476564,174596,10
41,0.006130393128842115,CompoNet,3476564,174596,10
42,0.006163772894069552,CompoNet,3476564,174596,10
43,0.006123343016952276,CompoNet,3476564,174596,10
44,0.006127113942056894,CompoNet,3476564,174596,10
45,0.00612995307892561,CompoNet,3476564,174596,10
46,0.00613826303742826,CompoNet,3476564,174596,10
47,0.006137323100119829,CompoNet,3476564,174596,10
48,0.006129462970420718,CompoNet,3476564,174596,10
49,0.006135002942755818,CompoNet,3476564,174596,10
50,0.006139353150501847,CompoNet,3476564,174596,10
51,0.00613819295540452,CompoNet,3476564,174596,10
52,0.006147413048893213,CompoNet,3476564,174596,10
53,0.006137992953881621,CompoNet,3476564,174596,10
54,0.006128762848675251,CompoNet,3476564,174596,10
55,0.00612789299339056,CompoNet,3476564,174596,10
56,0.006133242975920439,CompoNet,3476564,174596,10
57,0.0061356129590421915,CompoNet,3476564,174596,10
58,0.0062063930090516806,CompoNet,3476564,174596,10
59,0.0062277119141072035,CompoNet,3476564,174596,10
60,0.006128363078460097,CompoNet,3476564,174596,10
61,0.006134422961622477,CompoNet,3476564,174596,10
62,0.006167472805827856,CompoNet,3476564,174596,10
63,0.006128562847152352,CompoNet,3476564,174596,10
64,0.006122972816228867,CompoNet,3476564,174596,10
65,0.006137622985988855,CompoNet,3476564,174596,10
66,0.0061342730186879635,CompoNet,3476564,174596,10
67,0.006134202936664224,CompoNet,3476564,174596,10
68,0.006156583083793521,CompoNet,3476564,174596,10
69,0.006132642971351743,CompoNet,3476564,174596,10
70,0.006129313027486205,CompoNet,3476564,174596,10
71,0.006131462985649705,CompoNet,3476564,174596,10
72,0.006150503177195787,CompoNet,3476564,174596,10
73,0.006126563064754009,CompoNet,3476564,174596,10
74,0.006119393045082688,CompoNet,3476564,174596,10
75,0.006208001868799329,CompoNet,3476564,174596,10
76,0.0061261330265551805,CompoNet,3476564,174596,10
77,0.006129583111032844,CompoNet,3476564,174596,10
78,0.006133562885224819,CompoNet,3476564,174596,10
79,0.006127882981672883,CompoNet,3476564,174596,10
80,0.006117583019658923,CompoNet,3476564,174596,10
81,0.006129893008619547,CompoNet,3476564,174596,10
82,0.006125062936916947,CompoNet,3476564,174596,10
83,0.00613435311242938,CompoNet,3476564,174596,10
84,0.006125662941485643,CompoNet,3476564,174596,10
85,0.006135123083367944,CompoNet,3476564,174596,10
86,0.0061707329005002975,CompoNet,3476564,174596,10
87,0.006137992953881621,CompoNet,3476564,174596,10
88,0.006145503139123321,CompoNet,3476564,174596,10
89,0.006135683041065931,CompoNet,3476564,174596,10
90,0.006123482948169112,CompoNet,3476564,174596,10
91,0.006209503160789609,CompoNet,3476564,174596,10
92,0.006169281899929047,CompoNet,3476564,174596,10
93,0.0061182628851383924,CompoNet,3476564,174596,10
94,0.006123312981799245,CompoNet,3476564,174596,10
95,0.006126323947682977,CompoNet,3476564,174596,10
96,0.006131642963737249,CompoNet,3476564,174596,10
97,0.006135642994195223,CompoNet,3476564,174596,10
98,0.006132842972874641,CompoNet,3476564,174596,10
99,0.006124833133071661,CompoNet,3476564,174596,10
100,0.0061354131903499365,CompoNet,3476564,174596,10
101,0.006143332924693823,CompoNet,3476564,174596,10
102,0.006137323100119829,CompoNet,3476564,174596,10
103,0.006132683018222451,CompoNet,3476564,174596,10
104,0.0061348131857812405,CompoNet,3476564,174596,10
105,0.006127753062173724,CompoNet,3476564,174596,10
106,0.006120502948760986,CompoNet,3476564,174596,10
107,0.006141392979770899,CompoNet,3476564,174596,10
108,0.0061397431418299675,CompoNet,3476564,174596,10
109,0.006124292965978384,CompoNet,3476564,174596,10
110,0.006129593122750521,CompoNet,3476564,174596,10
111,0.006117603043094277,CompoNet,3476564,174596,10
112,0.006169093074277043,CompoNet,3476564,174596,10
113,0.006130883004516363,CompoNet,3476564,174596,10
114,0.006190682994201779,CompoNet,3476564,174596,10
115,0.006125584011897445,CompoNet,3476564,174596,10
116,0.006182892946526408,CompoNet,3476564,174596,10
117,0.006164003163576126,CompoNet,3476564,174596,10
118,0.006120563019067049,CompoNet,3476564,174596,10
119,0.006112483097240329,CompoNet,3476564,174596,10
120,0.006109083071351051,CompoNet,3476564,174596,10
121,0.006122602848336101,CompoNet,3476564,174596,10
122,0.006121132988482714,CompoNet,3476564,174596,10
123,0.006110653048381209,CompoNet,3476564,174596,10
124,0.006195533089339733,CompoNet,3476564,174596,10
125,0.006173093104735017,CompoNet,3476564,174596,10
126,0.00616248301230371,CompoNet,3476564,174596,10
127,0.006113323150202632,CompoNet,3476564,174596,10
128,0.006114002782851458,CompoNet,3476564,174596,10
129,0.006118853110820055,CompoNet,3476564,174596,10
130,0.006112642819061875,CompoNet,3476564,174596,10
131,0.006124282954260707,CompoNet,3476564,174596,10
132,0.0061137129087001085,CompoNet,3476564,174596,10
133,0.006122183054685593,CompoNet,3476564,174596,10
134,0.006115133175626397,CompoNet,3476564,174596,10
135,0.00611697300337255,CompoNet,3476564,174596,10
136,0.00612228293903172,CompoNet,3476564,174596,10
137,0.0061166430823504925,CompoNet,3476564,174596,10
138,0.006112182978540659,CompoNet,3476564,174596,10
139,0.006137063028290868,CompoNet,3476564,174596,10
140,0.006198043003678322,CompoNet,3476564,174596,10
141,0.006120813079178333,CompoNet,3476564,174596,10
142,0.006119373021647334,CompoNet,3476564,174596,10
143,0.006123773055151105,CompoNet,3476564,174596,10
144,0.006124353036284447,CompoNet,3476564,174596,10
145,0.006131133064627647,CompoNet,3476564,174596,10
146,0.00613080314360559,CompoNet,3476564,174596,10
147,0.006124442908912897,CompoNet,3476564,174596,10
148,0.006126873195171356,CompoNet,3476564,174596,10
149,0.00613842299208045,CompoNet,3476564,174596,10
150,0.006164812948554754,CompoNet,3476564,174596,10
151,0.0061844829469919205,CompoNet,3476564,174596,10
152,0.00613265298306942,CompoNet,3476564,174596,10
153,0.006125803105533123,CompoNet,3476564,174596,10
154,0.0061279630754143,CompoNet,3476564,174596,10
155,0.006119763012975454,CompoNet,3476564,174596,10
156,0.006194483023136854,CompoNet,3476564,174596,10
157,0.006119532976299524,CompoNet,3476564,174596,10
158,0.006134673021733761,CompoNet,3476564,174596,10
159,0.006197402952238917,CompoNet,3476564,174596,10
160,0.006125713000074029,CompoNet,3476564,174596,10
161,0.006122383056208491,CompoNet,3476564,174596,10
162,0.006121603073552251,CompoNet,3476564,174596,10
163,0.006128032924607396,CompoNet,3476564,174596,10
164,0.00613043294288218,CompoNet,3476564,174596,10
165,0.0061372630298137665,CompoNet,3476564,174596,10
166,0.006201883079484105,CompoNet,3476564,174596,10
167,0.006131183123216033,CompoNet,3476564,174596,10
168,0.006118823075667024,CompoNet,3476564,174596,10
169,0.00613604299724102,CompoNet,3476564,174596,10
170,0.0061316529754549265,CompoNet,3476564,174596,10
171,0.006140592973679304,CompoNet,3476564,174596,10
172,0.00612473301589489,CompoNet,3476564,174596,10
173,0.006168693071231246,CompoNet,3476564,174596,10
174,0.006129252957180142,CompoNet,3476564,174596,10
175,0.006123753031715751,CompoNet,3476564,174596,10
176,0.006128002889454365,CompoNet,3476564,174596,10
177,0.006123592844232917,CompoNet,3476564,174596,10
178,0.0061345628928393126,CompoNet,3476564,174596,10
179,0.006134952884167433,CompoNet,3476564,174596,10
180,0.006129272980615497,CompoNet,3476564,174596,10
181,0.006130373105406761,CompoNet,3476564,174596,10
182,0.006127173081040382,CompoNet,3476564,174596,10
183,0.006129793124273419,CompoNet,3476564,174596,10
184,0.006126513006165624,CompoNet,3476564,174596,10
185,0.0061370928306132555,CompoNet,3476564,174596,10
186,0.00614373292773962,CompoNet,3476564,174596,10
187,0.006112113129347563,CompoNet,3476564,174596,10
188,0.006125943036749959,CompoNet,3476564,174596,10
189,0.006193291861563921,CompoNet,3476564,174596,10
190,0.00613242294639349,CompoNet,3476564,174596,10
191,0.006129093002527952,CompoNet,3476564,174596,10
192,0.00612551299855113,CompoNet,3476564,174596,10
193,0.006177403032779694,CompoNet,3476564,174596,10
194,0.006127423141151667,CompoNet,3476564,174596,10
195,0.00613366300240159,CompoNet,3476564,174596,10
196,0.006124583072960377,CompoNet,3476564,174596,10
197,0.006207823054865003,CompoNet,3476564,174596,10
198,0.006190452026203275,CompoNet,3476564,174596,10
199,0.006128263892605901,CompoNet,3476564,174596,10
200,0.006129503017291427,CompoNet,3476564,174596,10
201,0.006133953109383583,CompoNet,3476564,174596,10
202,0.006116302916780114,CompoNet,3476564,174596,10
203,0.006118582794442773,CompoNet,3476564,174596,10
204,0.006127533037215471,CompoNet,3476564,174596,10
205,0.0062127429991960526,CompoNet,3476564,174596,10
206,0.006123292958363891,CompoNet,3476564,174596,10
207,0.006126223132014275,CompoNet,3476564,174596,10
208,0.006123032886534929,CompoNet,3476564,174596,10
209,0.006131683010607958,CompoNet,3476564,174596,10
210,0.006126432912424207,CompoNet,3476564,174596,10
211,0.006119862897321582,CompoNet,3476564,174596,10
212,0.006133563118055463,CompoNet,3476564,174596,10
213,0.006114313146099448,CompoNet,3476564,174596,10
214,0.006127353059127927,CompoNet,3476564,174596,10
215,0.006138202967122197,CompoNet,3476564,174596,10
216,0.006117403041571379,CompoNet,3476564,174596,10
217,0.006121882935985923,CompoNet,3476564,174596,10
218,0.006133953109383583,CompoNet,3476564,174596,10
219,0.006120353005826473,CompoNet,3476564,174596,10
220,0.0061196929309517145,CompoNet,3476564,174596,10
221,0.006150893168523908,CompoNet,3476564,174596,10
222,0.006120993057265878,CompoNet,3476564,174596,10
223,0.006131133064627647,CompoNet,3476564,174596,10
224,0.006139913108199835,CompoNet,3476564,174596,10
225,0.006122702965512872,CompoNet,3476564,174596,10
226,0.006148413056507707,CompoNet,3476564,174596,10
227,0.0061971331015229225,CompoNet,3476564,174596,10
228,0.006123092956840992,CompoNet,3476564,174596,10
229,0.006118003046140075,CompoNet,3476564,174596,10
230,0.006152302026748657,CompoNet,3476564,174596,10
231,0.00614380300976336,CompoNet,3476564,174596,10
232,0.006127133034169674,CompoNet,3476564,174596,10
233,0.006137103075161576,CompoNet,3476564,174596,10
234,0.006126222899183631,CompoNet,3476564,174596,10
235,0.006109423004090786,CompoNet,3476564,174596,10
236,0.006123462924733758,CompoNet,3476564,174596,10
237,0.006115674041211605,CompoNet,3476564,174596,10
238,0.006191363092511892,CompoNet,3476564,174596,10
239,0.006122382823377848,CompoNet,3476564,174596,10
240,0.006117732962593436,CompoNet,3476564,174596,10
241,0.006122753024101257,CompoNet,3476564,174596,10
242,0.006117822835221887,CompoNet,3476564,174596,10
243,0.006130012916401029,CompoNet,3476564,174596,10
244,0.006125162821263075,CompoNet,3476564,174596,10
245,0.006132633192464709,CompoNet,3476564,174596,10
246,0.006127422908321023,CompoNet,3476564,174596,10
247,0.006124262930825353,CompoNet,3476564,174596,10
248,0.006126682972535491,CompoNet,3476564,174596,10
249,0.00612219306640327,CompoNet,3476564,174596,10
250,0.006123343016952276,CompoNet,3476564,174596,10
251,0.006110453046858311,CompoNet,3476564,174596,10
252,0.006122733000665903,CompoNet,3476564,174596,10
253,0.006126302992925048,CompoNet,3476564,174596,10
254,0.006195372901856899,CompoNet,3476564,174596,10
255,0.0061230529099702835,CompoNet,3476564,174596,10
256,0.006117313168942928,CompoNet,3476564,174596,10
257,0.00611628289334476,CompoNet,3476564,174596,10
258,0.0061197830364108086,CompoNet,3476564,174596,10
259,0.006130153080448508,CompoNet,3476564,174596,10
260,0.006128573091700673,CompoNet,3476564,174596,10
261,0.006197982933372259,CompoNet,3476564,174596,10
262,0.00613272306509316,CompoNet,3476564,174596,10
263,0.006122933002188802,CompoNet,3476564,174596,10
264,0.006131993141025305,CompoNet,3476564,174596,10
265,0.0061383231077343225,CompoNet,3476564,174596,10
266,0.006129602901637554,CompoNet,3476564,174596,10
267,0.006119522964581847,CompoNet,3476564,174596,10
268,0.006123682949692011,CompoNet,3476564,174596,10
269,0.006127842934802175,CompoNet,3476564,174596,10
270,0.006220111856237054,CompoNet,3476564,174596,10
271,0.006186982849612832,CompoNet,3476564,174596,10
272,0.006132442969828844,CompoNet,3476564,174596,10
273,0.006124373059719801,CompoNet,3476564,174596,10
274,0.00625343294814229,CompoNet,3476564,174596,10
275,0.006213543005287647,CompoNet,3476564,174596,10
276,0.006115893134847283,CompoNet,3476564,174596,10
277,0.00613004295155406,CompoNet,3476564,174596,10
278,0.006123153027147055,CompoNet,3476564,174596,10
279,0.006142582977190614,CompoNet,3476564,174596,10
280,0.0061774528585374355,CompoNet,3476564,174596,10
281,0.008019185159355402,CompoNet,3476564,174596,10
282,0.006245223106816411,CompoNet,3476564,174596,10
283,0.006117942975834012,CompoNet,3476564,174596,10
284,0.006112433038651943,CompoNet,3476564,174596,10
285,0.006110043032094836,CompoNet,3476564,174596,10
286,0.006174642825499177,CompoNet,3476564,174596,10
287,0.006091903196647763,CompoNet,3476564,174596,10
288,0.006097242934629321,CompoNet,3476564,174596,10
289,0.006101682782173157,CompoNet,3476564,174596,10
290,0.006094312993809581,CompoNet,3476564,174596,10
291,0.006098333979025483,CompoNet,3476564,174596,10
292,0.006100094178691506,CompoNet,3476564,174596,10
293,0.006109812995418906,CompoNet,3476564,174596,10
294,0.006141473073512316,CompoNet,3476564,174596,10
295,0.0061004429589957,CompoNet,3476564,174596,10
296,0.006100742844864726,CompoNet,3476564,174596,10
297,0.00614110310561955,CompoNet,3476564,174596,10
298,0.006105863023549318,CompoNet,3476564,174596,10
299,0.0061114029958844185,CompoNet,3476564,174596,10
300,0.006109933136031032,CompoNet,3476564,174596,10
301,0.006119903177022934,CompoNet,3476564,174596,10
302,0.006105493055656552,CompoNet,3476564,174596,10
303,0.006174293113872409,CompoNet,3476564,174596,10
304,0.006107192952185869,CompoNet,3476564,174596,10
305,0.006098722806200385,CompoNet,3476564,174596,10
306,0.006100563099607825,CompoNet,3476564,174596,10
307,0.0061061030719429255,CompoNet,3476564,174596,10
308,0.006108043948188424,CompoNet,3476564,174596,10
309,0.006111712893471122,CompoNet,3476564,174596,10
310,0.006110014161095023,CompoNet,3476564,174596,10
311,0.006102673010900617,CompoNet,3476564,174596,10
312,0.006112423026934266,CompoNet,3476564,174596,10
313,0.006094462936744094,CompoNet,3476564,174596,10
314,0.006098503014072776,CompoNet,3476564,174596,10
315,0.006112633040174842,CompoNet,3476564,174596,10
316,0.006094662938266993,CompoNet,3476564,174596,10
317,0.00614295294508338,CompoNet,3476564,174596,10
318,0.006132552865892649,CompoNet,3476564,174596,10
319,0.006172653054818511,CompoNet,3476564,174596,10
320,0.006106752902269363,CompoNet,3476564,174596,10
321,0.006094492971897125,CompoNet,3476564,174596,10
322,0.006090892944484949,CompoNet,3476564,174596,10
323,0.0061078129801899195,CompoNet,3476564,174596,10
324,0.00610555405728519,CompoNet,3476564,174596,10
325,0.00610319385305047,CompoNet,3476564,174596,10
326,0.006109043024480343,CompoNet,3476564,174596,10
327,0.0061280629597604275,CompoNet,3476564,174596,10
328,0.006207221886143088,CompoNet,3476564,174596,10
329,0.006128553068265319,CompoNet,3476564,174596,10
330,0.006142293103039265,CompoNet,3476564,174596,10
331,0.006129532819613814,CompoNet,3476564,174596,10
332,0.006196192931383848,CompoNet,3476564,174596,10
333,0.006123993080109358,CompoNet,3476564,174596,10
334,0.006135053001344204,CompoNet,3476564,174596,10
335,0.006209302926436067,CompoNet,3476564,174596,10
336,0.006165881874039769,CompoNet,3476564,174596,10
337,0.006137702846899629,CompoNet,3476564,174596,10
338,0.006145082879811525,CompoNet,3476564,174596,10
339,0.006118163000792265,CompoNet,3476564,174596,10
340,0.006123292958363891,CompoNet,3476564,174596,10
341,0.006132822949439287,CompoNet,3476564,174596,10
342,0.006136112846434116,CompoNet,3476564,174596,10
343,0.006148423068225384,CompoNet,3476564,174596,10
344,0.006131432950496674,CompoNet,3476564,174596,10
345,0.006132293026894331,CompoNet,3476564,174596,10
346,0.006130422931164503,CompoNet,3476564,174596,10
347,0.006126612890511751,CompoNet,3476564,174596,10
348,0.006134763127192855,CompoNet,3476564,174596,10
349,0.006129042943939567,CompoNet,3476564,174596,10
350,0.006115102907642722,CompoNet,3476564,174596,10
351,0.00615687295794487,CompoNet,3476564,174596,10
352,0.006166963139548898,CompoNet,3476564,174596,10
353,0.006200672127306461,CompoNet,3476564,174596,10
354,0.006121722981333733,CompoNet,3476564,174596,10
355,0.006127823144197464,CompoNet,3476564,174596,10
356,0.006122842896729708,CompoNet,3476564,174596,10
357,0.006125923013314605,CompoNet,3476564,174596,10
358,0.006124682957306504,CompoNet,3476564,174596,10
359,0.0061245730612427,CompoNet,3476564,174596,10
360,0.006128412904217839,CompoNet,3476564,174596,10
361,0.006123622879385948,CompoNet,3476564,174596,10
362,0.006198043003678322,CompoNet,3476564,174596,10
363,0.006121193058788776,CompoNet,3476564,174596,10
364,0.0061226829420775175,CompoNet,3476564,174596,10
365,0.006124282954260707,CompoNet,3476564,174596,10
366,0.006127482978627086,CompoNet,3476564,174596,10
367,0.006118483142927289,CompoNet,3476564,174596,10
368,0.006183522986248136,CompoNet,3476564,174596,10
369,0.006123943021520972,CompoNet,3476564,174596,10
370,0.0061235628090798855,CompoNet,3476564,174596,10
371,0.006169673055410385,CompoNet,3476564,174596,10
372,0.006181702949106693,CompoNet,3476564,174596,10
373,0.006130424095317721,CompoNet,3476564,174596,10
374,0.006121863843873143,CompoNet,3476564,174596,10
375,0.006119284080341458,CompoNet,3476564,174596,10
376,0.006130792899057269,CompoNet,3476564,174596,10
377,0.006121583981439471,CompoNet,3476564,174596,10
378,0.006121973041445017,CompoNet,3476564,174596,10
379,0.006121593061834574,CompoNet,3476564,174596,10
380,0.0061486829072237015,CompoNet,3476564,174596,10
381,0.006124153034761548,CompoNet,3476564,174596,10
382,0.006140442099422216,CompoNet,3476564,174596,10
383,0.006118612829595804,CompoNet,3476564,174596,10
384,0.006203813012689352,CompoNet,3476564,174596,10
385,0.006112403003498912,CompoNet,3476564,174596,10
386,0.006123653147369623,CompoNet,3476564,174596,10
387,0.00612780312076211,CompoNet,3476564,174596,10
388,0.006136563140898943,CompoNet,3476564,174596,10
389,0.006124353036284447,CompoNet,3476564,174596,10
390,0.0061141131445765495,CompoNet,3476564,174596,10
391,0.006118302932009101,CompoNet,3476564,174596,10
392,0.006113323150202632,CompoNet,3476564,174596,10
393,0.0061126528307795525,CompoNet,3476564,174596,10
394,0.006140673067420721,CompoNet,3476564,174596,10
395,0.006120682926848531,CompoNet,3476564,174596,10
396,0.006192222936078906,CompoNet,3476564,174596,10
397,0.006112582981586456,CompoNet,3476564,174596,10
398,0.006121122976765037,CompoNet,3476564,174596,10
399,0.006130143068730831,CompoNet,3476564,174596,10
400,0.006180263124406338,CompoNet,3476564,174596,10
401,0.0061232829466462135,CompoNet,3476564,174596,10
402,0.006190962856635451,CompoNet,3476564,174596,10
403,0.006109312875196338,CompoNet,3476564,174596,10
404,0.0061118630692362785,CompoNet,3476564,174596,10
405,0.006129323039203882,CompoNet,3476564,174596,10
406,0.006125403102487326,CompoNet,3476564,174596,10
407,0.00611789315007627,CompoNet,3476564,174596,10
408,0.006106802960857749,CompoNet,3476564,174596,10
409,0.006104923086240888,CompoNet,3476564,174596,10
410,0.006122833117842674,CompoNet,3476564,174596,10
411,0.006117322947829962,CompoNet,3476564,174596,10
412,0.006113322917371988,CompoNet,3476564,174596,10
413,0.006125993095338345,CompoNet,3476564,174596,10
414,0.006116283126175404,CompoNet,3476564,174596,10
415,0.006110263057053089,CompoNet,3476564,174596,10
416,0.006108073052018881,CompoNet,3476564,174596,10
417,0.006190862972289324,CompoNet,3476564,174596,10
418,0.006119542988017201,CompoNet,3476564,174596,10
419,0.006117033073678613,CompoNet,3476564,174596,10
420,0.006116263102740049,CompoNet,3476564,174596,10
421,0.0061245630495250225,CompoNet,3476564,174596,10
422,0.006118243094533682,CompoNet,3476564,174596,10
423,0.006114813033491373,CompoNet,3476564,174596,10
424,0.006107262801378965,CompoNet,3476564,174596,10
425,0.006123202852904797,CompoNet,3476564,174596,10
426,0.006119422847405076,CompoNet,3476564,174596,10
427,0.0061244231183081865,CompoNet,3476564,174596,10
428,0.00614373292773962,CompoNet,3476564,174596,10
429,0.006158452946692705,CompoNet,3476564,174596,10
430,0.006159582873806357,CompoNet,3476564,174596,10
431,0.006139093078672886,CompoNet,3476564,174596,10
432,0.00612343312241137,CompoNet,3476564,174596,10
433,0.006192842964082956,CompoNet,3476564,174596,10
434,0.0061212629079818726,CompoNet,3476564,174596,10
435,0.006117242854088545,CompoNet,3476564,174596,10
436,0.0061235029716044664,CompoNet,3476564,174596,10
437,0.006185741862282157,CompoNet,3476564,174596,10
438,0.006133483024314046,CompoNet,3476564,174596,10
439,0.006126183085143566,CompoNet,3476564,174596,10
440,0.006114563904702663,CompoNet,3476564,174596,10
441,0.0061151140835136175,CompoNet,3476564,174596,10
442,0.006154653150588274,CompoNet,3476564,174596,10
443,0.006106293061748147,CompoNet,3476564,174596,10
444,0.006161022931337357,CompoNet,3476564,174596,10
445,0.006113293115049601,CompoNet,3476564,174596,10
446,0.006119623081758618,CompoNet,3476564,174596,10
447,0.006137163145467639,CompoNet,3476564,174596,10
448,0.0061262729577720165,CompoNet,3476564,174596,10
449,0.006178713170811534,CompoNet,3476564,174596,10
450,0.00612727296538651,CompoNet,3476564,174596,10
451,0.006127162836492062,CompoNet,3476564,174596,10
452,0.0061195529997348785,CompoNet,3476564,174596,10
453,0.006147993030026555,CompoNet,3476564,174596,10
454,0.006142603000625968,CompoNet,3476564,174596,10
455,0.006141253048554063,CompoNet,3476564,174596,10
456,0.0061322629917413,CompoNet,3476564,174596,10
457,0.006128032924607396,CompoNet,3476564,174596,10
458,0.006118833087384701,CompoNet,3476564,174596,10
459,0.006125862943008542,CompoNet,3476564,174596,10
460,0.006111392984166741,CompoNet,3476564,174596,10
461,0.006120633101090789,CompoNet,3476564,174596,10
462,0.0061143930070102215,CompoNet,3476564,174596,10
463,0.006151973037049174,CompoNet,3476564,174596,10
464,0.006149672903120518,CompoNet,3476564,174596,10
465,0.006137273041531444,CompoNet,3476564,174596,10
466,0.006160573102533817,CompoNet,3476564,174596,10
467,0.006124262930825353,CompoNet,3476564,174596,10
468,0.00612643314525485,CompoNet,3476564,174596,10
469,0.0061290329322218895,CompoNet,3476564,174596,10
470,0.006119912955909967,CompoNet,3476564,174596,10
471,0.0061169329565018415,CompoNet,3476564,174596,10
472,0.006123403087258339,CompoNet,3476564,174596,10
473,0.00612489297054708,CompoNet,3476564,174596,10
474,0.006116752978414297,CompoNet,3476564,174596,10
475,0.006117722950875759,CompoNet,3476564,174596,10
476,0.006126292981207371,CompoNet,3476564,174596,10
477,0.006129153072834015,CompoNet,3476564,174596,10
478,0.006125213112682104,CompoNet,3476564,174596,10
479,0.0061391431372612715,CompoNet,3476564,174596,10
480,0.006123912986367941,CompoNet,3476564,174596,10
481,0.006127353059127927,CompoNet,3476564,174596,10
482,0.006181102944537997,CompoNet,3476564,174596,10
483,0.0061536929570138454,CompoNet,3476564,174596,10
484,0.006195273017510772,CompoNet,3476564,174596,10
485,0.006133372895419598,CompoNet,3476564,174596,10
486,0.0061246128752827644,CompoNet,3476564,174596,10
487,0.0061191830318421125,CompoNet,3476564,174596,10
488,0.006126072956249118,CompoNet,3476564,174596,10
489,0.006145203020423651,CompoNet,3476564,174596,10
490,0.006131272995844483,CompoNet,3476564,174596,10
491,0.0061258131172508,CompoNet,3476564,174596,10
492,0.006130032939836383,CompoNet,3476564,174596,10
493,0.006129732821136713,CompoNet,3476564,174596,10
494,0.006126092979684472,CompoNet,3476564,174596,10
495,0.006134713068604469,CompoNet,3476564,174596,10
496,0.0061196330934762955,CompoNet,3476564,174596,10
497,0.006159262964501977,CompoNet,3476564,174596,10
498,0.006181563017889857,CompoNet,3476564,174596,10
499,0.00616717291995883,CompoNet,3476564,174596,10
500,0.006108544068410993,CompoNet,3476564,174596,10
501,0.0061218529008328915,CompoNet,3476564,174596,10
502,0.0061107841320335865,CompoNet,3476564,174596,10
503,0.006118022836744785,CompoNet,3476564,174596,10
504,0.006105642998591065,CompoNet,3476564,174596,10
505,0.006107173161581159,CompoNet,3476564,174596,10
506,0.006118243094533682,CompoNet,3476564,174596,10
507,0.006109332898631692,CompoNet,3476564,174596,10
508,0.006128072971478105,CompoNet,3476564,174596,10
509,0.006157292984426022,CompoNet,3476564,174596,10
510,0.006136162905022502,CompoNet,3476564,174596,10
511,0.006131943082436919,CompoNet,3476564,174596,10
512,0.006122703198343515,CompoNet,3476564,174596,10
513,0.006117352982982993,CompoNet,3476564,174596,10
514,0.006151243112981319,CompoNet,3476564,174596,10
515,0.0061279230285435915,CompoNet,3476564,174596,10
516,0.00611475296318531,CompoNet,3476564,174596,10
517,0.006116252858191729,CompoNet,3476564,174596,10
518,0.006124862935394049,CompoNet,3476564,174596,10
519,0.006221381947398186,CompoNet,3476564,174596,10
520,0.00617885310202837,CompoNet,3476564,174596,10
521,0.006126862950623035,CompoNet,3476564,174596,10
522,0.006126173073425889,CompoNet,3476564,174596,10
523,0.006113023031502962,CompoNet,3476564,174596,10
524,0.006120403064414859,CompoNet,3476564,174596,10
525,0.00612143287435174,CompoNet,3476564,174596,10
526,0.006166463019326329,CompoNet,3476564,174596,10
527,0.006121413083747029,CompoNet,3476564,174596,10
528,0.006117003038525581,CompoNet,3476564,174596,10
529,0.006110302871093154,CompoNet,3476564,174596,10
530,0.006109893089160323,CompoNet,3476564,174596,10
531,0.006227213190868497,CompoNet,3476564,174596,10
532,0.006114102900028229,CompoNet,3476564,174596,10
533,0.006138962926343083,CompoNet,3476564,174596,10
534,0.006121003068983555,CompoNet,3476564,174596,10
535,0.006107342895120382,CompoNet,3476564,174596,10
536,0.0061109429225325584,CompoNet,3476564,174596,10
537,0.006107243010774255,CompoNet,3476564,174596,10
538,0.006118102930486202,CompoNet,3476564,174596,10
539,0.006111492868512869,CompoNet,3476564,174596,10
540,0.0061202929355204105,CompoNet,3476564,174596,10
541,0.006121823098510504,CompoNet,3476564,174596,10
542,0.006106863031163812,CompoNet,3476564,174596,10
543,0.006108892848715186,CompoNet,3476564,174596,10
544,0.006119842873886228,CompoNet,3476564,174596,10
545,0.006108843954280019,CompoNet,3476564,174596,10
546,0.006129414075985551,CompoNet,3476564,174596,10
547,0.0061545229982584715,CompoNet,3476564,174596,10
548,0.006143172970041633,CompoNet,3476564,174596,10
549,0.0061362129636108875,CompoNet,3476564,174596,10
550,0.006134052993729711,CompoNet,3476564,174596,10
551,0.006116872886195779,CompoNet,3476564,174596,10
552,0.006111392984166741,CompoNet,3476564,174596,10
553,0.006121273152530193,CompoNet,3476564,174596,10
554,0.00612711301073432,CompoNet,3476564,174596,10
555,0.006110193207859993,CompoNet,3476564,174596,10
556,0.006116543198004365,CompoNet,3476564,174596,10
557,0.006122733000665903,CompoNet,3476564,174596,10
558,0.006110193906351924,CompoNet,3476564,174596,10
559,0.006112613948062062,CompoNet,3476564,174596,10
560,0.006114123156294227,CompoNet,3476564,174596,10
561,0.006120483158156276,CompoNet,3476564,174596,10
562,0.006115263095125556,CompoNet,3476564,174596,10
563,0.006194781977683306,CompoNet,3476564,174596,10
564,0.0061182728968560696,CompoNet,3476564,174596,10
565,0.006158753065392375,CompoNet,3476564,174596,10
566,0.006130133057013154,CompoNet,3476564,174596,10
567,0.006119522964581847,CompoNet,3476564,174596,10
568,0.006112403003498912,CompoNet,3476564,174596,10
569,0.006124413106590509,CompoNet,3476564,174596,10
570,0.006136232987046242,CompoNet,3476564,174596,10
571,0.0061390430200845,CompoNet,3476564,174596,10
572,0.0061563130002468824,CompoNet,3476564,174596,10
573,0.006140283076092601,CompoNet,3476564,174596,10
574,0.006137212971225381,CompoNet,3476564,174596,10
575,0.006135342875495553,CompoNet,3476564,174596,10
576,0.006137452786788344,CompoNet,3476564,174596,10
577,0.0061289528384804726,CompoNet,3476564,174596,10
578,0.006121743004769087,CompoNet,3476564,174596,10
579,0.006120862904936075,CompoNet,3476564,174596,10
580,0.006155003095045686,CompoNet,3476564,174596,10
581,0.006133952876552939,CompoNet,3476564,174596,10
582,0.006133143091574311,CompoNet,3476564,174596,10
583,0.006125643150880933,CompoNet,3476564,174596,10
584,0.006123573053628206,CompoNet,3476564,174596,10
585,0.006124833133071661,CompoNet,3476564,174596,10
586,0.006106923101469874,CompoNet,3476564,174596,10
587,0.006089432863518596,CompoNet,3476564,174596,10
588,0.00609422312118113,CompoNet,3476564,174596,10
589,0.006077673984691501,CompoNet,3476564,174596,10
590,0.007485838141292334,CompoNet,3476564,174596,10
591,0.006215083179995418,CompoNet,3476564,174596,10
592,0.006100623169913888,CompoNet,3476564,174596,10
593,0.006106543121859431,CompoNet,3476564,174596,10
594,0.00610291282646358,CompoNet,3476564,174596,10
595,0.00608952296897769,CompoNet,3476564,174596,10
596,0.006154052913188934,CompoNet,3476564,174596,10
597,0.006100812926888466,CompoNet,3476564,174596,10
598,0.0060965928714722395,CompoNet,3476564,174596,10
599,0.00620030309073627,CompoNet,3476564,174596,10
600,0.006092582829296589,CompoNet,3476564,174596,10
601,0.00608192291110754,CompoNet,3476564,174596,10
602,0.006111943861469626,CompoNet,3476564,174596,10
603,0.006107963155955076,CompoNet,3476564,174596,10
604,0.006141053047031164,CompoNet,3476564,174596,10
605,0.006137463031336665,CompoNet,3476564,174596,10
606,0.006124313920736313,CompoNet,3476564,174596,10
607,0.006131702801212668,CompoNet,3476564,174596,10
608,0.006189333042129874,CompoNet,3476564,174596,10
609,0.006113262847065926,CompoNet,3476564,174596,10
610,0.0061224030796438456,CompoNet,3476564,174596,10
611,0.0061268131248652935,CompoNet,3476564,174596,10
612,0.006204613018780947,CompoNet,3476564,174596,10
613,0.006119932979345322,CompoNet,3476564,174596,10
614,0.00611919304355979,CompoNet,3476564,174596,10
615,0.006127513013780117,CompoNet,3476564,174596,10
616,0.006129282992333174,CompoNet,3476564,174596,10
617,0.006134822964668274,CompoNet,3476564,174596,10
618,0.006117853103205562,CompoNet,3476564,174596,10
619,0.00612050318159163,CompoNet,3476564,174596,10
620,0.006139612989500165,CompoNet,3476564,174596,10
621,0.0061176130548119545,CompoNet,3476564,174596,10
622,0.006126402877271175,CompoNet,3476564,174596,10
623,0.006149563007056713,CompoNet,3476564,174596,10
624,0.006139142904430628,CompoNet,3476564,174596,10
625,0.00612358283251524,CompoNet,3476564,174596,10
626,0.006118322955444455,CompoNet,3476564,174596,10
627,0.006120242876932025,CompoNet,3476564,174596,10
628,0.006185953039675951,CompoNet,3476564,174596,10
629,0.00612104288302362,CompoNet,3476564,174596,10
630,0.006119293160736561,CompoNet,3476564,174596,10
631,0.006117803044617176,CompoNet,3476564,174596,10
632,0.0061490030493587255,CompoNet,3476564,174596,10
633,0.006156292976811528,CompoNet,3476564,174596,10
634,0.00612780312076211,CompoNet,3476564,174596,10
635,0.00612473301589489,CompoNet,3476564,174596,10
636,0.006129994057118893,CompoNet,3476564,174596,10
637,0.0061342730186879635,CompoNet,3476564,174596,10
638,0.006132822949439287,CompoNet,3476564,174596,10
639,0.006130424095317721,CompoNet,3476564,174596,10
640,0.006122833816334605,CompoNet,3476564,174596,10
641,0.006127923959866166,CompoNet,3476564,174596,10
642,0.006127523025497794,CompoNet,3476564,174596,10
643,0.006150443106889725,CompoNet,3476564,174596,10
644,0.006154642906039953,CompoNet,3476564,174596,10
645,0.006182522978633642,CompoNet,3476564,174596,10
646,0.006142243044450879,CompoNet,3476564,174596,10
647,0.006140352925285697,CompoNet,3476564,174596,10
648,0.006135873030871153,CompoNet,3476564,174596,10
649,0.006131182890385389,CompoNet,3476564,174596,10
650,0.006181922974064946,CompoNet,3476564,174596,10
651,0.006156722083687782,CompoNet,3476564,174596,10
652,0.006117143901064992,CompoNet,3476564,174596,10
653,0.006132133072242141,CompoNet,3476564,174596,10
654,0.006128533976152539,CompoNet,3476564,174596,10
655,0.006122542778030038,CompoNet,3476564,174596,10
656,0.006128652952611446,CompoNet,3476564,174596,10
657,0.006126483902335167,CompoNet,3476564,174596,10
658,0.006112172966822982,CompoNet,3476564,174596,10
659,0.00611896300688386,CompoNet,3476564,174596,10
660,0.006121132988482714,CompoNet,3476564,174596,10
661,0.006174792069941759,CompoNet,3476564,174596,10
662,0.006123373052105308,CompoNet,3476564,174596,10
663,0.006123603088781238,CompoNet,3476564,174596,10
664,0.006120692938566208,CompoNet,3476564,174596,10
665,0.006158583099022508,CompoNet,3476564,174596,10
666,0.006182483164593577,CompoNet,3476564,174596,10
667,0.00614588288590312,CompoNet,3476564,174596,10
668,0.006131662987172604,CompoNet,3476564,174596,10
669,0.006131493020802736,CompoNet,3476564,174596,10
670,0.0061409929767251015,CompoNet,3476564,174596,10
671,0.006126802880316973,CompoNet,3476564,174596,10
672,0.006122702965512872,CompoNet,3476564,174596,10
673,0.006112013012170792,CompoNet,3476564,174596,10
674,0.00611475296318531,CompoNet,3476564,174596,10
675,0.006137173157185316,CompoNet,3476564,174596,10
676,0.006143683101981878,CompoNet,3476564,174596,10
677,0.006167723098769784,CompoNet,3476564,174596,10
678,0.00611482304520905,CompoNet,3476564,174596,10
679,0.006119522964581847,CompoNet,3476564,174596,10
680,0.006127513013780117,CompoNet,3476564,174596,10
681,0.006127882981672883,CompoNet,3476564,174596,10
682,0.006134863011538982,CompoNet,3476564,174596,10
683,0.0061323430854827166,CompoNet,3476564,174596,10
684,0.006145382998511195,CompoNet,3476564,174596,10
685,0.006126442924141884,CompoNet,3476564,174596,10
686,0.006222601979970932,CompoNet,3476564,174596,10
687,0.006123943021520972,CompoNet,3476564,174596,10
688,0.006138772936537862,CompoNet,3476564,174596,10
689,0.0061453229282051325,CompoNet,3476564,174596,10
690,0.006168872816488147,CompoNet,3476564,174596,10
691,0.006124052917584777,CompoNet,3476564,174596,10
692,0.006137063028290868,CompoNet,3476564,174596,10
693,0.006200712872669101,CompoNet,3476564,174596,10
694,0.006134434137493372,CompoNet,3476564,174596,10
695,0.006123643135651946,CompoNet,3476564,174596,10
696,0.006136522861197591,CompoNet,3476564,174596,10
697,0.0061341929249465466,CompoNet,3476564,174596,10
698,0.006116753909736872,CompoNet,3476564,174596,10
699,0.006132534006610513,CompoNet,3476564,174596,10
700,0.006197311915457249,CompoNet,3476564,174596,10
701,0.006132773123681545,CompoNet,3476564,174596,10
702,0.006130533060058951,CompoNet,3476564,174596,10
703,0.006137883057817817,CompoNet,3476564,174596,10
704,0.0061304529663175344,CompoNet,3476564,174596,10
705,0.006127933040261269,CompoNet,3476564,174596,10
706,0.006130293011665344,CompoNet,3476564,174596,10
707,0.00612565316259861,CompoNet,3476564,174596,10
708,0.006123993080109358,CompoNet,3476564,174596,10
709,0.0061273828614503145,CompoNet,3476564,174596,10
710,0.006203123135492206,CompoNet,3476564,174596,10
711,0.00613158312626183,CompoNet,3476564,174596,10
712,0.006132862996309996,CompoNet,3476564,174596,10
713,0.00613272306509316,CompoNet,3476564,174596,10
714,0.006149332970380783,CompoNet,3476564,174596,10
715,0.006141963880509138,CompoNet,3476564,174596,10
716,0.006149742053821683,CompoNet,3476564,174596,10
717,0.006154533009976149,CompoNet,3476564,174596,10
718,0.006128373090177774,CompoNet,3476564,174596,10
719,0.0061280131340026855,CompoNet,3476564,174596,10
720,0.006127943051978946,CompoNet,3476564,174596,10
721,0.006121363025158644,CompoNet,3476564,174596,10
722,0.006115003023296595,CompoNet,3476564,174596,10
723,0.00613096309825778,CompoNet,3476564,174596,10
724,0.00612397282384336,CompoNet,3476564,174596,10
725,0.006124223116785288,CompoNet,3476564,174596,10
726,0.006209963001310825,CompoNet,3476564,174596,10
727,0.0061934529803693295,CompoNet,3476564,174596,10
728,0.006130693014711142,CompoNet,3476564,174596,10
729,0.006136473035439849,CompoNet,3476564,174596,10
730,0.006127163069322705,CompoNet,3476564,174596,10
731,0.006130582885816693,CompoNet,3476564,174596,10
732,0.0061114029958844185,CompoNet,3476564,174596,10
733,0.006112503120675683,CompoNet,3476564,174596,10
734,0.006177723174914718,CompoNet,3476564,174596,10
735,0.006128652952611446,CompoNet,3476564,174596,10
736,0.006147283827885985,CompoNet,3476564,174596,10
737,0.006140963174402714,CompoNet,3476564,174596,10
738,0.006137683056294918,CompoNet,3476564,174596,10
739,0.006126862950623035,CompoNet,3476564,174596,10
740,0.00612828298471868,CompoNet,3476564,174596,10
741,0.0061223930679261684,CompoNet,3476564,174596,10
742,0.006212553009390831,CompoNet,3476564,174596,10
743,0.006142833037301898,CompoNet,3476564,174596,10
744,0.006119802827015519,CompoNet,3476564,174596,10
745,0.0061297230422496796,CompoNet,3476564,174596,10
746,0.006118062883615494,CompoNet,3476564,174596,10
747,0.006127772852778435,CompoNet,3476564,174596,10
748,0.006131543079391122,CompoNet,3476564,174596,10
749,0.00613242294639349,CompoNet,3476564,174596,10
750,0.0061321628745645285,CompoNet,3476564,174596,10
751,0.006132332840934396,CompoNet,3476564,174596,10
752,0.006125222891569138,CompoNet,3476564,174596,10
753,0.006118673132732511,CompoNet,3476564,174596,10
754,0.006118223071098328,CompoNet,3476564,174596,10
755,0.006129323039203882,CompoNet,3476564,174596,10
756,0.006132572889328003,CompoNet,3476564,174596,10
757,0.006134903058409691,CompoNet,3476564,174596,10
758,0.006154232891276479,CompoNet,3476564,174596,10
759,0.0061503329779952765,CompoNet,3476564,174596,10
760,0.00614975206553936,CompoNet,3476564,174596,10
761,0.006131483940407634,CompoNet,3476564,174596,10
762,0.0061953619588166475,CompoNet,3476564,174596,10
763,0.006135303061455488,CompoNet,3476564,174596,10
764,0.006126543041318655,CompoNet,3476564,174596,10
765,0.006144003011286259,CompoNet,3476564,174596,10
766,0.006129073211923242,CompoNet,3476564,174596,10
767,0.006186533020809293,CompoNet,3476564,174596,10
768,0.0062103120144456625,CompoNet,3476564,174596,10
769,0.006140843033790588,CompoNet,3476564,174596,10
770,0.006130212917923927,CompoNet,3476564,174596,10
771,0.006139673059806228,CompoNet,3476564,174596,10
772,0.006168843014165759,CompoNet,3476564,174596,10
773,0.006113412790000439,CompoNet,3476564,174596,10
774,0.006121062906458974,CompoNet,3476564,174596,10
775,0.006168772932142019,CompoNet,3476564,174596,10
776,0.006130852969363332,CompoNet,3476564,174596,10
777,0.006125543033704162,CompoNet,3476564,174596,10
778,0.006126323016360402,CompoNet,3476564,174596,10
779,0.006183332996442914,CompoNet,3476564,174596,10
780,0.006112992996349931,CompoNet,3476564,174596,10
781,0.006124363048002124,CompoNet,3476564,174596,10
782,0.006137752905488014,CompoNet,3476564,174596,10
783,0.0061509329825639725,CompoNet,3476564,174596,10
784,0.006131072994321585,CompoNet,3476564,174596,10
785,0.006124492967501283,CompoNet,3476564,174596,10
786,0.006126513006165624,CompoNet,3476564,174596,10
787,0.006128372857347131,CompoNet,3476564,174596,10
788,0.0061280131340026855,CompoNet,3476564,174596,10
789,0.006130493013188243,CompoNet,3476564,174596,10
790,0.006129222922027111,CompoNet,3476564,174596,10
791,0.00620018201880157,CompoNet,3476564,174596,10
792,0.006123333005234599,CompoNet,3476564,174596,10
793,0.006123403087258339,CompoNet,3476564,174596,10
794,0.0061282331589609385,CompoNet,3476564,174596,10
795,0.006124753039330244,CompoNet,3476564,174596,10
796,0.006138172931969166,CompoNet,3476564,174596,10
797,0.0061232231091707945,CompoNet,3476564,174596,10
798,0.0061258431524038315,CompoNet,3476564,174596,10
799,0.006123793078586459,CompoNet,3476564,174596,10
800,0.006120262900367379,CompoNet,3476564,174596,10
801,0.006144733168184757,CompoNet,3476564,174596,10
802,0.006164993159472942,CompoNet,3476564,174596,10
803,0.006109263049438596,CompoNet,3476564,174596,10
804,0.006111852824687958,CompoNet,3476564,174596,10
805,0.006124383071437478,CompoNet,3476564,174596,10
806,0.0061499131843447685,CompoNet,3476564,174596,10
807,0.006203552940860391,CompoNet,3476564,174596,10
808,0.006138073047623038,CompoNet,3476564,174596,10
809,0.006190031999722123,CompoNet,3476564,174596,10
810,0.006123753031715751,CompoNet,3476564,174596,10
811,0.006124442908912897,CompoNet,3476564,174596,10
812,0.006123092956840992,CompoNet,3476564,174596,10
813,0.00611450313590467,CompoNet,3476564,174596,10
814,0.006125153042376041,CompoNet,3476564,174596,10
815,0.006125412881374359,CompoNet,3476564,174596,10
816,0.0061522729229182005,CompoNet,3476564,174596,10
817,0.006128232926130295,CompoNet,3476564,174596,10
818,0.006150773027911782,CompoNet,3476564,174596,10
819,0.006122983060777187,CompoNet,3476564,174596,10
820,0.006117653101682663,CompoNet,3476564,174596,10
821,0.006119483150541782,CompoNet,3476564,174596,10
822,0.006128163076937199,CompoNet,3476564,174596,10
823,0.006128462962806225,CompoNet,3476564,174596,10
824,0.00618823291733861,CompoNet,3476564,174596,10
825,0.006123853148892522,CompoNet,3476564,174596,10
826,0.006112762959674001,CompoNet,3476564,174596,10
827,0.006119613070040941,CompoNet,3476564,174596,10
828,0.006123233120888472,CompoNet,3476564,174596,10
829,0.006158103002235293,CompoNet,3476564,174596,10
830,0.006122332997620106,CompoNet,3476564,174596,10
831,0.006128343055024743,CompoNet,3476564,174596,10
832,0.006163252983242273,CompoNet,3476564,174596,10
833,0.006123763043433428,CompoNet,3476564,174596,10
834,0.006121092941612005,CompoNet,3476564,174596,10
835,0.006147302919998765,CompoNet,3476564,174596,10
836,0.006169702857732773,CompoNet,3476564,174596,10
837,0.006131902802735567,CompoNet,3476564,174596,10
838,0.006121163023635745,CompoNet,3476564,174596,10
839,0.006117112934589386,CompoNet,3476564,174596,10
840,0.006196552189067006,CompoNet,3476564,174596,10
841,0.006134863011538982,CompoNet,3476564,174596,10
842,0.006244452903047204,CompoNet,3476564,174596,10
843,0.006123402854427695,CompoNet,3476564,174596,10
844,0.006122402846813202,CompoNet,3476564,174596,10
845,0.0061214829329401255,CompoNet,3476564,174596,10
846,0.0061149331741034985,CompoNet,3476564,174596,10
847,0.00613249302841723,CompoNet,3476564,174596,10
848,0.006129193119704723,CompoNet,3476564,174596,10
849,0.0061297130305320024,CompoNet,3476564,174596,10
850,0.006123252911493182,CompoNet,3476564,174596,10
851,0.006123343016952276,CompoNet,3476564,174596,10
852,0.006141062825918198,CompoNet,3476564,174596,10
853,0.006149922963231802,CompoNet,3476564,174596,10
854,0.0061647831462323666,CompoNet,3476564,174596,10
855,0.006126943044364452,CompoNet,3476564,174596,10
856,0.006195981986820698,CompoNet,3476564,174596,10
857,0.006117633078247309,CompoNet,3476564,174596,10
858,0.006127052940428257,CompoNet,3476564,174596,10
859,0.006106873042881489,CompoNet,3476564,174596,10
860,0.006125213112682104,CompoNet,3476564,174596,10
861,0.006182082928717136,CompoNet,3476564,174596,10
862,0.0061559530440717936,CompoNet,3476564,174596,10
863,0.006123112980276346,CompoNet,3476564,174596,10
864,0.00612381286919117,CompoNet,3476564,174596,10
865,0.006117873126640916,CompoNet,3476564,174596,10
866,0.006128183100372553,CompoNet,3476564,174596,10
867,0.0061235930770635605,CompoNet,3476564,174596,10
868,0.006142063066363335,CompoNet,3476564,174596,10
869,0.0062067629769444466,CompoNet,3476564,174596,10
870,0.00611406285315752,CompoNet,3476564,174596,10
871,0.006123012863099575,CompoNet,3476564,174596,10
872,0.006187991937622428,CompoNet,3476564,174596,10
873,0.006114152958616614,CompoNet,3476564,174596,10
874,0.006126353982836008,CompoNet,3476564,174596,10
875,0.006119682919234037,CompoNet,3476564,174596,10
876,0.006104564061388373,CompoNet,3476564,174596,10
877,0.006110913120210171,CompoNet,3476564,174596,10
878,0.006109202979132533,CompoNet,3476564,174596,10
879,0.006094013107940555,CompoNet,3476564,174596,10
880,0.006093223113566637,CompoNet,3476564,174596,10
881,0.006090422859415412,CompoNet,3476564,174596,10
882,0.0061088730581104755,CompoNet,3476564,174596,10
883,0.006108483066782355,CompoNet,3476564,174596,10
884,0.0061208829283714294,CompoNet,3476564,174596,10
885,0.006115393014624715,CompoNet,3476564,174596,10
886,0.006116533884778619,CompoNet,3476564,174596,10
887,0.006136693060398102,CompoNet,3476564,174596,10
888,0.006124173989519477,CompoNet,3476564,174596,10
889,0.006196632981300354,CompoNet,3476564,174596,10
890,0.006124052917584777,CompoNet,3476564,174596,10
891,0.0061120830941945314,CompoNet,3476564,174596,10
892,0.006120173027738929,CompoNet,3476564,174596,10
893,0.006110173184424639,CompoNet,3476564,174596,10
894,0.0061196929309517145,CompoNet,3476564,174596,10
895,0.006123712984845042,CompoNet,3476564,174596,10
896,0.00611990294419229,CompoNet,3476564,174596,10
897,0.006136693060398102,CompoNet,3476564,174596,10
898,0.006121302954852581,CompoNet,3476564,174596,10
899,0.006137563148513436,CompoNet,3476564,174596,10
900,0.006141663063317537,CompoNet,3476564,174596,10
901,0.0061158230528235435,CompoNet,3476564,174596,10
902,0.006116162985563278,CompoNet,3476564,174596,10
903,0.006198742892593145,CompoNet,3476564,174596,10
904,0.006116993026807904,CompoNet,3476564,174596,10
905,0.006184033118188381,CompoNet,3476564,174596,10
906,0.006114972988143563,CompoNet,3476564,174596,10
907,0.0061120628379285336,CompoNet,3476564,174596,10
908,0.0061197231989353895,CompoNet,3476564,174596,10
909,0.006116032833233476,CompoNet,3476564,174596,10
910,0.006135053001344204,CompoNet,3476564,174596,10
911,0.00611159298568964,CompoNet,3476564,174596,10
912,0.006115413038060069,CompoNet,3476564,174596,10
913,0.006125923013314605,CompoNet,3476564,174596,10
914,0.006123543018475175,CompoNet,3476564,174596,10
915,0.006127282977104187,CompoNet,3476564,174596,10
916,0.006128333043307066,CompoNet,3476564,174596,10
917,0.006131182890385389,CompoNet,3476564,174596,10
918,0.006143683101981878,CompoNet,3476564,174596,10
919,0.006125422893092036,CompoNet,3476564,174596,10
920,0.00620568310841918,CompoNet,3476564,174596,10
921,0.006247581914067268,CompoNet,3476564,174596,10
922,0.006121813086792827,CompoNet,3476564,174596,10
923,0.006129773100838065,CompoNet,3476564,174596,10
924,0.006203443044796586,CompoNet,3476564,174596,10
925,0.006250362144783139,CompoNet,3476564,174596,10
926,0.006106113083660603,CompoNet,3476564,174596,10
927,0.006126973079517484,CompoNet,3476564,174596,10
928,0.00612542312592268,CompoNet,3476564,174596,10
929,0.006150093162432313,CompoNet,3476564,174596,10
930,0.006185213103890419,CompoNet,3476564,174596,10
931,0.006117042852565646,CompoNet,3476564,174596,10
932,0.006143913138657808,CompoNet,3476564,174596,10
933,0.006127593107521534,CompoNet,3476564,174596,10
934,0.006122143007814884,CompoNet,3476564,174596,10
935,0.006159303011372685,CompoNet,3476564,174596,10
936,0.006159462966024876,CompoNet,3476564,174596,10
937,0.0062043918296694756,CompoNet,3476564,174596,10
938,0.006157533032819629,CompoNet,3476564,174596,10
939,0.006117403041571379,CompoNet,3476564,174596,10
940,0.00612166291102767,CompoNet,3476564,174596,10
941,0.006118173012509942,CompoNet,3476564,174596,10
942,0.006132903043180704,CompoNet,3476564,174596,10
943,0.006118842866271734,CompoNet,3476564,174596,10
944,0.006128652952611446,CompoNet,3476564,174596,10
945,0.006124852923676372,CompoNet,3476564,174596,10
946,0.006130212917923927,CompoNet,3476564,174596,10
947,0.006137952907010913,CompoNet,3476564,174596,10
948,0.0061306830029934645,CompoNet,3476564,174596,10
949,0.006138303084298968,CompoNet,3476564,174596,10
950,0.0061333931516855955,CompoNet,3476564,174596,10
951,0.0061147331725806,CompoNet,3476564,174596,10
952,0.006117083132266998,CompoNet,3476564,174596,10
953,0.006122042890638113,CompoNet,3476564,174596,10
954,0.006204283097758889,CompoNet,3476564,174596,10
955,0.006150902947410941,CompoNet,3476564,174596,10
956,0.006132503040134907,CompoNet,3476564,174596,10
957,0.00612805294804275,CompoNet,3476564,174596,10
958,0.006125502986833453,CompoNet,3476564,174596,10
959,0.0061185231897979975,CompoNet,3476564,174596,10
960,0.006106273038312793,CompoNet,3476564,174596,10
961,0.006098123034462333,CompoNet,3476564,174596,10
962,0.006107862805947661,CompoNet,3476564,174596,10
963,0.006103463005274534,CompoNet,3476564,174596,10
964,0.0061015530955046415,CompoNet,3476564,174596,10
965,0.006098204059526324,CompoNet,3476564,174596,10
966,0.006100624101236463,CompoNet,3476564,174596,10
967,0.006117662880569696,CompoNet,3476564,174596,10
968,0.00610005296766758,CompoNet,3476564,174596,10
969,0.006106683053076267,CompoNet,3476564,174596,10
970,0.0061721529345959425,CompoNet,3476564,174596,10
971,0.006185192847624421,CompoNet,3476564,174596,10
972,0.006096133962273598,CompoNet,3476564,174596,10
973,0.006098604062572122,CompoNet,3476564,174596,10
974,0.006102123996242881,CompoNet,3476564,174596,10
975,0.0061115229036659,CompoNet,3476564,174596,10
976,0.006108063040301204,CompoNet,3476564,174596,10
977,0.0061460030265152454,CompoNet,3476564,174596,10
978,0.006155733019113541,CompoNet,3476564,174596,10
979,0.0061144831124693155,CompoNet,3476564,174596,10
980,0.00611374294385314,CompoNet,3476564,174596,10
981,0.00611397298052907,CompoNet,3476564,174596,10
982,0.006122622871771455,CompoNet,3476564,174596,10
983,0.00612205290235579,CompoNet,3476564,174596,10
984,0.006149682914838195,CompoNet,3476564,174596,10
985,0.006677309982478619,CompoNet,3476564,174596,10
986,0.006715641124173999,CompoNet,3476564,174596,10
987,0.006125172832980752,CompoNet,3476564,174596,10
988,0.006109043024480343,CompoNet,3476564,174596,10
989,0.006112532922998071,CompoNet,3476564,174596,10
990,0.006114342948421836,CompoNet,3476564,174596,10
991,0.006120633101090789,CompoNet,3476564,174596,10
992,0.006106693064793944,CompoNet,3476564,174596,10
993,0.0061068430077284575,CompoNet,3476564,174596,10
994,0.006100062979385257,CompoNet,3476564,174596,10
995,0.006107843015342951,CompoNet,3476564,174596,10
996,0.006112493108958006,CompoNet,3476564,174596,10
997,0.006103173131123185,CompoNet,3476564,174596,10
998,0.006172443041577935,CompoNet,3476564,174596,10
999,0.006111463066190481,CompoNet,3476564,174596,10
1000,0.006096622906625271,CompoNet,3476564,174596,10
1001,0.006106752902269363,CompoNet,3476564,174596,10
1002,0.006108104018494487,CompoNet,3476564,174596,10
1003,0.006170231848955154,CompoNet,3476564,174596,10
1004,0.006130133057013154,CompoNet,3476564,174596,10
1005,0.00614657299593091,CompoNet,3476564,174596,10
1006,0.006116312928497791,CompoNet,3476564,174596,10
1007,0.006126492982730269,CompoNet,3476564,174596,10
1008,0.006148112937808037,CompoNet,3476564,174596,10
1009,0.006140202982351184,CompoNet,3476564,174596,10
1010,0.0061089531518518925,CompoNet,3476564,174596,10
1011,0.006113243056461215,CompoNet,3476564,174596,10
1012,0.006116952979937196,CompoNet,3476564,174596,10
1013,0.00610635313205421,CompoNet,3476564,174596,10
1014,0.006106074200943112,CompoNet,3476564,174596,10
1015,0.006115514086559415,CompoNet,3476564,174596,10
1016,0.006121934158727527,CompoNet,3476564,174596,10
1017,0.006137982942163944,CompoNet,3476564,174596,10
1018,0.006115783005952835,CompoNet,3476564,174596,10
1019,0.006186862010508776,CompoNet,3476564,174596,10
1020,0.006120052887126803,CompoNet,3476564,174596,10
1021,0.006111763184890151,CompoNet,3476564,174596,10
1022,0.0061238829512149096,CompoNet,3476564,174596,10
1023,0.006103253923356533,CompoNet,3476564,174596,10
1024,0.006126212887465954,CompoNet,3476564,174596,10
1025,0.006107974098995328,CompoNet,3476564,174596,10
1026,0.006106782937422395,CompoNet,3476564,174596,10
1027,0.006100753089413047,CompoNet,3476564,174596,10
1028,0.006101502804085612,CompoNet,3476564,174596,10
1029,0.006109943147748709,CompoNet,3476564,174596,10
1030,0.006123032886534929,CompoNet,3476564,174596,10
1031,0.006117242854088545,CompoNet,3476564,174596,10
1032,0.006105802953243256,CompoNet,3476564,174596,10
1033,0.006129923043772578,CompoNet,3476564,174596,10
1034,0.006114313146099448,CompoNet,3476564,174596,10
1035,0.006182712968438864,CompoNet,3476564,174596,10
1036,0.006122612860053778,CompoNet,3476564,174596,10
1037,0.006111002992838621,CompoNet,3476564,174596,10
1038,0.00614895299077034,CompoNet,3476564,174596,10
1039,0.006148993037641048,CompoNet,3476564,174596,10
1040,0.006167743122205138,CompoNet,3476564,174596,10
1041,0.00611390289850533,CompoNet,3476564,174596,10
1042,0.006105942884460092,CompoNet,3476564,174596,10
1043,0.0060969030018895864,CompoNet,3476564,174596,10
1044,0.006109202979132533,CompoNet,3476564,174596,10
1045,0.0061083228792995214,CompoNet,3476564,174596,10
1046,0.006113372975960374,CompoNet,3476564,174596,10
1047,0.006106782937422395,CompoNet,3476564,174596,10
1048,0.006115843076258898,CompoNet,3476564,174596,10
1049,0.00611505308188498,CompoNet,3476564,174596,10
1050,0.0061104740016162395,CompoNet,3476564,174596,10
1051,0.0061269530560821295,CompoNet,3476564,174596,10
1052,0.006183852907270193,CompoNet,3476564,174596,10
1053,0.006118773017078638,CompoNet,3476564,174596,10
1054,0.006112613016739488,CompoNet,3476564,174596,10
1055,0.006107093067839742,CompoNet,3476564,174596,10
1056,0.0061082132160663605,CompoNet,3476564,174596,10
1057,0.006102913990616798,CompoNet,3476564,174596,10
1058,0.006119514117017388,CompoNet,3476564,174596,10
1059,0.006114393938332796,CompoNet,3476564,174596,10
1060,0.006121783051639795,CompoNet,3476564,174596,10
1061,0.006112623028457165,CompoNet,3476564,174596,10
1062,0.006096593104302883,CompoNet,3476564,174596,10
1063,0.006107092835009098,CompoNet,3476564,174596,10
1064,0.006106553133577108,CompoNet,3476564,174596,10
1065,0.006109453039243817,CompoNet,3476564,174596,10
1066,0.006115902913734317,CompoNet,3476564,174596,10
1067,0.006106972927227616,CompoNet,3476564,174596,10
1068,0.006153793074190617,CompoNet,3476564,174596,10
1069,0.006118883145973086,CompoNet,3476564,174596,10
1070,0.006114462856203318,CompoNet,3476564,174596,10
1071,0.006129613146185875,CompoNet,3476564,174596,10
1072,0.006196802947670221,CompoNet,3476564,174596,10
1073,0.00614449311979115,CompoNet,3476564,174596,10
1074,0.006137323100119829,CompoNet,3476564,174596,10
1075,0.006129682995378971,CompoNet,3476564,174596,10
1076,0.0061297130305320024,CompoNet,3476564,174596,10
1077,0.006123003084212542,CompoNet,3476564,174596,10
1078,0.006118602817878127,CompoNet,3476564,174596,10
1079,0.006120702950283885,CompoNet,3476564,174596,10
1080,0.006133062997832894,CompoNet,3476564,174596,10
1081,0.0061338129453361034,CompoNet,3476564,174596,10
1082,0.0061253830790519714,CompoNet,3476564,174596,10
1083,0.006145132938399911,CompoNet,3476564,174596,10
1084,0.006196161964908242,CompoNet,3476564,174596,10
1085,0.006135182920843363,CompoNet,3476564,174596,10
1086,0.006119663128629327,CompoNet,3476564,174596,10
1087,0.006165923085063696,CompoNet,3476564,174596,10
1088,0.006166123086586595,CompoNet,3476564,174596,10
1089,0.006126013118773699,CompoNet,3476564,174596,10
1090,0.0061208929400891066,CompoNet,3476564,174596,10
1091,0.006131392903625965,CompoNet,3476564,174596,10
1092,0.006190062966197729,CompoNet,3476564,174596,10
1093,0.006138992961496115,CompoNet,3476564,174596,10
1094,0.006125333020463586,CompoNet,3476564,174596,10
1095,0.006125223124399781,CompoNet,3476564,174596,10
1096,0.0061167830135673285,CompoNet,3476564,174596,10
1097,0.0061295428313314915,CompoNet,3476564,174596,10
1098,0.006106683053076267,CompoNet,3476564,174596,10
1099,0.006148933200165629,CompoNet,3476564,174596,10
1100,0.00618258211761713,CompoNet,3476564,174596,10
1101,0.006168222986161709,CompoNet,3476564,174596,10
1102,0.006112922914326191,CompoNet,3476564,174596,10
1103,0.006120222853496671,CompoNet,3476564,174596,10
1104,0.006121263140812516,CompoNet,3476564,174596,10
1105,0.006116793025285006,CompoNet,3476564,174596,10
1106,0.006200043018907309,CompoNet,3476564,174596,10
1107,0.006125633139163256,CompoNet,3476564,174596,10
1108,0.0061299430672079325,CompoNet,3476564,174596,10
1109,0.006127953063696623,CompoNet,3476564,174596,10
1110,0.006124712992459536,CompoNet,3476564,174596,10
1111,0.006125162821263075,CompoNet,3476564,174596,10
1112,0.006170433014631271,CompoNet,3476564,174596,10
1113,0.006152013083919883,CompoNet,3476564,174596,10
1114,0.006118012825027108,CompoNet,3476564,174596,10
1115,0.006121233105659485,CompoNet,3476564,174596,10
1116,0.006111852824687958,CompoNet,3476564,174596,10
1117,0.006198672112077475,CompoNet,3476564,174596,10
1118,0.006126682972535491,CompoNet,3476564,174596,10
1119,0.006130402907729149,CompoNet,3476564,174596,10
1120,0.00613881298340857,CompoNet,3476564,174596,10
1121,0.006122843129560351,CompoNet,3476564,174596,10
1122,0.006121002836152911,CompoNet,3476564,174596,10
1123,0.006127792876213789,CompoNet,3476564,174596,10
1124,0.006136313080787659,CompoNet,3476564,174596,10
1125,0.00612434302456677,CompoNet,3476564,174596,10
1126,0.00613073306158185,CompoNet,3476564,174596,10
1127,0.006125772837549448,CompoNet,3476564,174596,10
1128,0.006111972965300083,CompoNet,3476564,174596,10
1129,0.006125942803919315,CompoNet,3476564,174596,10
1130,0.0061106139328330755,CompoNet,3476564,174596,10
1131,0.00611748406663537,CompoNet,3476564,174596,10
1132,0.0061268729623407125,CompoNet,3476564,174596,10
1133,0.006206823047250509,CompoNet,3476564,174596,10
1134,0.006130513036623597,CompoNet,3476564,174596,10
1135,0.006103213177993894,CompoNet,3476564,174596,10
1136,0.006132983136922121,CompoNet,3476564,174596,10
1137,0.006121572805568576,CompoNet,3476564,174596,10
1138,0.00611404306255281,CompoNet,3476564,174596,10
1139,0.006118623074144125,CompoNet,3476564,174596,10
1140,0.006189562845975161,CompoNet,3476564,174596,10
1141,0.006122983060777187,CompoNet,3476564,174596,10
1142,0.006129682995378971,CompoNet,3476564,174596,10
1143,0.006131933070719242,CompoNet,3476564,174596,10
1144,0.006114213028922677,CompoNet,3476564,174596,10
1145,0.006122532999143004,CompoNet,3476564,174596,10
1146,0.006116162985563278,CompoNet,3476564,174596,10
1147,0.006133983144536614,CompoNet,3476564,174596,10
1148,0.006119393045082688,CompoNet,3476564,174596,10
1149,0.00615740311332047,CompoNet,3476564,174596,10
1150,0.006169362924993038,CompoNet,3476564,174596,10
1151,0.006126403110101819,CompoNet,3476564,174596,10
1152,0.006134303053840995,CompoNet,3476564,174596,10
1153,0.006136982934549451,CompoNet,3476564,174596,10
1154,0.00614449311979115,CompoNet,3476564,174596,10
1155,0.006133642978966236,CompoNet,3476564,174596,10
1156,0.006138873053714633,CompoNet,3476564,174596,10
1157,0.0061224231030792,CompoNet,3476564,174596,10
1158,0.006118203047662973,CompoNet,3476564,174596,10
1159,0.0061345528811216354,CompoNet,3476564,174596,10
1160,0.006121682934463024,CompoNet,3476564,174596,10
1161,0.006115222815424204,CompoNet,3476564,174596,10
1162,0.006123712984845042,CompoNet,3476564,174596,10
1163,0.006119722966104746,CompoNet,3476564,174596,10
1164,0.006157832918688655,CompoNet,3476564,174596,10
1165,0.006145653082057834,CompoNet,3476564,174596,10
1166,0.006187902996316552,CompoNet,3476564,174596,10
1167,0.006180283147841692,CompoNet,3476564,174596,10
1168,0.00613050302490592,CompoNet,3476564,174596,10
1169,0.00611713295802474,CompoNet,3476564,174596,10
1170,0.00611997302621603,CompoNet,3476564,174596,10
1171,0.006126262946054339,CompoNet,3476564,174596,10
1172,0.00612727296538651,CompoNet,3476564,174596,10
1173,0.006120133213698864,CompoNet,3476564,174596,10
1174,0.006218713009729981,CompoNet,3476564,174596,10
1175,0.006129252957180142,CompoNet,3476564,174596,10
1176,0.006122712977230549,CompoNet,3476564,174596,10
1177,0.006122702965512872,CompoNet,3476564,174596,10
1178,0.006127452943474054,CompoNet,3476564,174596,10
1179,0.006128422915935516,CompoNet,3476564,174596,10
1180,0.006123452913016081,CompoNet,3476564,174596,10
1181,0.006130513036623597,CompoNet,3476564,174596,10
1182,0.006233832100406289,CompoNet,3476564,174596,10
1183,0.006129252957180142,CompoNet,3476564,174596,10
1184,0.0061333628837019205,CompoNet,3476564,174596,10
1185,0.00612773303873837,CompoNet,3476564,174596,10
1186,0.006125773070380092,CompoNet,3476564,174596,10
1187,0.00613036286085844,CompoNet,3476564,174596,10
1188,0.006127422908321023,CompoNet,3476564,174596,10
1189,0.006117632845416665,CompoNet,3476564,174596,10
1190,0.0061196028254926205,CompoNet,3476564,174596,10
1191,0.006089013069868088,CompoNet,3476564,174596,10
1192,0.006087393965572119,CompoNet,3476564,174596,10
1193,0.006105354055762291,CompoNet,3476564,174596,10
1194,0.006087173009291291,CompoNet,3476564,174596,10
1195,0.006106932880356908,CompoNet,3476564,174596,10
1196,0.006105242995545268,CompoNet,3476564,174596,10
1197,0.006107333116233349,CompoNet,3476564,174596,10
1198,0.006168723106384277,CompoNet,3476564,174596,10
1199,0.006092043127864599,CompoNet,3476564,174596,10
1200,0.006089892936870456,CompoNet,3476564,174596,10
1201,0.006107213208451867,CompoNet,3476564,174596,10
1202,0.006106232991442084,CompoNet,3476564,174596,10
1203,0.006096683908253908,CompoNet,3476564,174596,10
1204,0.006109803216531873,CompoNet,3476564,174596,10
1205,0.00610060291364789,CompoNet,3476564,174596,10
1206,0.00611159298568964,CompoNet,3476564,174596,10
1207,0.006120873149484396,CompoNet,3476564,174596,10
1208,0.00616209302097559,CompoNet,3476564,174596,10
1209,0.0061020629946142435,CompoNet,3476564,174596,10
1210,0.006104442989453673,CompoNet,3476564,174596,10
1211,0.0061165031511336565,CompoNet,3476564,174596,10
1212,0.006107992958277464,CompoNet,3476564,174596,10
1213,0.006099823163822293,CompoNet,3476564,174596,10
1214,0.00609467294998467,CompoNet,3476564,174596,10
1215,0.006163052981719375,CompoNet,3476564,174596,10
1216,0.00611736299470067,CompoNet,3476564,174596,10
1217,0.006115742959082127,CompoNet,3476564,174596,10
1218,0.006114413030445576,CompoNet,3476564,174596,10
1219,0.006101342849433422,CompoNet,3476564,174596,10
1220,0.006107283057644963,CompoNet,3476564,174596,10
1221,0.006100944010540843,CompoNet,3476564,174596,10
1222,0.00610740389674902,CompoNet,3476564,174596,10
1223,0.006099393125623465,CompoNet,3476564,174596,10
1224,0.006112633040174842,CompoNet,3476564,174596,10
1225,0.00611013313755393,CompoNet,3476564,174596,10
1226,0.006091763032600284,CompoNet,3476564,174596,10
1227,0.006106723099946976,CompoNet,3476564,174596,10
1228,0.006114382995292544,CompoNet,3476564,174596,10
1229,0.0060983330477029085,CompoNet,3476564,174596,10
1230,0.006170022999867797,CompoNet,3476564,174596,10
1231,0.00617986312136054,CompoNet,3476564,174596,10
1232,0.006130903027951717,CompoNet,3476564,174596,10
1233,0.006131763104349375,CompoNet,3476564,174596,10
1234,0.006136483047157526,CompoNet,3476564,174596,10
1235,0.0061293430626392365,CompoNet,3476564,174596,10
1236,0.0061355531215667725,CompoNet,3476564,174596,10
1237,0.006133513059467077,CompoNet,3476564,174596,10
1238,0.006145453080534935,CompoNet,3476564,174596,10
1239,0.006138473050668836,CompoNet,3476564,174596,10
1240,0.006131823873147368,CompoNet,3476564,174596,10
1241,0.006167451851069927,CompoNet,3476564,174596,10
1242,0.0061700730584561825,CompoNet,3476564,174596,10
1243,0.006138182943686843,CompoNet,3476564,174596,10
1244,0.0061395731754601,CompoNet,3476564,174596,10
1245,0.006131472997367382,CompoNet,3476564,174596,10
1246,0.006126513006165624,CompoNet,3476564,174596,10
1247,0.00620323303155601,CompoNet,3476564,174596,10
1248,0.0061260429210960865,CompoNet,3476564,174596,10
1249,0.006132373120635748,CompoNet,3476564,174596,10
1250,0.006194072077050805,CompoNet,3476564,174596,10
1251,0.006130472989752889,CompoNet,3476564,174596,10
1252,0.006142542930319905,CompoNet,3476564,174596,10
1253,0.006126062944531441,CompoNet,3476564,174596,10
1254,0.006135123083367944,CompoNet,3476564,174596,10
1255,0.00620039296336472,CompoNet,3476564,174596,10
1256,0.006128503009676933,CompoNet,3476564,174596,10
1257,0.0061271830927580595,CompoNet,3476564,174596,10
1258,0.0061303130351006985,CompoNet,3476564,174596,10
1259,0.006147863110527396,CompoNet,3476564,174596,10
1260,0.006134093040600419,CompoNet,3476564,174596,10
1261,0.0061304629780352116,CompoNet,3476564,174596,10
1262,0.0061259830836206675,CompoNet,3476564,174596,10
1263,0.006164743099361658,CompoNet,3476564,174596,10
1264,0.006161342142149806,CompoNet,3476564,174596,10
1265,0.006128313951194286,CompoNet,3476564,174596,10
1266,0.0061254838947206736,CompoNet,3476564,174596,10
1267,0.006133523071184754,CompoNet,3476564,174596,10
1268,0.006135062780231237,CompoNet,3476564,174596,10
1269,0.006132242968305945,CompoNet,3476564,174596,10
1270,0.006128143053501844,CompoNet,3476564,174596,10
1271,0.006119882920756936,CompoNet,3476564,174596,10
1272,0.006130493013188243,CompoNet,3476564,174596,10
1273,0.006128413137048483,CompoNet,3476564,174596,10
1274,0.006140283076092601,CompoNet,3476564,174596,10
1275,0.006157042924314737,CompoNet,3476564,174596,10
1276,0.006157523021101952,CompoNet,3476564,174596,10
1277,0.006122062914073467,CompoNet,3476564,174596,10
1278,0.006130392896011472,CompoNet,3476564,174596,10
1279,0.006134513067081571,CompoNet,3476564,174596,10
1280,0.006202552933245897,CompoNet,3476564,174596,10
1281,0.006126142805442214,CompoNet,3476564,174596,10
1282,0.006119432859122753,CompoNet,3476564,174596,10
1283,0.006118373014032841,CompoNet,3476564,174596,10
1284,0.00611381302587688,CompoNet,3476564,174596,10
1285,0.006127713015303016,CompoNet,3476564,174596,10
1286,0.006122102960944176,CompoNet,3476564,174596,10
1287,0.006121122976765037,CompoNet,3476564,174596,10
1288,0.006122093182057142,CompoNet,3476564,174596,10
1289,0.006133242975920439,CompoNet,3476564,174596,10
1290,0.006124603096395731,CompoNet,3476564,174596,10
1291,0.006111373193562031,CompoNet,3476564,174596,10
1292,0.0061135629657655954,CompoNet,3476564,174596,10
1293,0.006191543070599437,CompoNet,3476564,174596,10
1294,0.006129743065685034,CompoNet,3476564,174596,10
1295,0.006122502963989973,CompoNet,3476564,174596,10
1296,0.006192622007802129,CompoNet,3476564,174596,10
1297,0.0061220829375088215,CompoNet,3476564,174596,10
1298,0.006123053142800927,CompoNet,3476564,174596,10
1299,0.006118494085967541,CompoNet,3476564,174596,10
1300,0.006127203116193414,CompoNet,3476564,174596,10
1301,0.006122602848336101,CompoNet,3476564,174596,10
1302,0.006123764207586646,CompoNet,3476564,174596,10
1303,0.006113524083048105,CompoNet,3476564,174596,10
1304,0.006112433969974518,CompoNet,3476564,174596,10
1305,0.006126052932813764,CompoNet,3476564,174596,10
1306,0.006129503017291427,CompoNet,3476564,174596,10
1307,0.006127224070951343,CompoNet,3476564,174596,10
1308,0.006123583065345883,CompoNet,3476564,174596,10
1309,0.006174772046506405,CompoNet,3476564,174596,10
1310,0.006114233052358031,CompoNet,3476564,174596,10
1311,0.006115003954619169,CompoNet,3476564,174596,10
1312,0.0061849618796259165,CompoNet,3476564,174596,10
1313,0.006126902997493744,CompoNet,3476564,174596,10
1314,0.006117922952398658,CompoNet,3476564,174596,10
1315,0.0061175229493528605,CompoNet,3476564,174596,10
1316,0.006130032939836383,CompoNet,3476564,174596,10
1317,0.006153313210234046,CompoNet,3476564,174596,10
1318,0.006116673117503524,CompoNet,3476564,174596,10
1319,0.006122943013906479,CompoNet,3476564,174596,10
1320,0.006125792860984802,CompoNet,3476564,174596,10
1321,0.006121762795373797,CompoNet,3476564,174596,10
1322,0.0061258431524038315,CompoNet,3476564,174596,10
1323,0.006132223177701235,CompoNet,3476564,174596,10
1324,0.006113503128290176,CompoNet,3476564,174596,10
1325,0.006118783028796315,CompoNet,3476564,174596,10
1326,0.006124623119831085,CompoNet,3476564,174596,10
1327,0.006119563011452556,CompoNet,3476564,174596,10
1328,0.006127543048933148,CompoNet,3476564,174596,10
1329,0.006192052969709039,CompoNet,3476564,174596,10
1330,0.006127053173258901,CompoNet,3476564,174596,10
1331,0.006218373076990247,CompoNet,3476564,174596,10
1332,0.006122733000665903,CompoNet,3476564,174596,10
1333,0.006113913143053651,CompoNet,3476564,174596,10
1334,0.00613034307025373,CompoNet,3476564,174596,10
1335,0.006117882905527949,CompoNet,3476564,174596,10
1336,0.006111233029514551,CompoNet,3476564,174596,10
1337,0.006118702935054898,CompoNet,3476564,174596,10
1338,0.006105943117290735,CompoNet,3476564,174596,10
1339,0.00611198297701776,CompoNet,3476564,174596,10
1340,0.006109803216531873,CompoNet,3476564,174596,10
1341,0.00609815283678472,CompoNet,3476564,174596,10
1342,0.006130323046818376,CompoNet,3476564,174596,10
1343,0.006193123059347272,CompoNet,3476564,174596,10
1344,0.0061178128235042095,CompoNet,3476564,174596,10
1345,0.006215992849320173,CompoNet,3476564,174596,10
1346,0.006151823094114661,CompoNet,3476564,174596,10
1347,0.006117903860285878,CompoNet,3476564,174596,10
1348,0.006115933880209923,CompoNet,3476564,174596,10
1349,0.006117003038525581,CompoNet,3476564,174596,10
1350,0.006165963131934404,CompoNet,3476564,174596,10
1351,0.00613251281902194,CompoNet,3476564,174596,10
1352,0.006176242837682366,CompoNet,3476564,174596,10
1353,0.006127482978627086,CompoNet,3476564,174596,10
1354,0.006123022874817252,CompoNet,3476564,174596,10
1355,0.0061107531655579805,CompoNet,3476564,174596,10
1356,0.0061721529345959425,CompoNet,3476564,174596,10
1357,0.006143292877823114,CompoNet,3476564,174596,10
1358,0.006117352982982993,CompoNet,3476564,174596,10
1359,0.006119833094999194,CompoNet,3476564,174596,10
1360,0.006119942991062999,CompoNet,3476564,174596,10
1361,0.0061604531947523355,CompoNet,3476564,174596,10
1362,0.006105832988396287,CompoNet,3476564,174596,10
1363,0.006109423004090786,CompoNet,3476564,174596,10
1364,0.006117413053289056,CompoNet,3476564,174596,10
1365,0.006117413053289056,CompoNet,3476564,174596,10
1366,0.006117862882092595,CompoNet,3476564,174596,10
1367,0.0061188628897070885,CompoNet,3476564,174596,10
1368,0.006119203055277467,CompoNet,3476564,174596,10
1369,0.006129432935267687,CompoNet,3476564,174596,10
1370,0.006113172974437475,CompoNet,3476564,174596,10
1371,0.006125702988356352,CompoNet,3476564,174596,10
1372,0.00612503313459456,CompoNet,3476564,174596,10
1373,0.006111382972449064,CompoNet,3476564,174596,10
1374,0.006112224189564586,CompoNet,3476564,174596,10
1375,0.006114122923463583,CompoNet,3476564,174596,10
1376,0.006113333161920309,CompoNet,3476564,174596,10
1377,0.0062312118243426085,CompoNet,3476564,174596,10
1378,0.006158892996609211,CompoNet,3476564,174596,10
1379,0.006115523166954517,CompoNet,3476564,174596,10
1380,0.006121322978287935,CompoNet,3476564,174596,10
1381,0.006766869919374585,CompoNet,3476564,174596,10
1382,0.0061542431358247995,CompoNet,3476564,174596,10
1383,0.006127173081040382,CompoNet,3476564,174596,10
1384,0.006135513074696064,CompoNet,3476564,174596,10
1385,0.006130293011665344,CompoNet,3476564,174596,10
1386,0.006110392976552248,CompoNet,3476564,174596,10
1387,0.006093923002481461,CompoNet,3476564,174596,10
1388,0.00608975300565362,CompoNet,3476564,174596,10
1389,0.0061057438142597675,CompoNet,3476564,174596,10
1390,0.006113164126873016,CompoNet,3476564,174596,10
1391,0.006117053097113967,CompoNet,3476564,174596,10
1392,0.006098412908613682,CompoNet,3476564,174596,10
1393,0.006113082868978381,CompoNet,3476564,174596,10
1394,0.006132382899522781,CompoNet,3476564,174596,10
1395,0.006116033066064119,CompoNet,3476564,174596,10
1396,0.0061270431615412235,CompoNet,3476564,174596,10
1397,0.006105142878368497,CompoNet,3476564,174596,10
1398,0.006122563034296036,CompoNet,3476564,174596,10
1399,0.006115263095125556,CompoNet,3476564,174596,10
1400,0.006114702904596925,CompoNet,3476564,174596,10
1401,0.006134163122624159,CompoNet,3476564,174596,10
1402,0.006115802796557546,CompoNet,3476564,174596,10
1403,0.006126282969489694,CompoNet,3476564,174596,10
1404,0.006115352967754006,CompoNet,3476564,174596,10
1405,0.006130063207820058,CompoNet,3476564,174596,10
1406,0.006117543205618858,CompoNet,3476564,174596,10
1407,0.006117432843893766,CompoNet,3476564,174596,10
1408,0.00612228293903172,CompoNet,3476564,174596,10
1409,0.006121062906458974,CompoNet,3476564,174596,10
1410,0.006181472912430763,CompoNet,3476564,174596,10
1411,0.006195463007315993,CompoNet,3476564,174596,10
1412,0.006112522911280394,CompoNet,3476564,174596,10
1413,0.0061860219575464725,CompoNet,3476564,174596,10
1414,0.006143763195723295,CompoNet,3476564,174596,10
1415,0.006116393022239208,CompoNet,3476564,174596,10
1416,0.0061170130502432585,CompoNet,3476564,174596,10
1417,0.006120263133198023,CompoNet,3476564,174596,10
1418,0.00617617298848927,CompoNet,3476564,174596,10
1419,0.006134592927992344,CompoNet,3476564,174596,10
1420,0.006112843053415418,CompoNet,3476564,174596,10
1421,0.006128362845629454,CompoNet,3476564,174596,10
1422,0.00611882284283638,CompoNet,3476564,174596,10
1423,0.006113503128290176,CompoNet,3476564,174596,10
1424,0.0061149930115789175,CompoNet,3476564,174596,10
1425,0.0061177031602710485,CompoNet,3476564,174596,10
1426,0.006188963074237108,CompoNet,3476564,174596,10
1427,0.006130252964794636,CompoNet,3476564,174596,10
1428,0.006151033099740744,CompoNet,3476564,174596,10
1429,0.006128822918981314,CompoNet,3476564,174596,10
1430,0.006122852908447385,CompoNet,3476564,174596,10
1431,0.006122202845290303,CompoNet,3476564,174596,10
1432,0.006100592901930213,CompoNet,3476564,174596,10
1433,0.006111473077908158,CompoNet,3476564,174596,10
1434,0.006113473093137145,CompoNet,3476564,174596,10
1435,0.0061258128844201565,CompoNet,3476564,174596,10
1436,0.0061250729486346245,CompoNet,3476564,174596,10
1437,0.006118032848462462,CompoNet,3476564,174596,10
1438,0.0061273230239748955,CompoNet,3476564,174596,10
1439,0.006125782849267125,CompoNet,3476564,174596,10
1440,0.006123542785644531,CompoNet,3476564,174596,10
1441,0.006118792807683349,CompoNet,3476564,174596,10
1442,0.0061190128326416016,CompoNet,3476564,174596,10
1443,0.006173613015562296,CompoNet,3476564,174596,10
1444,0.006163252983242273,CompoNet,3476564,174596,10
1445,0.006161073222756386,CompoNet,3476564,174596,10
1446,0.006188012892380357,CompoNet,3476564,174596,10
1447,0.00611427309922874,CompoNet,3476564,174596,10
1448,0.006135293049737811,CompoNet,3476564,174596,10
1449,0.006115433061495423,CompoNet,3476564,174596,10
1450,0.006119132973253727,CompoNet,3476564,174596,10
1451,0.0061151329427957535,CompoNet,3476564,174596,10
1452,0.006121753016486764,CompoNet,3476564,174596,10
1453,0.006116793025285006,CompoNet,3476564,174596,10
1454,0.006112473085522652,CompoNet,3476564,174596,10
1455,0.006111152935773134,CompoNet,3476564,174596,10
1456,0.006118763005360961,CompoNet,3476564,174596,10
1457,0.006123983068391681,CompoNet,3476564,174596,10
1458,0.006116593023762107,CompoNet,3476564,174596,10
1459,0.006172182969748974,CompoNet,3476564,174596,10
1460,0.006124433130025864,CompoNet,3476564,174596,10
1461,0.0061201530043035746,CompoNet,3476564,174596,10
1462,0.006118542980402708,CompoNet,3476564,174596,10
1463,0.006130523048341274,CompoNet,3476564,174596,10
1464,0.006124402862042189,CompoNet,3476564,174596,10
1465,0.006127543048933148,CompoNet,3476564,174596,10
1466,0.006121463142335415,CompoNet,3476564,174596,10
1467,0.006130593130365014,CompoNet,3476564,174596,10
1468,0.006117813056334853,CompoNet,3476564,174596,10
1469,0.006116063101217151,CompoNet,3476564,174596,10
1470,0.006172863068059087,CompoNet,3476564,174596,10
1471,0.006129612913355231,CompoNet,3476564,174596,10
1472,0.006115003023296595,CompoNet,3476564,174596,10
1473,0.006112382980063558,CompoNet,3476564,174596,10
1474,0.006108563160523772,CompoNet,3476564,174596,10
1475,0.006188323022797704,CompoNet,3476564,174596,10
1476,0.006129992892965674,CompoNet,3476564,174596,10
1477,0.006140143144875765,CompoNet,3476564,174596,10
1478,0.00618887203745544,CompoNet,3476564,174596,10
1479,0.006151702953502536,CompoNet,3476564,174596,10
1480,0.006104982923716307,CompoNet,3476564,174596,10
1481,0.006112643051892519,CompoNet,3476564,174596,10
1482,0.0061491429805755615,CompoNet,3476564,174596,10
1483,0.0061276929918676615,CompoNet,3476564,174596,10
1484,0.0061537129804492,CompoNet,3476564,174596,10
1485,0.006118282908573747,CompoNet,3476564,174596,10
1486,0.006119983037933707,CompoNet,3476564,174596,10
1487,0.006120632868260145,CompoNet,3476564,174596,10
1488,0.006110012996941805,CompoNet,3476564,174596,10
1489,0.0061176728922873735,CompoNet,3476564,174596,10
1490,0.006109512876719236,CompoNet,3476564,174596,10
1491,0.006123803090304136,CompoNet,3476564,174596,10
1492,0.006154673174023628,CompoNet,3476564,174596,10
1493,0.006119623081758618,CompoNet,3476564,174596,10
1494,0.00610891287215054,CompoNet,3476564,174596,10
1495,0.006106524029746652,CompoNet,3476564,174596,10
1496,0.0061104740016162395,CompoNet,3476564,174596,10
1497,0.0061159031465649605,CompoNet,3476564,174596,10
1498,0.0062145020347088575,CompoNet,3476564,174596,10
1499,0.006109922891482711,CompoNet,3476564,174596,10
1500,0.006097373086959124,CompoNet,3476564,174596,10
1501,0.006090614013373852,CompoNet,3476564,174596,10
1502,0.006100113037973642,CompoNet,3476564,174596,10
1503,0.006100072991102934,CompoNet,3476564,174596,10
1504,0.006105782929807901,CompoNet,3476564,174596,10
1505,0.006098072975873947,CompoNet,3476564,174596,10
1506,0.006087502930313349,CompoNet,3476564,174596,10
1507,0.006082282867282629,CompoNet,3476564,174596,10
1508,0.006133983144536614,CompoNet,3476564,174596,10
1509,0.006091373972594738,CompoNet,3476564,174596,10
1510,0.006139243021607399,CompoNet,3476564,174596,10
1511,0.00608975300565362,CompoNet,3476564,174596,10
1512,0.0061411731876432896,CompoNet,3476564,174596,10
1513,0.0060929430183023214,CompoNet,3476564,174596,10
1514,0.006104762898758054,CompoNet,3476564,174596,10
1515,0.00609229295514524,CompoNet,3476564,174596,10
1516,0.0060998930130153894,CompoNet,3476564,174596,10
1517,0.0060892230831086636,CompoNet,3476564,174596,10
1518,0.006109162932261825,CompoNet,3476564,174596,10
1519,0.006088134134188294,CompoNet,3476564,174596,10
1520,0.00608815299347043,CompoNet,3476564,174596,10
1521,0.0060971928760409355,CompoNet,3476564,174596,10
1522,0.006089763017371297,CompoNet,3476564,174596,10
1523,0.006086273118853569,CompoNet,3476564,174596,10
1524,0.0061815830413252115,CompoNet,3476564,174596,10
1525,0.006102423183619976,CompoNet,3476564,174596,10
1526,0.00610083295032382,CompoNet,3476564,174596,10
1527,0.006096872966736555,CompoNet,3476564,174596,10
1528,0.0060969439800828695,CompoNet,3476564,174596,10
1529,0.006099654128775001,CompoNet,3476564,174596,10
1530,0.006088443100452423,CompoNet,3476564,174596,10
1531,0.006088173016905785,CompoNet,3476564,174596,10
1532,0.0061585630755871534,CompoNet,3476564,174596,10
1533,0.006103582913056016,CompoNet,3476564,174596,10
1534,0.006105672800913453,CompoNet,3476564,174596,10
1535,0.006106292828917503,CompoNet,3476564,174596,10
1536,0.006103742867708206,CompoNet,3476564,174596,10
1537,0.006088512949645519,CompoNet,3476564,174596,10
1538,0.006103192921727896,CompoNet,3476564,174596,10
1539,0.006091604009270668,CompoNet,3476564,174596,10
1540,0.0061025728937238455,CompoNet,3476564,174596,10
1541,0.006157852942124009,CompoNet,3476564,174596,10
1542,0.006089803064242005,CompoNet,3476564,174596,10
1543,0.006106232991442084,CompoNet,3476564,174596,10
1544,0.006107542896643281,CompoNet,3476564,174596,10
1545,0.0060836628545075655,CompoNet,3476564,174596,10
1546,0.006130163092166185,CompoNet,3476564,174596,10
1547,0.006088593043386936,CompoNet,3476564,174596,10
1548,0.00609529297798872,CompoNet,3476564,174596,10
1549,0.006097274133935571,CompoNet,3476564,174596,10
1550,0.006097842939198017,CompoNet,3476564,174596,10
1551,0.006096333032473922,CompoNet,3476564,174596,10
1552,0.006102873012423515,CompoNet,3476564,174596,10
1553,0.006094122771173716,CompoNet,3476564,174596,10
1554,0.0060879928059875965,CompoNet,3476564,174596,10
1555,0.006101542850956321,CompoNet,3476564,174596,10
1556,0.006101262988522649,CompoNet,3476564,174596,10
1557,0.006163923069834709,CompoNet,3476564,174596,10
1558,0.00609706318937242,CompoNet,3476564,174596,10
1559,0.006101443897932768,CompoNet,3476564,174596,10
1560,0.0061068241484463215,CompoNet,3476564,174596,10
1561,0.006116502918303013,CompoNet,3476564,174596,10
1562,0.006104473024606705,CompoNet,3476564,174596,10
1563,0.006106402957811952,CompoNet,3476564,174596,10
1564,0.006100822938606143,CompoNet,3476564,174596,10
1565,0.006115682888776064,CompoNet,3476564,174596,10
1566,0.006106182932853699,CompoNet,3476564,174596,10
1567,0.006110702874138951,CompoNet,3476564,174596,10
1568,0.006115752970799804,CompoNet,3476564,174596,10
1569,0.006106483051553369,CompoNet,3476564,174596,10
1570,0.006107722874730825,CompoNet,3476564,174596,10
1571,0.006175922928377986,CompoNet,3476564,174596,10
1572,0.006183492951095104,CompoNet,3476564,174596,10
1573,0.006212072912603617,CompoNet,3476564,174596,10
1574,0.006112973904237151,CompoNet,3476564,174596,10
1575,0.00620187190361321,CompoNet,3476564,174596,10
1576,0.006279173074290156,CompoNet,3476564,174596,10
1577,0.006106293061748147,CompoNet,3476564,174596,10
1578,0.0061001230496913195,CompoNet,3476564,174596,10
1579,0.0061040830332785845,CompoNet,3476564,174596,10
1580,0.006160693010315299,CompoNet,3476564,174596,10
1581,0.006182251963764429,CompoNet,3476564,174596,10
1582,0.006129242945462465,CompoNet,3476564,174596,10
1583,0.006122674094513059,CompoNet,3476564,174596,10
1584,0.006126264110207558,CompoNet,3476564,174596,10
1585,0.006135592935606837,CompoNet,3476564,174596,10
1586,0.0061233327724039555,CompoNet,3476564,174596,10
1587,0.006118363002315164,CompoNet,3476564,174596,10
1588,0.0061216228641569614,CompoNet,3476564,174596,10
1589,0.006169892847537994,CompoNet,3476564,174596,10
1590,0.006157672964036465,CompoNet,3476564,174596,10
1591,0.006127812899649143,CompoNet,3476564,174596,10
1592,0.006188292987644672,CompoNet,3476564,174596,10
1593,0.006117673125118017,CompoNet,3476564,174596,10
1594,0.006125603104010224,CompoNet,3476564,174596,10
1595,0.006116203032433987,CompoNet,3476564,174596,10
1596,0.006121602840721607,CompoNet,3476564,174596,10
1597,0.006137212971225381,CompoNet,3476564,174596,10
1598,0.006134063005447388,CompoNet,3476564,174596,10
1599,0.006133242975920439,CompoNet,3476564,174596,10
1600,0.0061267828568816185,CompoNet,3476564,174596,10
1601,0.006118833087384701,CompoNet,3476564,174596,10
1602,0.006114342948421836,CompoNet,3476564,174596,10
1603,0.006129913032054901,CompoNet,3476564,174596,10
1604,0.006128332810476422,CompoNet,3476564,174596,10
1605,0.0061182130593806505,CompoNet,3476564,174596,10
1606,0.0061627530958503485,CompoNet,3476564,174596,10
1607,0.006123492959886789,CompoNet,3476564,174596,10
1608,0.006121102953329682,CompoNet,3476564,174596,10
1609,0.0061182931531220675,CompoNet,3476564,174596,10
1610,0.006127942819148302,CompoNet,3476564,174596,10
1611,0.006113483104854822,CompoNet,3476564,174596,10
1612,0.0061179029289633036,CompoNet,3476564,174596,10
1613,0.006121423095464706,CompoNet,3476564,174596,10
1614,0.006203033030033112,CompoNet,3476564,174596,10
1615,0.006125242915004492,CompoNet,3476564,174596,10
1616,0.006127794040367007,CompoNet,3476564,174596,10
1617,0.006124353967607021,CompoNet,3476564,174596,10
1618,0.006103454157710075,CompoNet,3476564,174596,10
1619,0.006119243102148175,CompoNet,3476564,174596,10
1620,0.006107242777943611,CompoNet,3476564,174596,10
1621,0.006106043001636863,CompoNet,3476564,174596,10
1622,0.0061790831387043,CompoNet,3476564,174596,10
1623,0.006192462053149939,CompoNet,3476564,174596,10
1624,0.006116882897913456,CompoNet,3476564,174596,10
1625,0.006130842957645655,CompoNet,3476564,174596,10
1626,0.006113613024353981,CompoNet,3476564,174596,10
1627,0.006117262877523899,CompoNet,3476564,174596,10
1628,0.006119942991062999,CompoNet,3476564,174596,10
1629,0.006107294000685215,CompoNet,3476564,174596,10
1630,0.006112243980169296,CompoNet,3476564,174596,10
0,0.04306256559211761,ProgressiveNet,87567620,3356420,50
1,0.0428840524982661,ProgressiveNet,87567620,3356420,50
2,0.04290990720037371,ProgressiveNet,87567620,3356420,50
3,0.042875904496759175,ProgressiveNet,87567620,3356420,50
4,0.04283216071780771,ProgressiveNet,87567620,3356420,50
5,0.042865639482624826,ProgressiveNet,87567620,3356420,50
6,0.04283184960950166,ProgressiveNet,87567620,3356420,50
7,0.04280574580188841,ProgressiveNet,87567620,3356420,50
8,0.043484376813285056,ProgressiveNet,87567620,3356420,50
9,0.042806452792137864,ProgressiveNet,87567620,3356420,50
10,0.0428385485894978,ProgressiveNet,87567620,3356420,50
11,0.042773651890456676,ProgressiveNet,87567620,3356420,50
12,0.04282547270413488,ProgressiveNet,87567620,3356420,50
13,0.042790158791467546,ProgressiveNet,87567620,3356420,50
14,0.042799764801748096,ProgressiveNet,87567620,3356420,50
15,0.04298006498720497,ProgressiveNet,87567620,3356420,50
16,0.04273029009345919,ProgressiveNet,87567620,3356420,50
17,0.04269849131815136,ProgressiveNet,87567620,3356420,50
18,0.0427233501104638,ProgressiveNet,87567620,3356420,50
19,0.04270143520552665,ProgressiveNet,87567620,3356420,50
20,0.042742103105410933,ProgressiveNet,87567620,3356420,50
21,0.04275926800910383,ProgressiveNet,87567620,3356420,50
22,0.04272169121541083,ProgressiveNet,87567620,3356420,50
23,0.04281623368151486,ProgressiveNet,87567620,3356420,50
0,0.029552406095899642,CompoNet,17444244,174596,50
1,0.02953907011542469,CompoNet,17444244,174596,50
2,0.029550391994416714,CompoNet,17444244,174596,50
3,0.029569330997765063,CompoNet,17444244,174596,50
4,0.02956969300284982,CompoNet,17444244,174596,50
5,0.029515550215728582,CompoNet,17444244,174596,50
6,0.029540574084967373,CompoNet,17444244,174596,50
7,0.029529509204439818,CompoNet,17444244,174596,50
8,0.02953327721916139,CompoNet,17444244,174596,50
9,0.02957916590385139,CompoNet,17444244,174596,50
10,0.029555244091898202,CompoNet,17444244,174596,50
11,0.029599530785344542,CompoNet,17444244,174596,50
12,0.029555083997547627,CompoNet,17444244,174596,50
13,0.029605760821141303,CompoNet,17444244,174596,50
14,0.02956941002048552,CompoNet,17444244,174596,50
15,0.029575230996124448,CompoNet,17444244,174596,50
16,0.029566123988479374,CompoNet,17444244,174596,50
17,0.02957212198525667,CompoNet,17444244,174596,50
18,0.029593815887346865,CompoNet,17444244,174596,50
19,0.029574988898821174,CompoNet,17444244,174596,50
20,0.02956071028020233,CompoNet,17444244,174596,50
21,0.029568696906790138,CompoNet,17444244,174596,50
22,0.029551838990300894,CompoNet,17444244,174596,50
23,0.029560471908189355,CompoNet,17444244,174596,50
24,0.02998393289744854,CompoNet,17444244,174596,50
25,0.031382271903567016,CompoNet,17444244,174596,50
26,0.03133815920446068,CompoNet,17444244,174596,50
27,0.03047049839515239,CompoNet,17444244,174596,50
28,0.029584867786616086,CompoNet,17444244,174596,50
29,0.029606044618412854,CompoNet,17444244,174596,50
30,0.029593529715202748,CompoNet,17444244,174596,50
31,0.02957693380303681,CompoNet,17444244,174596,50
32,0.029574985918588936,CompoNet,17444244,174596,50
33,0.02958875570911914,CompoNet,17444244,174596,50
0,0.15956019517034292,ProgressiveNet,338895620,6633220,100
1,0.15858235280029476,ProgressiveNet,338895620,6633220,100
2,0.1587882109452039,ProgressiveNet,338895620,6633220,100
3,0.1590862988959998,ProgressiveNet,338895620,6633220,100
4,0.1591319281142205,ProgressiveNet,338895620,6633220,100
5,0.15981208416633308,ProgressiveNet,338895620,6633220,100
6,0.15920794801786542,ProgressiveNet,338895620,6633220,100
7,0.15896199899725616,ProgressiveNet,338895620,6633220,100
8,0.1586007629521191,ProgressiveNet,338895620,6633220,100
9,0.15878543094731867,ProgressiveNet,338895620,6633220,100
10,0.15883560106158257,ProgressiveNet,338895620,6633220,100
11,0.15840995288453996,ProgressiveNet,338895620,6633220,100
12,0.15888045099563897,ProgressiveNet,338895620,6633220,100
13,0.1586075029335916,ProgressiveNet,338895620,6633220,100
14,0.15882975002750754,ProgressiveNet,338895620,6633220,100
15,0.15898631000891328,ProgressiveNet,338895620,6633220,100
16,0.15894179907627404,ProgressiveNet,338895620,6633220,100
17,0.15911774896085262,ProgressiveNet,338895620,6633220,100
18,0.15908226906321943,ProgressiveNet,338895620,6633220,100
19,0.1592653279658407,ProgressiveNet,338895620,6633220,100
20,0.16392519394867122,ProgressiveNet,338895620,6633220,100
21,0.159488535951823,ProgressiveNet,338895620,6633220,100
22,0.15899873920716345,ProgressiveNet,338895620,6633220,100
23,0.15898008993826807,ProgressiveNet,338895620,6633220,100
24,0.15900820004753768,ProgressiveNet,338895620,6633220,100
25,0.1585047929547727,ProgressiveNet,338895620,6633220,100
26,0.15898588905110955,ProgressiveNet,338895620,6633220,100
27,0.15872684097848833,ProgressiveNet,338895620,6633220,100
28,0.15877859108150005,ProgressiveNet,338895620,6633220,100
29,0.15866566193290055,ProgressiveNet,338895620,6633220,100
30,0.15947298589162529,ProgressiveNet,338895620,6633220,100
31,0.15915945800952613,ProgressiveNet,338895620,6633220,100
32,0.15902463882230222,ProgressiveNet,338895620,6633220,100
33,0.1591102189850062,ProgressiveNet,338895620,6633220,100
34,0.15920903789810836,ProgressiveNet,338895620,6633220,100
35,0.15903666010126472,ProgressiveNet,338895620,6633220,100
36,0.15874916105531156,ProgressiveNet,338895620,6633220,100
37,0.159050578949973,ProgressiveNet,338895620,6633220,100
38,0.15909382794052362,ProgressiveNet,338895620,6633220,100
39,0.15905956900678575,ProgressiveNet,338895620,6633220,100
40,0.15883575100451708,ProgressiveNet,338895620,6633220,100
41,0.1592756670434028,ProgressiveNet,338895620,6633220,100
42,0.15936435712501407,ProgressiveNet,338895620,6633220,100
43,0.15909617813304067,ProgressiveNet,338895620,6633220,100
44,0.15895673003979027,ProgressiveNet,338895620,6633220,100
45,0.15889230999164283,ProgressiveNet,338895620,6633220,100
46,0.15883461106568575,ProgressiveNet,338895620,6633220,100
47,0.15870097116567194,ProgressiveNet,338895620,6633220,100
48,0.15906040905974805,ProgressiveNet,338895620,6633220,100
49,0.1590228988789022,ProgressiveNet,338895620,6633220,100
50,0.1590725590940565,ProgressiveNet,338895620,6633220,100
51,0.15896606887690723,ProgressiveNet,338895620,6633220,100
52,0.1590800890699029,ProgressiveNet,338895620,6633220,100
53,0.15966057498008013,ProgressiveNet,338895620,6633220,100
54,0.15974244382232428,ProgressiveNet,338895620,6633220,100
55,0.15923645696602762,ProgressiveNet,338895620,6633220,100
56,0.16157159092836082,ProgressiveNet,338895620,6633220,100
57,0.158913399791345,ProgressiveNet,338895620,6633220,100
58,0.15909528895281255,ProgressiveNet,338895620,6633220,100
59,0.15899242903105915,ProgressiveNet,338895620,6633220,100
60,0.15903249895200133,ProgressiveNet,338895620,6633220,100
61,0.1590095499996096,ProgressiveNet,338895620,6633220,100
62,0.15926010813564062,ProgressiveNet,338895620,6633220,100
0,0.05938575300388038,CompoNet,34903844,174596,100
1,0.05940346589777619,CompoNet,34903844,174596,100
2,0.059360224194824694,CompoNet,34903844,174596,100
3,0.0599158861907199,CompoNet,34903844,174596,100
4,0.05942251079250127,CompoNet,34903844,174596,100
5,0.05940509878564626,CompoNet,34903844,174596,100
6,0.059408164909109475,CompoNet,34903844,174596,100
7,0.05939274290576577,CompoNet,34903844,174596,100
8,0.060723038390278816,CompoNet,34903844,174596,100
9,0.06306395460851491,CompoNet,34903844,174596,100
10,0.06296988828107715,CompoNet,34903844,174596,100
11,0.06310172341763973,CompoNet,34903844,174596,100
12,0.061807273584417996,CompoNet,34903844,174596,100
13,0.05935883540660143,CompoNet,34903844,174596,100
14,0.05935474578291178,CompoNet,34903844,174596,100
15,0.06263702299911529,CompoNet,34903844,174596,100
16,0.06317691889125854,CompoNet,34903844,174596,100
0,0.624436710961163,ProgressiveNet,1333071620,13186820,200
1,0.6240504328161478,ProgressiveNet,1333071620,13186820,200
2,0.6231676479801536,ProgressiveNet,1333071620,13186820,200
3,0.6237385449931026,ProgressiveNet,1333071620,13186820,200
4,0.6242382819764316,ProgressiveNet,1333071620,13186820,200
5,0.6233142470009625,ProgressiveNet,1333071620,13186820,200
6,0.6242200718261302,ProgressiveNet,1333071620,13186820,200
7,0.6283847889862955,ProgressiveNet,1333071620,13186820,200
8,0.6279511610046029,ProgressiveNet,1333071620,13186820,200
9,0.6249426978174597,ProgressiveNet,1333071620,13186820,200
10,0.6252710861153901,ProgressiveNet,1333071620,13186820,200
11,0.6244301109109074,ProgressiveNet,1333071620,13186820,200
12,0.6255648350343108,ProgressiveNet,1333071620,13186820,200
13,0.6239510541781783,ProgressiveNet,1333071620,13186820,200
14,0.6237282450310886,ProgressiveNet,1333071620,13186820,200
15,0.624584459932521,ProgressiveNet,1333071620,13186820,200
16,0.6283743879757822,ProgressiveNet,1333071620,13186820,200
0,0.11951422481797636,CompoNet,69823044,174596,200
1,0.11915580718778074,CompoNet,69823044,174596,200
2,0.11934614600613713,CompoNet,69823044,174596,200
3,0.11919676698744297,CompoNet,69823044,174596,200
4,0.11907301703467965,CompoNet,69823044,174596,200
5,0.11928084609098732,CompoNet,69823044,174596,200
6,0.11936868610791862,CompoNet,69823044,174596,200
7,0.11953858495689929,CompoNet,69823044,174596,200
8,0.12401263904757798,CompoNet,69823044,174596,200
9,0.11996652209199965,CompoNet,69823044,174596,200
10,0.11940796603448689,CompoNet,69823044,174596,200
11,0.11943286517634988,CompoNet,69823044,174596,200
12,0.11943622608669102,CompoNet,69823044,174596,200
13,0.11959846410900354,CompoNet,69823044,174596,200
14,0.11935250600799918,CompoNet,69823044,174596,200
15,0.11967379413545132,CompoNet,69823044,174596,200
16,0.11928763589821756,CompoNet,69823044,174596,200
17,0.11963886395096779,CompoNet,69823044,174596,200
18,0.11934246588498354,CompoNet,69823044,174596,200
19,0.11951096495613456,CompoNet,69823044,174596,200
20,0.11938741593621671,CompoNet,69823044,174596,200
21,0.11938190599903464,CompoNet,69823044,174596,200
22,0.1192935558501631,CompoNet,69823044,174596,200
23,0.1194293659646064,CompoNet,69823044,174596,200
24,0.1193895349279046,CompoNet,69823044,174596,200
25,0.11933033587411046,CompoNet,69823044,174596,200
26,0.11941555608063936,CompoNet,69823044,174596,200
27,0.11936593591235578,CompoNet,69823044,174596,200
28,0.1194687350653112,CompoNet,69823044,174596,200
29,0.11935960594564676,CompoNet,69823044,174596,200
30,0.1194076850079,CompoNet,69823044,174596,200
31,0.11931814602576196,CompoNet,69823044,174596,200
32,0.11936316592618823,CompoNet,69823044,174596,200
33,0.1193522559478879,CompoNet,69823044,174596,200
34,0.11928533599711955,CompoNet,69823044,174596,200
35,0.11918324697762728,CompoNet,69823044,174596,200
36,0.12364718108437955,CompoNet,69823044,174596,200
37,0.12633708608336747,CompoNet,69823044,174596,200
38,0.12648806488141418,CompoNet,69823044,174596,200
39,0.12634582608006895,CompoNet,69823044,174596,200
40,0.12635276606306434,CompoNet,69823044,174596,200
41,0.1269318221602589,CompoNet,69823044,174596,200
42,0.12702489201910794,CompoNet,69823044,174596,200
43,0.12669466389343143,CompoNet,69823044,174596,200
44,0.12568135978654027,CompoNet,69823044,174596,200
45,0.11941228620707989,CompoNet,69823044,174596,200
46,0.11936891614459455,CompoNet,69823044,174596,200
47,0.11898970790207386,CompoNet,69823044,174596,200
48,0.11916708713397384,CompoNet,69823044,174596,200
49,0.11917720595374703,CompoNet,69823044,174596,200
50,0.11917910701595247,CompoNet,69823044,174596,200
51,0.11932186596095562,CompoNet,69823044,174596,200
52,0.118970877956599,CompoNet,69823044,174596,200
53,0.12391005014069378,CompoNet,69823044,174596,200
54,0.12002190202474594,CompoNet,69823044,174596,200
55,0.11925616604276001,CompoNet,69823044,174596,200
56,0.11907312809489667,CompoNet,69823044,174596,200
57,0.11915718694217503,CompoNet,69823044,174596,200
58,0.11917980597354472,CompoNet,69823044,174596,200
59,0.119202536996454,CompoNet,69823044,174596,200
60,0.1190548581071198,CompoNet,69823044,174596,200
61,0.11921652616001666,CompoNet,69823044,174596,200
62,0.11904668784700334,CompoNet,69823044,174596,200
63,0.11923499614931643,CompoNet,69823044,174596,200
64,0.11904933815822005,CompoNet,69823044,174596,200
65,0.11930400598794222,CompoNet,69823044,174596,200
66,0.11911607696674764,CompoNet,69823044,174596,200
67,0.11899612797424197,CompoNet,69823044,174596,200
68,0.11899869795888662,CompoNet,69823044,174596,200
69,0.11955134500749409,CompoNet,69823044,174596,200
70,0.11903889803215861,CompoNet,69823044,174596,200
71,0.11902908817864954,CompoNet,69823044,174596,200
72,0.11897438787855208,CompoNet,69823044,174596,200
73,0.11928403610363603,CompoNet,69823044,174596,200
74,0.11910571716725826,CompoNet,69823044,174596,200
75,0.11892509902827442,CompoNet,69823044,174596,200
76,0.11902875709347427,CompoNet,69823044,174596,200
77,0.11915798694826663,CompoNet,69823044,174596,200
78,0.11905016796663404,CompoNet,69823044,174596,200
79,0.11895140795968473,CompoNet,69823044,174596,200
80,0.11900155781768262,CompoNet,69823044,174596,200
81,0.11927171587012708,CompoNet,69823044,174596,200
82,0.11911780689842999,CompoNet,69823044,174596,200
83,0.11924246698617935,CompoNet,69823044,174596,200
0,1.3870145610999316,ProgressiveNet,2982607620,19740420,300
1,1.3851568009704351,ProgressiveNet,2982607620,19740420,300
2,1.3865464539267123,ProgressiveNet,2982607620,19740420,300
3,1.3882436440326273,ProgressiveNet,2982607620,19740420,300
4,1.383978767087683,ProgressiveNet,2982607620,19740420,300
5,1.3848119729664177,ProgressiveNet,2982607620,19740420,300
6,1.3898078559432179,ProgressiveNet,2982607620,19740420,300
7,1.3845037838909775,ProgressiveNet,2982607620,19740420,300
0,0.1820112271234393,CompoNet,104742244,174596,300
1,0.18017215700820088,CompoNet,104742244,174596,300
2,0.17995514790527523,CompoNet,104742244,174596,300
3,0.17970174993388355,CompoNet,104742244,174596,300
4,0.18599474499933422,CompoNet,104742244,174596,300
5,0.18045248603448272,CompoNet,104742244,174596,300
6,0.1799657279625535,CompoNet,104742244,174596,300
7,0.17959913914091885,CompoNet,104742244,174596,300
8,0.17955339001491666,CompoNet,104742244,174596,300
9,0.17972867004573345,CompoNet,104742244,174596,300
10,0.17970577999949455,CompoNet,104742244,174596,300
11,0.18004463706165552,CompoNet,104742244,174596,300
12,0.17960128001868725,CompoNet,104742244,174596,300
13,0.17976605892181396,CompoNet,104742244,174596,300
14,0.19086680794134736,CompoNet,104742244,174596,300
15,0.19101251801475883,CompoNet,104742244,174596,300
16,0.19173878408037126,CompoNet,104742244,174596,300
17,0.1911594970151782,CompoNet,104742244,174596,300
18,0.19104580697603524,CompoNet,104742244,174596,300
19,0.19085701904259622,CompoNet,104742244,174596,300
20,0.1910659580025822,CompoNet,104742244,174596,300
21,0.191338345175609,CompoNet,104742244,174596,300
22,0.19181789411231875,CompoNet,104742244,174596,300
23,0.19131310493685305,CompoNet,104742244,174596,300
24,0.19144820608198643,CompoNet,104742244,174596,300
25,0.19138080603443086,CompoNet,104742244,174596,300
26,0.1908638379536569,CompoNet,104742244,174596,300
27,0.1914329759310931,CompoNet,104742244,174596,300
28,0.19117179606109858,CompoNet,104742244,174596,300
29,0.19145089481025934,CompoNet,104742244,174596,300
30,0.19147370499558747,CompoNet,104742244,174596,300
31,0.19144005491398275,CompoNet,104742244,174596,300
32,0.1920787519775331,CompoNet,104742244,174596,300
33,0.1870236590038985,CompoNet,104742244,174596,300
34,0.180211597122252,CompoNet,104742244,174596,300
35,0.17994146794080734,CompoNet,104742244,174596,300
36,0.17948692990466952,CompoNet,104742244,174596,300
37,0.17963450006209314,CompoNet,104742244,174596,300
38,0.17980426806025207,CompoNet,104742244,174596,300
39,0.17954065999947488,CompoNet,104742244,174596,300
40,0.1795431210193783,CompoNet,104742244,174596,300
41,0.17955280002206564,CompoNet,104742244,174596,300
42,0.17935222084634006,CompoNet,104742244,174596,300
43,0.1799191280733794,CompoNet,104742244,174596,300
44,0.17976375902071595,CompoNet,104742244,174596,300
45,0.1793877410236746,CompoNet,104742244,174596,300
46,0.1796023789793253,CompoNet,104742244,174596,300
47,0.1794826011173427,CompoNet,104742244,174596,300
48,0.17973572900518775,CompoNet,104742244,174596,300
49,0.17988668801262975,CompoNet,104742244,174596,300
50,0.17957863002084196,CompoNet,104742244,174596,300
51,0.1797501789405942,CompoNet,104742244,174596,300
52,0.1794353211298585,CompoNet,104742244,174596,300
53,0.17945398995652795,CompoNet,104742244,174596,300
54,0.17987209907732904,CompoNet,104742244,174596,300
