ablation	input	base	family	operator	expected	full_actual	ablation_actual	missed_reject
no-cq	fixtures/mutants/A--undeclared-leaf-0.sexp	A	undeclared-leaves	undeclared-leaf	reject-R1	reject-R1	reject-R1	false
no-cq	fixtures/mutants/A--undeclared-leaf-1.sexp	A	undeclared-leaves	undeclared-leaf	reject-R1	reject-R1	reject-R1	false
no-cq	fixtures/mutants/A--hidden-rule-0.sexp	A	hidden-policy-extension	hidden-rule	reject-R1	reject-R1	reject-R1	false
no-cq	fixtures/mutants/A--hidden-contrary-0.sexp	A	hidden-policy-extension	hidden-contrary	reject-R12	reject-R12	reject-R12	false
no-cq	fixtures/mutants/A--wrong-subst-domain-0.sexp	A	wrong-formulas	wrong-subst-domain	reject-R3	reject-R3	reject-R3	false
no-cq	fixtures/mutants/A--wrong-premise-0.sexp	A	wrong-formulas	wrong-premise	reject-R4	reject-R4	reject-R4	false
no-cq	fixtures/mutants/A--open-obligation-0.sexp	A	open-obligations	open-obligation	reject-R5	reject-R5	reject-R5	false
no-cq	fixtures/mutants/A--hole-obligation-0.sexp	A	open-obligations	hole-obligation	reject-IncompleteArgument	reject-IncompleteArgument	accept-defeated	true
no-cq	fixtures/mutants/A--wrong-discharge-0.sexp	A	open-obligations	wrong-discharge	reject-R6	reject-R6	reject-R6	false
no-cq	fixtures/mutants/A--trusted-assurance-0.sexp	A	certificate-tampering	trusted-assurance	reject-R7	reject-R7	reject-R7	false
no-cq	fixtures/mutants/A--bad-attack-position-0.sexp	A	bad-attack-targets	bad-attack-position	reject-R10	reject-R10	reject-R10	false
no-cq	fixtures/mutants/A--bad-attack-position-1.sexp	A	bad-attack-targets	bad-attack-position	reject-R10	reject-R10	reject-R10	false
no-cq	fixtures/mutants/A--unlicensed-attack-0.sexp	A	bad-attack-targets	unlicensed-attack	reject-R11	reject-R11	reject-R11	false
no-cq	fixtures/mutants/A--drop-covering-attack-0.sexp	A	bad-attack-targets	drop-covering-attack	reject-MissingConflict	reject-MissingConflict	reject-MissingConflict	false
no-cq	fixtures/mutants/A--group-conflict-0.sexp	A	data-integrity	group-conflict	reject-R9	reject-R9	reject-R9	false
no-cq	fixtures/mutants/A--retract-rule-0.sexp	A	localization	retract-rule	reject-R1	reject-R1	reject-R1	false
no-cq	fixtures/mutants/A--twin-support-defect-0.sexp	A	localization	twin-support-defect	reject-R4	reject-R4	reject-R4	false
no-cq	fixtures/mutants/A--cross-stage-defect-0.sexp	A	localization	cross-stage-defect	reject-R4	reject-R4	reject-R4	false
no-cq	fixtures/mutants/A--undeclared-pred-0.sexp	A	signature	undeclared-pred	reject-R2	reject-R2	reject-R2	false
no-cq	fixtures/mutants/A--wrong-pred-arity-0.sexp	A	signature	wrong-pred-arity	reject-R2	reject-R2	reject-R2	false
no-cq	fixtures/mutants/A--wrong-arg-sort-0.sexp	A	signature	wrong-arg-sort	reject-R2	reject-R2	reject-R2	false
no-cq	fixtures/mutants/A--wrong-arg-sort-1.sexp	A	signature	wrong-arg-sort	reject-R2	reject-R2	reject-R2	false
no-cq	fixtures/mutants/A--undeclared-con-0.sexp	A	signature	undeclared-con	reject-R2	reject-R2	reject-R2	false
no-cq	fixtures/mutants/A--wrong-theta-sort-0.sexp	A	signature	wrong-theta-sort	reject-R2	reject-R2	reject-R2	false
no-cq	fixtures/mutants/A--out-of-scope-var-0.sexp	A	hidden-policy-extension	out-of-scope-var	reject-R12	reject-R12	reject-R12	false
no-cq	fixtures/mutants/A--sigma-duplicate-sort-0.sexp	A	signature	sigma-duplicate-sort	reject-R2	reject-R2	reject-R2	false
no-cq	fixtures/mutants/A--sigma-shadow-base-0.sexp	A	signature	sigma-shadow-base	reject-R2	reject-R2	reject-R2	false
no-cq	fixtures/mutants/A--sigma-duplicate-con-0.sexp	A	signature	sigma-duplicate-con	reject-R2	reject-R2	reject-R2	false
no-cq	fixtures/mutants/A--sigma-duplicate-pred-0.sexp	A	signature	sigma-duplicate-pred	reject-R2	reject-R2	reject-R2	false
no-cq	fixtures/mutants/A--sigma-con-undeclared-sort-0.sexp	A	signature	sigma-con-undeclared-sort	reject-R2	reject-R2	reject-R2	false
no-cq	fixtures/mutants/A--sigma-pred-undeclared-sort-0.sexp	A	signature	sigma-pred-undeclared-sort	reject-R2	reject-R2	reject-R2	false
no-cq	fixtures/mutants/A--duplicate-backend-0.sexp	A	certificate-tampering	duplicate-backend	reject-R13	reject-R13	reject-R13	false
no-cq	fixtures/mutants/A--unknown-backend-0.sexp	A	certificate-tampering	unknown-backend	reject-R13	reject-R13	reject-R13	false
no-cq	fixtures/mutants/malformed/A--codec-sigma-junk-0.sexp	A	codec-corruption	codec-sigma-junk	codec-reject	codec-fail	codec-fail	false
no-cq	fixtures/mutants/malformed/A--codec-sigma-order-0.sexp	A	codec-corruption	codec-sigma-order	codec-reject	codec-fail	codec-fail	false
no-cq	fixtures/mutants/malformed/A--codec-junk-section-0.sexp	A	codec-corruption	codec-junk-section	codec-reject	codec-fail	codec-fail	false
no-cq	fixtures/mutants/malformed/A--codec-core-version-0.sexp	A	codec-corruption	codec-core-version	codec-reject	codec-fail	codec-fail	false
no-cq	fixtures/mutants/malformed/A--codec-replay-order-0.sexp	A	codec-corruption	codec-replay-order	codec-reject	codec-fail	codec-fail	false
no-cq	fixtures/mutants/malformed/A--codec-theory-mismatch-0.sexp	A	codec-corruption	codec-theory-mismatch	codec-reject	codec-fail	codec-fail	false
no-cq	fixtures/mutants/malformed/A--codec-dangling-attack-0.sexp	A	codec-corruption	codec-dangling-attack	codec-reject	codec-fail	codec-fail	false
no-cq	fixtures/mutants/malformed/A--codec-truncate-0.sexp	A	codec-corruption	codec-truncate	codec-reject	codec-fail	codec-fail	false
no-cq	fixtures/mutants/B--undeclared-leaf-0.sexp	B	undeclared-leaves	undeclared-leaf	reject-R1	reject-R1	reject-R1	false
no-cq	fixtures/mutants/B--undeclared-leaf-1.sexp	B	undeclared-leaves	undeclared-leaf	reject-R1	reject-R1	reject-R1	false
no-cq	fixtures/mutants/B--hidden-rule-0.sexp	B	hidden-policy-extension	hidden-rule	reject-R1	reject-R1	reject-R1	false
no-cq	fixtures/mutants/B--hidden-contrary-0.sexp	B	hidden-policy-extension	hidden-contrary	reject-R12	reject-R12	reject-R12	false
no-cq	fixtures/mutants/B--wrong-subst-domain-0.sexp	B	wrong-formulas	wrong-subst-domain	reject-R3	reject-R3	reject-R3	false
no-cq	fixtures/mutants/B--wrong-premise-0.sexp	B	wrong-formulas	wrong-premise	reject-R4	reject-R4	reject-R4	false
no-cq	fixtures/mutants/B--open-obligation-0.sexp	B	open-obligations	open-obligation	reject-R5	reject-R5	reject-R5	false
no-cq	fixtures/mutants/B--hole-obligation-0.sexp	B	open-obligations	hole-obligation	reject-IncompleteArgument	reject-IncompleteArgument	accept-all-contested	true
no-cq	fixtures/mutants/B--wrong-discharge-0.sexp	B	open-obligations	wrong-discharge	reject-R6	reject-R6	reject-R6	false
no-cq	fixtures/mutants/B--trusted-assurance-0.sexp	B	certificate-tampering	trusted-assurance	reject-R7	reject-R7	reject-R7	false
no-cq	fixtures/mutants/B--unlicensed-attack-0.sexp	B	bad-attack-targets	unlicensed-attack	reject-R11	reject-R11	reject-R11	false
no-cq	fixtures/mutants/B--drop-covering-attack-0.sexp	B	bad-attack-targets	drop-covering-attack	reject-MissingConflict	reject-MissingConflict	reject-MissingConflict	false
no-cq	fixtures/mutants/B--group-conflict-0.sexp	B	data-integrity	group-conflict	reject-R9	reject-R9	reject-R9	false
no-cq	fixtures/mutants/B--retract-rule-0.sexp	B	localization	retract-rule	reject-R1	reject-R1	reject-R1	false
no-cq	fixtures/mutants/B--twin-support-defect-0.sexp	B	localization	twin-support-defect	reject-R4	reject-R4	reject-R4	false
no-cq	fixtures/mutants/B--undeclared-pred-0.sexp	B	signature	undeclared-pred	reject-R2	reject-R2	reject-R2	false
no-cq	fixtures/mutants/B--wrong-pred-arity-0.sexp	B	signature	wrong-pred-arity	reject-R2	reject-R2	reject-R2	false
no-cq	fixtures/mutants/B--wrong-arg-sort-0.sexp	B	signature	wrong-arg-sort	reject-R2	reject-R2	reject-R2	false
no-cq	fixtures/mutants/B--wrong-arg-sort-1.sexp	B	signature	wrong-arg-sort	reject-R2	reject-R2	reject-R2	false
no-cq	fixtures/mutants/B--undeclared-con-0.sexp	B	signature	undeclared-con	reject-R2	reject-R2	reject-R2	false
no-cq	fixtures/mutants/B--wrong-theta-sort-0.sexp	B	signature	wrong-theta-sort	reject-R2	reject-R2	reject-R2	false
no-cq	fixtures/mutants/B--out-of-scope-var-0.sexp	B	hidden-policy-extension	out-of-scope-var	reject-R12	reject-R12	reject-R12	false
no-cq	fixtures/mutants/B--duplicate-backend-0.sexp	B	certificate-tampering	duplicate-backend	reject-R13	reject-R13	reject-R13	false
no-cq	fixtures/mutants/B--unknown-backend-0.sexp	B	certificate-tampering	unknown-backend	reject-R13	reject-R13	reject-R13	false
no-cq	fixtures/mutants/malformed/B--codec-junk-section-0.sexp	B	codec-corruption	codec-junk-section	codec-reject	codec-fail	codec-fail	false
no-cq	fixtures/mutants/malformed/B--codec-core-version-0.sexp	B	codec-corruption	codec-core-version	codec-reject	codec-fail	codec-fail	false
no-cq	fixtures/mutants/malformed/B--codec-replay-order-0.sexp	B	codec-corruption	codec-replay-order	codec-reject	codec-fail	codec-fail	false
no-cq	fixtures/mutants/malformed/B--codec-theory-mismatch-0.sexp	B	codec-corruption	codec-theory-mismatch	codec-reject	codec-fail	codec-fail	false
no-cq	fixtures/mutants/malformed/B--codec-dangling-attack-0.sexp	B	codec-corruption	codec-dangling-attack	codec-reject	codec-fail	codec-fail	false
no-cq	fixtures/mutants/malformed/B--codec-truncate-0.sexp	B	codec-corruption	codec-truncate	codec-reject	codec-fail	codec-fail	false
no-cq	fixtures/mutants/E1--undeclared-leaf-0.sexp	E1	undeclared-leaves	undeclared-leaf	reject-R1	reject-R1	reject-R1	false
no-cq	fixtures/mutants/E1--undeclared-leaf-1.sexp	E1	undeclared-leaves	undeclared-leaf	reject-R1	reject-R1	reject-R1	false
no-cq	fixtures/mutants/E1--hidden-rule-0.sexp	E1	hidden-policy-extension	hidden-rule	reject-R1	reject-R1	reject-R1	false
no-cq	fixtures/mutants/E1--hidden-contrary-0.sexp	E1	hidden-policy-extension	hidden-contrary	reject-R12	reject-R12	reject-R12	false
no-cq	fixtures/mutants/E1--wrong-subst-domain-0.sexp	E1	wrong-formulas	wrong-subst-domain	reject-R3	reject-R3	reject-R3	false
no-cq	fixtures/mutants/E1--wrong-premise-0.sexp	E1	wrong-formulas	wrong-premise	reject-R4	reject-R4	reject-R4	false
no-cq	fixtures/mutants/E1--open-obligation-0.sexp	E1	open-obligations	open-obligation	reject-R5	reject-R5	reject-R5	false
no-cq	fixtures/mutants/E1--hole-obligation-0.sexp	E1	open-obligations	hole-obligation	reject-IncompleteArgument	reject-IncompleteArgument	accept-justified	true
no-cq	fixtures/mutants/E1--wrong-discharge-0.sexp	E1	open-obligations	wrong-discharge	reject-R6	reject-R6	reject-R6	false
no-cq	fixtures/mutants/E1--trusted-assurance-0.sexp	E1	certificate-tampering	trusted-assurance	reject-R7	reject-R7	reject-R7	false
no-cq	fixtures/mutants/E1--unlicensed-attack-0.sexp	E1	bad-attack-targets	unlicensed-attack	reject-R11	reject-R11	reject-R11	false
no-cq	fixtures/mutants/E1--group-conflict-0.sexp	E1	data-integrity	group-conflict	reject-R9	reject-R9	reject-R9	false
no-cq	fixtures/mutants/E1--retract-rule-0.sexp	E1	localization	retract-rule	reject-R1	reject-R1	reject-R1	false
no-cq	fixtures/mutants/E1--undeclared-pred-0.sexp	E1	signature	undeclared-pred	reject-R2	reject-R2	reject-R2	false
no-cq	fixtures/mutants/E1--wrong-pred-arity-0.sexp	E1	signature	wrong-pred-arity	reject-R2	reject-R2	reject-R2	false
no-cq	fixtures/mutants/E1--wrong-arg-sort-0.sexp	E1	signature	wrong-arg-sort	reject-R2	reject-R2	reject-R2	false
no-cq	fixtures/mutants/E1--wrong-arg-sort-1.sexp	E1	signature	wrong-arg-sort	reject-R2	reject-R2	reject-R2	false
no-cq	fixtures/mutants/E1--undeclared-con-0.sexp	E1	signature	undeclared-con	reject-R2	reject-R2	reject-R2	false
no-cq	fixtures/mutants/E1--wrong-theta-sort-0.sexp	E1	signature	wrong-theta-sort	reject-R2	reject-R2	reject-R2	false
no-cq	fixtures/mutants/E1--out-of-scope-var-0.sexp	E1	hidden-policy-extension	out-of-scope-var	reject-R12	reject-R12	reject-R12	false
no-cq	fixtures/mutants/E1--duplicate-backend-0.sexp	E1	certificate-tampering	duplicate-backend	reject-R13	reject-R13	reject-R13	false
no-cq	fixtures/mutants/E1--unknown-backend-0.sexp	E1	certificate-tampering	unknown-backend	reject-R13	reject-R13	reject-R13	false
no-cq	fixtures/mutants/malformed/E1--codec-junk-section-0.sexp	E1	codec-corruption	codec-junk-section	codec-reject	codec-fail	codec-fail	false
no-cq	fixtures/mutants/malformed/E1--codec-core-version-0.sexp	E1	codec-corruption	codec-core-version	codec-reject	codec-fail	codec-fail	false
no-cq	fixtures/mutants/malformed/E1--codec-replay-order-0.sexp	E1	codec-corruption	codec-replay-order	codec-reject	codec-fail	codec-fail	false
no-cq	fixtures/mutants/malformed/E1--codec-theory-mismatch-0.sexp	E1	codec-corruption	codec-theory-mismatch	codec-reject	codec-fail	codec-fail	false
no-cq	fixtures/mutants/malformed/E1--codec-truncate-0.sexp	E1	codec-corruption	codec-truncate	codec-reject	codec-fail	codec-fail	false
no-cq	fixtures/mutants/E2--hidden-contrary-0.sexp	E2	hidden-policy-extension	hidden-contrary	reject-R12	reject-R12	reject-R12	false
no-cq	fixtures/mutants/E2--group-conflict-0.sexp	E2	data-integrity	group-conflict	reject-R9	reject-R9	reject-R9	false
no-cq	fixtures/mutants/E2--undeclared-pred-0.sexp	E2	signature	undeclared-pred	reject-R2	reject-R2	reject-R2	false
no-cq	fixtures/mutants/E2--wrong-pred-arity-0.sexp	E2	signature	wrong-pred-arity	reject-R2	reject-R2	reject-R2	false
no-cq	fixtures/mutants/E2--wrong-arg-sort-0.sexp	E2	signature	wrong-arg-sort	reject-R2	reject-R2	reject-R2	false
no-cq	fixtures/mutants/E2--wrong-arg-sort-1.sexp	E2	signature	wrong-arg-sort	reject-R2	reject-R2	reject-R2	false
no-cq	fixtures/mutants/E2--undeclared-con-0.sexp	E2	signature	undeclared-con	reject-R2	reject-R2	reject-R2	false
no-cq	fixtures/mutants/E2--out-of-scope-var-0.sexp	E2	hidden-policy-extension	out-of-scope-var	reject-R12	reject-R12	reject-R12	false
no-cq	fixtures/mutants/E2--duplicate-backend-0.sexp	E2	certificate-tampering	duplicate-backend	reject-R13	reject-R13	reject-R13	false
no-cq	fixtures/mutants/E2--unknown-backend-0.sexp	E2	certificate-tampering	unknown-backend	reject-R13	reject-R13	reject-R13	false
no-cq	fixtures/mutants/malformed/E2--codec-junk-section-0.sexp	E2	codec-corruption	codec-junk-section	codec-reject	codec-fail	codec-fail	false
no-cq	fixtures/mutants/malformed/E2--codec-core-version-0.sexp	E2	codec-corruption	codec-core-version	codec-reject	codec-fail	codec-fail	false
no-cq	fixtures/mutants/malformed/E2--codec-replay-order-0.sexp	E2	codec-corruption	codec-replay-order	codec-reject	codec-fail	codec-fail	false
no-cq	fixtures/mutants/malformed/E2--codec-theory-mismatch-0.sexp	E2	codec-corruption	codec-theory-mismatch	codec-reject	codec-fail	codec-fail	false
no-cq	fixtures/mutants/malformed/E2--codec-truncate-0.sexp	E2	codec-corruption	codec-truncate	codec-reject	codec-fail	codec-fail	false
no-cq	fixtures/mutants/E3--undeclared-leaf-0.sexp	E3	undeclared-leaves	undeclared-leaf	reject-R1	reject-R1	reject-R1	false
no-cq	fixtures/mutants/E3--undeclared-leaf-1.sexp	E3	undeclared-leaves	undeclared-leaf	reject-R1	reject-R1	reject-R1	false
no-cq	fixtures/mutants/E3--hidden-rule-0.sexp	E3	hidden-policy-extension	hidden-rule	reject-R1	reject-R1	reject-R1	false
no-cq	fixtures/mutants/E3--hidden-contrary-0.sexp	E3	hidden-policy-extension	hidden-contrary	reject-R12	reject-R12	reject-R12	false
no-cq	fixtures/mutants/E3--wrong-subst-domain-0.sexp	E3	wrong-formulas	wrong-subst-domain	reject-R3	reject-R3	reject-R3	false
no-cq	fixtures/mutants/E3--wrong-premise-0.sexp	E3	wrong-formulas	wrong-premise	reject-R4	reject-R4	reject-R4	false
no-cq	fixtures/mutants/E3--open-obligation-0.sexp	E3	open-obligations	open-obligation	reject-R5	reject-R5	reject-R5	false
no-cq	fixtures/mutants/E3--hole-obligation-0.sexp	E3	open-obligations	hole-obligation	reject-IncompleteArgument	reject-IncompleteArgument	accept-other	true
no-cq	fixtures/mutants/E3--wrong-discharge-0.sexp	E3	open-obligations	wrong-discharge	reject-R6	reject-R6	reject-R6	false
no-cq	fixtures/mutants/E3--trusted-assurance-0.sexp	E3	certificate-tampering	trusted-assurance	reject-R7	reject-R7	reject-R7	false
no-cq	fixtures/mutants/E3--bad-attack-position-0.sexp	E3	bad-attack-targets	bad-attack-position	reject-R10	reject-R10	reject-R10	false
no-cq	fixtures/mutants/E3--bad-attack-position-1.sexp	E3	bad-attack-targets	bad-attack-position	reject-R10	reject-R10	reject-R10	false
no-cq	fixtures/mutants/E3--unlicensed-attack-0.sexp	E3	bad-attack-targets	unlicensed-attack	reject-R11	reject-R11	reject-R11	false
no-cq	fixtures/mutants/E3--drop-covering-attack-0.sexp	E3	bad-attack-targets	drop-covering-attack	reject-MissingConflict	reject-MissingConflict	reject-MissingConflict	false
no-cq	fixtures/mutants/E3--group-conflict-0.sexp	E3	data-integrity	group-conflict	reject-R9	reject-R9	reject-R9	false
no-cq	fixtures/mutants/E3--retract-rule-0.sexp	E3	localization	retract-rule	reject-R1	reject-R1	reject-R1	false
no-cq	fixtures/mutants/E3--twin-support-defect-0.sexp	E3	localization	twin-support-defect	reject-R4	reject-R4	reject-R4	false
no-cq	fixtures/mutants/E3--cross-stage-defect-0.sexp	E3	localization	cross-stage-defect	reject-R4	reject-R4	reject-R4	false
no-cq	fixtures/mutants/E3--undeclared-pred-0.sexp	E3	signature	undeclared-pred	reject-R2	reject-R2	reject-R2	false
no-cq	fixtures/mutants/E3--wrong-pred-arity-0.sexp	E3	signature	wrong-pred-arity	reject-R2	reject-R2	reject-R2	false
no-cq	fixtures/mutants/E3--wrong-arg-sort-0.sexp	E3	signature	wrong-arg-sort	reject-R2	reject-R2	reject-R2	false
no-cq	fixtures/mutants/E3--wrong-arg-sort-1.sexp	E3	signature	wrong-arg-sort	reject-R2	reject-R2	reject-R2	false
no-cq	fixtures/mutants/E3--undeclared-con-0.sexp	E3	signature	undeclared-con	reject-R2	reject-R2	reject-R2	false
no-cq	fixtures/mutants/E3--wrong-theta-sort-0.sexp	E3	signature	wrong-theta-sort	reject-R2	reject-R2	reject-R2	false
no-cq	fixtures/mutants/E3--out-of-scope-var-0.sexp	E3	hidden-policy-extension	out-of-scope-var	reject-R12	reject-R12	reject-R12	false
no-cq	fixtures/mutants/E3--duplicate-backend-0.sexp	E3	certificate-tampering	duplicate-backend	reject-R13	reject-R13	reject-R13	false
no-cq	fixtures/mutants/E3--unknown-backend-0.sexp	E3	certificate-tampering	unknown-backend	reject-R13	reject-R13	reject-R13	false
no-cq	fixtures/mutants/malformed/E3--codec-junk-section-0.sexp	E3	codec-corruption	codec-junk-section	codec-reject	codec-fail	codec-fail	false
no-cq	fixtures/mutants/malformed/E3--codec-core-version-0.sexp	E3	codec-corruption	codec-core-version	codec-reject	codec-fail	codec-fail	false
no-cq	fixtures/mutants/malformed/E3--codec-replay-order-0.sexp	E3	codec-corruption	codec-replay-order	codec-reject	codec-fail	codec-fail	false
no-cq	fixtures/mutants/malformed/E3--codec-theory-mismatch-0.sexp	E3	codec-corruption	codec-theory-mismatch	codec-reject	codec-fail	codec-fail	false
no-cq	fixtures/mutants/malformed/E3--codec-dangling-attack-0.sexp	E3	codec-corruption	codec-dangling-attack	codec-reject	codec-fail	codec-fail	false
no-cq	fixtures/mutants/malformed/E3--codec-truncate-0.sexp	E3	codec-corruption	codec-truncate	codec-reject	codec-fail	codec-fail	false
no-cq	fixtures/mutants/E4--undeclared-leaf-0.sexp	E4	undeclared-leaves	undeclared-leaf	reject-R1	reject-R1	reject-R1	false
no-cq	fixtures/mutants/E4--undeclared-leaf-1.sexp	E4	undeclared-leaves	undeclared-leaf	reject-R1	reject-R1	reject-R1	false
no-cq	fixtures/mutants/E4--hidden-rule-0.sexp	E4	hidden-policy-extension	hidden-rule	reject-R1	reject-R1	reject-R1	false
no-cq	fixtures/mutants/E4--hidden-contrary-0.sexp	E4	hidden-policy-extension	hidden-contrary	reject-R12	reject-R12	reject-R12	false
no-cq	fixtures/mutants/E4--wrong-subst-domain-0.sexp	E4	wrong-formulas	wrong-subst-domain	reject-R3	reject-R3	reject-R3	false
no-cq	fixtures/mutants/E4--wrong-premise-0.sexp	E4	wrong-formulas	wrong-premise	reject-R4	reject-R4	reject-R4	false
no-cq	fixtures/mutants/E4--open-obligation-0.sexp	E4	open-obligations	open-obligation	reject-R5	reject-R5	reject-R5	false
no-cq	fixtures/mutants/E4--hole-obligation-0.sexp	E4	open-obligations	hole-obligation	reject-IncompleteArgument	reject-IncompleteArgument	accept-other	true
no-cq	fixtures/mutants/E4--wrong-discharge-0.sexp	E4	open-obligations	wrong-discharge	reject-R6	reject-R6	reject-R6	false
no-cq	fixtures/mutants/E4--trusted-assurance-0.sexp	E4	certificate-tampering	trusted-assurance	reject-R7	reject-R7	reject-R7	false
no-cq	fixtures/mutants/E4--bad-attack-position-0.sexp	E4	bad-attack-targets	bad-attack-position	reject-R10	reject-R10	reject-R10	false
no-cq	fixtures/mutants/E4--bad-attack-position-1.sexp	E4	bad-attack-targets	bad-attack-position	reject-R10	reject-R10	reject-R10	false
no-cq	fixtures/mutants/E4--unlicensed-attack-0.sexp	E4	bad-attack-targets	unlicensed-attack	reject-R11	reject-R11	reject-R11	false
no-cq	fixtures/mutants/E4--drop-covering-attack-0.sexp	E4	bad-attack-targets	drop-covering-attack	reject-MissingConflict	reject-MissingConflict	reject-MissingConflict	false
no-cq	fixtures/mutants/E4--group-conflict-0.sexp	E4	data-integrity	group-conflict	reject-R9	reject-R9	reject-R9	false
no-cq	fixtures/mutants/E4--retract-rule-0.sexp	E4	localization	retract-rule	reject-R1	reject-R1	reject-R1	false
no-cq	fixtures/mutants/E4--twin-support-defect-0.sexp	E4	localization	twin-support-defect	reject-R4	reject-R4	reject-R4	false
no-cq	fixtures/mutants/E4--cross-stage-defect-0.sexp	E4	localization	cross-stage-defect	reject-R4	reject-R4	reject-R4	false
no-cq	fixtures/mutants/E4--undeclared-pred-0.sexp	E4	signature	undeclared-pred	reject-R2	reject-R2	reject-R2	false
no-cq	fixtures/mutants/E4--wrong-pred-arity-0.sexp	E4	signature	wrong-pred-arity	reject-R2	reject-R2	reject-R2	false
no-cq	fixtures/mutants/E4--wrong-arg-sort-0.sexp	E4	signature	wrong-arg-sort	reject-R2	reject-R2	reject-R2	false
no-cq	fixtures/mutants/E4--wrong-arg-sort-1.sexp	E4	signature	wrong-arg-sort	reject-R2	reject-R2	reject-R2	false
no-cq	fixtures/mutants/E4--undeclared-con-0.sexp	E4	signature	undeclared-con	reject-R2	reject-R2	reject-R2	false
no-cq	fixtures/mutants/E4--wrong-theta-sort-0.sexp	E4	signature	wrong-theta-sort	reject-R2	reject-R2	reject-R2	false
no-cq	fixtures/mutants/E4--out-of-scope-var-0.sexp	E4	hidden-policy-extension	out-of-scope-var	reject-R12	reject-R12	reject-R12	false
no-cq	fixtures/mutants/E4--duplicate-backend-0.sexp	E4	certificate-tampering	duplicate-backend	reject-R13	reject-R13	reject-R13	false
no-cq	fixtures/mutants/E4--unknown-backend-0.sexp	E4	certificate-tampering	unknown-backend	reject-R13	reject-R13	reject-R13	false
no-cq	fixtures/mutants/malformed/E4--codec-junk-section-0.sexp	E4	codec-corruption	codec-junk-section	codec-reject	codec-fail	codec-fail	false
no-cq	fixtures/mutants/malformed/E4--codec-core-version-0.sexp	E4	codec-corruption	codec-core-version	codec-reject	codec-fail	codec-fail	false
no-cq	fixtures/mutants/malformed/E4--codec-replay-order-0.sexp	E4	codec-corruption	codec-replay-order	codec-reject	codec-fail	codec-fail	false
no-cq	fixtures/mutants/malformed/E4--codec-theory-mismatch-0.sexp	E4	codec-corruption	codec-theory-mismatch	codec-reject	codec-fail	codec-fail	false
no-cq	fixtures/mutants/malformed/E4--codec-dangling-attack-0.sexp	E4	codec-corruption	codec-dangling-attack	codec-reject	codec-fail	codec-fail	false
no-cq	fixtures/mutants/malformed/E4--codec-truncate-0.sexp	E4	codec-corruption	codec-truncate	codec-reject	codec-fail	codec-fail	false
no-cq	fixtures/mutants/E5--undeclared-leaf-0.sexp	E5	undeclared-leaves	undeclared-leaf	reject-R1	reject-R1	reject-R1	false
no-cq	fixtures/mutants/E5--undeclared-leaf-1.sexp	E5	undeclared-leaves	undeclared-leaf	reject-R1	reject-R1	reject-R1	false
no-cq	fixtures/mutants/E5--hidden-rule-0.sexp	E5	hidden-policy-extension	hidden-rule	reject-R1	reject-R1	reject-R1	false
no-cq	fixtures/mutants/E5--hidden-contrary-0.sexp	E5	hidden-policy-extension	hidden-contrary	reject-R12	reject-R12	reject-R12	false
no-cq	fixtures/mutants/E5--wrong-subst-domain-0.sexp	E5	wrong-formulas	wrong-subst-domain	reject-R3	reject-R3	reject-R3	false
no-cq	fixtures/mutants/E5--wrong-premise-0.sexp	E5	wrong-formulas	wrong-premise	reject-R4	reject-R4	reject-R4	false
no-cq	fixtures/mutants/E5--open-obligation-0.sexp	E5	open-obligations	open-obligation	reject-R5	reject-R5	reject-R5	false
no-cq	fixtures/mutants/E5--hole-obligation-0.sexp	E5	open-obligations	hole-obligation	reject-IncompleteArgument	reject-IncompleteArgument	accept-other	true
no-cq	fixtures/mutants/E5--wrong-discharge-0.sexp	E5	open-obligations	wrong-discharge	reject-R6	reject-R6	reject-R6	false
no-cq	fixtures/mutants/E5--trusted-assurance-0.sexp	E5	certificate-tampering	trusted-assurance	reject-R7	reject-R7	reject-R7	false
no-cq	fixtures/mutants/E5--bad-attack-position-0.sexp	E5	bad-attack-targets	bad-attack-position	reject-R10	reject-R10	reject-R10	false
no-cq	fixtures/mutants/E5--bad-attack-position-1.sexp	E5	bad-attack-targets	bad-attack-position	reject-R10	reject-R10	reject-R10	false
no-cq	fixtures/mutants/E5--unlicensed-attack-0.sexp	E5	bad-attack-targets	unlicensed-attack	reject-R11	reject-R11	reject-R11	false
no-cq	fixtures/mutants/E5--drop-covering-attack-0.sexp	E5	bad-attack-targets	drop-covering-attack	reject-MissingConflict	reject-MissingConflict	reject-MissingConflict	false
no-cq	fixtures/mutants/E5--group-conflict-0.sexp	E5	data-integrity	group-conflict	reject-R9	reject-R9	reject-R9	false
no-cq	fixtures/mutants/E5--retract-rule-0.sexp	E5	localization	retract-rule	reject-R1	reject-R1	reject-R1	false
no-cq	fixtures/mutants/E5--twin-support-defect-0.sexp	E5	localization	twin-support-defect	reject-R4	reject-R4	reject-R4	false
no-cq	fixtures/mutants/E5--cross-stage-defect-0.sexp	E5	localization	cross-stage-defect	reject-R4	reject-R4	reject-R4	false
no-cq	fixtures/mutants/E5--undeclared-pred-0.sexp	E5	signature	undeclared-pred	reject-R2	reject-R2	reject-R2	false
no-cq	fixtures/mutants/E5--wrong-pred-arity-0.sexp	E5	signature	wrong-pred-arity	reject-R2	reject-R2	reject-R2	false
no-cq	fixtures/mutants/E5--wrong-arg-sort-0.sexp	E5	signature	wrong-arg-sort	reject-R2	reject-R2	reject-R2	false
no-cq	fixtures/mutants/E5--wrong-arg-sort-1.sexp	E5	signature	wrong-arg-sort	reject-R2	reject-R2	reject-R2	false
no-cq	fixtures/mutants/E5--undeclared-con-0.sexp	E5	signature	undeclared-con	reject-R2	reject-R2	reject-R2	false
no-cq	fixtures/mutants/E5--wrong-theta-sort-0.sexp	E5	signature	wrong-theta-sort	reject-R2	reject-R2	reject-R2	false
no-cq	fixtures/mutants/E5--out-of-scope-var-0.sexp	E5	hidden-policy-extension	out-of-scope-var	reject-R12	reject-R12	reject-R12	false
no-cq	fixtures/mutants/E5--duplicate-backend-0.sexp	E5	certificate-tampering	duplicate-backend	reject-R13	reject-R13	reject-R13	false
no-cq	fixtures/mutants/E5--unknown-backend-0.sexp	E5	certificate-tampering	unknown-backend	reject-R13	reject-R13	reject-R13	false
no-cq	fixtures/mutants/malformed/E5--codec-junk-section-0.sexp	E5	codec-corruption	codec-junk-section	codec-reject	codec-fail	codec-fail	false
no-cq	fixtures/mutants/malformed/E5--codec-core-version-0.sexp	E5	codec-corruption	codec-core-version	codec-reject	codec-fail	codec-fail	false
no-cq	fixtures/mutants/malformed/E5--codec-replay-order-0.sexp	E5	codec-corruption	codec-replay-order	codec-reject	codec-fail	codec-fail	false
no-cq	fixtures/mutants/malformed/E5--codec-theory-mismatch-0.sexp	E5	codec-corruption	codec-theory-mismatch	codec-reject	codec-fail	codec-fail	false
no-cq	fixtures/mutants/malformed/E5--codec-dangling-attack-0.sexp	E5	codec-corruption	codec-dangling-attack	codec-reject	codec-fail	codec-fail	false
no-cq	fixtures/mutants/malformed/E5--codec-truncate-0.sexp	E5	codec-corruption	codec-truncate	codec-reject	codec-fail	codec-fail	false
no-cq	fixtures/mutants/S1--undeclared-leaf-0.sexp	S1	undeclared-leaves	undeclared-leaf	reject-R1	reject-R1	reject-R1	false
no-cq	fixtures/mutants/S1--hidden-rule-0.sexp	S1	hidden-policy-extension	hidden-rule	reject-R1	reject-R1	reject-R1	false
no-cq	fixtures/mutants/S1--hidden-contrary-0.sexp	S1	hidden-policy-extension	hidden-contrary	reject-R12	reject-R12	reject-R12	false
no-cq	fixtures/mutants/S1--wrong-subst-domain-0.sexp	S1	wrong-formulas	wrong-subst-domain	reject-R3	reject-R3	reject-R3	false
no-cq	fixtures/mutants/S1--cert-theory-swap-0.sexp	S1	certificate-tampering	cert-theory-swap	reject-R7	reject-R7	reject-R7	false
no-cq	fixtures/mutants/S1--cert-payload-tamper-0.sexp	S1	certificate-tampering	cert-payload-tamper	reject-R13	reject-R13	reject-R13	false
no-cq	fixtures/mutants/S1--unlicensed-attack-0.sexp	S1	bad-attack-targets	unlicensed-attack	reject-R11	reject-R11	reject-R11	false
no-cq	fixtures/mutants/S1--retract-rule-0.sexp	S1	localization	retract-rule	reject-R1	reject-R1	reject-R1	false
no-cq	fixtures/mutants/S1--undeclared-pred-0.sexp	S1	signature	undeclared-pred	reject-R2	reject-R2	reject-R2	false
no-cq	fixtures/mutants/S1--wrong-pred-arity-0.sexp	S1	signature	wrong-pred-arity	reject-R2	reject-R2	reject-R2	false
no-cq	fixtures/mutants/S1--wrong-arg-sort-0.sexp	S1	signature	wrong-arg-sort	reject-R2	reject-R2	reject-R2	false
no-cq	fixtures/mutants/S1--wrong-arg-sort-1.sexp	S1	signature	wrong-arg-sort	reject-R2	reject-R2	reject-R2	false
no-cq	fixtures/mutants/S1--undeclared-con-0.sexp	S1	signature	undeclared-con	reject-R2	reject-R2	reject-R2	false
no-cq	fixtures/mutants/S1--wrong-theta-sort-0.sexp	S1	signature	wrong-theta-sort	reject-R2	reject-R2	reject-R2	false
no-cq	fixtures/mutants/S1--out-of-scope-var-0.sexp	S1	hidden-policy-extension	out-of-scope-var	reject-R12	reject-R12	reject-R12	false
no-cq	fixtures/mutants/S1--duplicate-backend-0.sexp	S1	certificate-tampering	duplicate-backend	reject-R13	reject-R13	reject-R13	false
no-cq	fixtures/mutants/S1--unknown-backend-0.sexp	S1	certificate-tampering	unknown-backend	reject-R13	reject-R13	reject-R13	false
no-cq	fixtures/mutants/malformed/S1--codec-junk-section-0.sexp	S1	codec-corruption	codec-junk-section	codec-reject	codec-fail	codec-fail	false
no-cq	fixtures/mutants/malformed/S1--codec-core-version-0.sexp	S1	codec-corruption	codec-core-version	codec-reject	codec-fail	codec-fail	false
no-cq	fixtures/mutants/malformed/S1--codec-replay-order-0.sexp	S1	codec-corruption	codec-replay-order	codec-reject	codec-fail	codec-fail	false
no-cq	fixtures/mutants/malformed/S1--codec-theory-mismatch-0.sexp	S1	codec-corruption	codec-theory-mismatch	codec-reject	codec-fail	codec-fail	false
no-cq	fixtures/mutants/malformed/S1--codec-truncate-0.sexp	S1	codec-corruption	codec-truncate	codec-reject	codec-fail	codec-fail	false
no-cq	fixtures/mutants/cycle-rebut-6.sexp	-	cycles	rebut-cycle	accept-all-contested	accept-all-contested	accept-all-contested	false
no-cq	fixtures/mutants/cycle-rebut-2.sexp	-	cycles	rebut-cycle	accept-all-contested	accept-all-contested	accept-all-contested	false
no-cq	fixtures/mutants/cycle-rebut-4.sexp	-	cycles	rebut-cycle	accept-all-contested	accept-all-contested	accept-all-contested	false
no-cq	fixtures/mutants/cycle-rebut-5.sexp	-	cycles	rebut-cycle	accept-all-contested	accept-all-contested	accept-all-contested	false
no-cq	fixtures/mutants/rebench-restricted_mlm.C14--undeclared-leaf-0.sexp	rebench-restricted_mlm.C14	undeclared-leaves	undeclared-leaf	reject-R1	reject-R1	reject-R1	false
no-cq	fixtures/mutants/rebench-triton_cumsum.C09--undeclared-leaf-0.sexp	rebench-triton_cumsum.C09	undeclared-leaves	undeclared-leaf	reject-R1	reject-R1	reject-R1	false
no-cq	fixtures/mutants/test-time-model-adaptation.C04--undeclared-leaf-0.sexp	test-time-model-adaptation.C04	undeclared-leaves	undeclared-leaf	reject-R1	reject-R1	reject-R1	false
no-cq	fixtures/mutants/fre.C04--undeclared-leaf-0.sexp	fre.C04	undeclared-leaves	undeclared-leaf	reject-R1	reject-R1	reject-R1	false
no-cq	fixtures/mutants/self-composing-policies.C01--undeclared-leaf-0.sexp	self-composing-policies.C01	undeclared-leaves	undeclared-leaf	reject-R1	reject-R1	reject-R1	false
no-cq	fixtures/mutants/fre.C01--undeclared-leaf-0.sexp	fre.C01	undeclared-leaves	undeclared-leaf	reject-R1	reject-R1	reject-R1	false
no-cq	fixtures/mutants/pinn.C01--undeclared-leaf-0.sexp	pinn.C01	undeclared-leaves	undeclared-leaf	reject-R1	reject-R1	reject-R1	false
no-cq	fixtures/mutants/bam.C05--undeclared-leaf-0.sexp	bam.C05	undeclared-leaves	undeclared-leaf	reject-R1	reject-R1	reject-R1	false
no-cq	fixtures/mutants/adaptive-pruning.C04--undeclared-leaf-0.sexp	adaptive-pruning.C04	undeclared-leaves	undeclared-leaf	reject-R1	reject-R1	reject-R1	false
no-cq	fixtures/mutants/sample-specific-masks.C05--undeclared-leaf-0.sexp	sample-specific-masks.C05	undeclared-leaves	undeclared-leaf	reject-R1	reject-R1	reject-R1	false
no-cq	fixtures/mutants/rice.C01--undeclared-leaf-0.sexp	rice.C01	undeclared-leaves	undeclared-leaf	reject-R1	reject-R1	reject-R1	false
no-cq	fixtures/mutants/sample-specific-masks.C06--undeclared-leaf-0.sexp	sample-specific-masks.C06	undeclared-leaves	undeclared-leaf	reject-R1	reject-R1	reject-R1	false
no-cq	fixtures/mutants/self-composing-policies.C01--hidden-rule-0.sexp	self-composing-policies.C01	hidden-policy-extension	hidden-rule	reject-R1	reject-R1	reject-R1	false
no-cq	fixtures/mutants/rebench-restricted_mlm.C14--hidden-rule-0.sexp	rebench-restricted_mlm.C14	hidden-policy-extension	hidden-rule	reject-R1	reject-R1	reject-R1	false
no-cq	fixtures/mutants/rebench-rust_codecontests.C02--hidden-rule-0.sexp	rebench-rust_codecontests.C02	hidden-policy-extension	hidden-rule	reject-R1	reject-R1	reject-R1	false
no-cq	fixtures/mutants/rebench-triton_cumsum.C09--hidden-rule-0.sexp	rebench-triton_cumsum.C09	hidden-policy-extension	hidden-rule	reject-R1	reject-R1	reject-R1	false
no-cq	fixtures/mutants/fre.C01--hidden-rule-0.sexp	fre.C01	hidden-policy-extension	hidden-rule	reject-R1	reject-R1	reject-R1	false
no-cq	fixtures/mutants/fre.C04--hidden-rule-0.sexp	fre.C04	hidden-policy-extension	hidden-rule	reject-R1	reject-R1	reject-R1	false
no-cq	fixtures/mutants/sample-specific-masks.C06--hidden-rule-0.sexp	sample-specific-masks.C06	hidden-policy-extension	hidden-rule	reject-R1	reject-R1	reject-R1	false
no-cq	fixtures/mutants/sample-specific-masks.C05--hidden-rule-0.sexp	sample-specific-masks.C05	hidden-policy-extension	hidden-rule	reject-R1	reject-R1	reject-R1	false
no-cq	fixtures/mutants/bam.C05--hidden-rule-0.sexp	bam.C05	hidden-policy-extension	hidden-rule	reject-R1	reject-R1	reject-R1	false
no-cq	fixtures/mutants/rice.C01--hidden-rule-0.sexp	rice.C01	hidden-policy-extension	hidden-rule	reject-R1	reject-R1	reject-R1	false
no-cq	fixtures/mutants/adaptive-pruning.C04--hidden-rule-0.sexp	adaptive-pruning.C04	hidden-policy-extension	hidden-rule	reject-R1	reject-R1	reject-R1	false
no-cq	fixtures/mutants/test-time-model-adaptation.C04--hidden-rule-0.sexp	test-time-model-adaptation.C04	hidden-policy-extension	hidden-rule	reject-R1	reject-R1	reject-R1	false
no-cq	fixtures/mutants/all-in-one.C05--hidden-contrary-0.sexp	all-in-one.C05	hidden-policy-extension	hidden-contrary	reject-R12	reject-R12	reject-R12	false
no-cq	fixtures/mutants/robust-clip.C07--hidden-contrary-0.sexp	robust-clip.C07	hidden-policy-extension	hidden-contrary	reject-R12	reject-R12	reject-R12	false
no-cq	fixtures/mutants/lbcs.C05--hidden-contrary-0.sexp	lbcs.C05	hidden-policy-extension	hidden-contrary	reject-R12	reject-R12	reject-R12	false
no-cq	fixtures/mutants/all-in-one.C01--hidden-contrary-0.sexp	all-in-one.C01	hidden-policy-extension	hidden-contrary	reject-R12	reject-R12	reject-R12	false
no-cq	fixtures/mutants/fre.C04--hidden-contrary-0.sexp	fre.C04	hidden-policy-extension	hidden-contrary	reject-R12	reject-R12	reject-R12	false
no-cq	fixtures/mutants/self-composing-policies.C04--hidden-contrary-0.sexp	self-composing-policies.C04	hidden-policy-extension	hidden-contrary	reject-R12	reject-R12	reject-R12	false
no-cq	fixtures/mutants/rebench-triton_cumsum.C05--hidden-contrary-0.sexp	rebench-triton_cumsum.C05	hidden-policy-extension	hidden-contrary	reject-R12	reject-R12	reject-R12	false
no-cq	fixtures/mutants/ftrl.C01--hidden-contrary-0.sexp	ftrl.C01	hidden-policy-extension	hidden-contrary	reject-R12	reject-R12	reject-R12	false
no-cq	fixtures/mutants/what-will-my-model-forget.C03--hidden-contrary-0.sexp	what-will-my-model-forget.C03	hidden-policy-extension	hidden-contrary	reject-R12	reject-R12	reject-R12	false
no-cq	fixtures/mutants/rice.C01--hidden-contrary-0.sexp	rice.C01	hidden-policy-extension	hidden-contrary	reject-R12	reject-R12	reject-R12	false
no-cq	fixtures/mutants/bbox.C02--hidden-contrary-0.sexp	bbox.C02	hidden-policy-extension	hidden-contrary	reject-R12	reject-R12	reject-R12	false
no-cq	fixtures/mutants/bridging-data-gaps.C03--hidden-contrary-0.sexp	bridging-data-gaps.C03	hidden-policy-extension	hidden-contrary	reject-R12	reject-R12	reject-R12	false
no-cq	fixtures/mutants/test-time-model-adaptation.C04--wrong-subst-domain-0.sexp	test-time-model-adaptation.C04	wrong-formulas	wrong-subst-domain	reject-R3	reject-R3	reject-R3	false
no-cq	fixtures/mutants/pinn.C01--wrong-subst-domain-0.sexp	pinn.C01	wrong-formulas	wrong-subst-domain	reject-R3	reject-R3	reject-R3	false
no-cq	fixtures/mutants/sample-specific-masks.C06--wrong-subst-domain-0.sexp	sample-specific-masks.C06	wrong-formulas	wrong-subst-domain	reject-R3	reject-R3	reject-R3	false
no-cq	fixtures/mutants/rice.C01--wrong-subst-domain-0.sexp	rice.C01	wrong-formulas	wrong-subst-domain	reject-R3	reject-R3	reject-R3	false
no-cq	fixtures/mutants/bam.C05--wrong-subst-domain-0.sexp	bam.C05	wrong-formulas	wrong-subst-domain	reject-R3	reject-R3	reject-R3	false
no-cq	fixtures/mutants/rebench-triton_cumsum.C09--wrong-subst-domain-0.sexp	rebench-triton_cumsum.C09	wrong-formulas	wrong-subst-domain	reject-R3	reject-R3	reject-R3	false
no-cq	fixtures/mutants/self-composing-policies.C01--wrong-subst-domain-0.sexp	self-composing-policies.C01	wrong-formulas	wrong-subst-domain	reject-R3	reject-R3	reject-R3	false
no-cq	fixtures/mutants/adaptive-pruning.C04--wrong-subst-domain-0.sexp	adaptive-pruning.C04	wrong-formulas	wrong-subst-domain	reject-R3	reject-R3	reject-R3	false
no-cq	fixtures/mutants/rebench-rust_codecontests.C02--wrong-subst-domain-0.sexp	rebench-rust_codecontests.C02	wrong-formulas	wrong-subst-domain	reject-R3	reject-R3	reject-R3	false
no-cq	fixtures/mutants/fre.C04--wrong-subst-domain-0.sexp	fre.C04	wrong-formulas	wrong-subst-domain	reject-R3	reject-R3	reject-R3	false
no-cq	fixtures/mutants/sample-specific-masks.C05--wrong-subst-domain-0.sexp	sample-specific-masks.C05	wrong-formulas	wrong-subst-domain	reject-R3	reject-R3	reject-R3	false
no-cq	fixtures/mutants/fre.C01--wrong-subst-domain-0.sexp	fre.C01	wrong-formulas	wrong-subst-domain	reject-R3	reject-R3	reject-R3	false
no-cq	fixtures/mutants/adaptive-pruning.C04--wrong-premise-0.sexp	adaptive-pruning.C04	wrong-formulas	wrong-premise	reject-R4	reject-R4	reject-R4	false
no-cq	fixtures/mutants/fre.C01--wrong-premise-0.sexp	fre.C01	wrong-formulas	wrong-premise	reject-R4	reject-R4	reject-R4	false
no-cq	fixtures/mutants/sample-specific-masks.C05--wrong-premise-0.sexp	sample-specific-masks.C05	wrong-formulas	wrong-premise	reject-R4	reject-R4	reject-R4	false
no-cq	fixtures/mutants/rebench-restricted_mlm.C14--wrong-premise-0.sexp	rebench-restricted_mlm.C14	wrong-formulas	wrong-premise	reject-R4	reject-R4	reject-R4	false
no-cq	fixtures/mutants/rebench-triton_cumsum.C09--wrong-premise-0.sexp	rebench-triton_cumsum.C09	wrong-formulas	wrong-premise	reject-R4	reject-R4	reject-R4	false
no-cq	fixtures/mutants/rebench-rust_codecontests.C02--wrong-premise-0.sexp	rebench-rust_codecontests.C02	wrong-formulas	wrong-premise	reject-R4	reject-R4	reject-R4	false
no-cq	fixtures/mutants/fre.C04--wrong-premise-0.sexp	fre.C04	wrong-formulas	wrong-premise	reject-R4	reject-R4	reject-R4	false
no-cq	fixtures/mutants/bam.C05--wrong-premise-0.sexp	bam.C05	wrong-formulas	wrong-premise	reject-R4	reject-R4	reject-R4	false
no-cq	fixtures/mutants/pinn.C01--wrong-premise-0.sexp	pinn.C01	wrong-formulas	wrong-premise	reject-R4	reject-R4	reject-R4	false
no-cq	fixtures/mutants/rice.C01--wrong-premise-0.sexp	rice.C01	wrong-formulas	wrong-premise	reject-R4	reject-R4	reject-R4	false
no-cq	fixtures/mutants/self-composing-policies.C01--wrong-premise-0.sexp	self-composing-policies.C01	wrong-formulas	wrong-premise	reject-R4	reject-R4	reject-R4	false
no-cq	fixtures/mutants/test-time-model-adaptation.C04--wrong-premise-0.sexp	test-time-model-adaptation.C04	wrong-formulas	wrong-premise	reject-R4	reject-R4	reject-R4	false
no-cq	fixtures/mutants/bam.C05--open-obligation-0.sexp	bam.C05	open-obligations	open-obligation	reject-R5	reject-R5	reject-R5	false
no-cq	fixtures/mutants/fre.C01--open-obligation-0.sexp	fre.C01	open-obligations	open-obligation	reject-R5	reject-R5	reject-R5	false
no-cq	fixtures/mutants/fre.C04--open-obligation-0.sexp	fre.C04	open-obligations	open-obligation	reject-R5	reject-R5	reject-R5	false
no-cq	fixtures/mutants/pinn.C01--open-obligation-0.sexp	pinn.C01	open-obligations	open-obligation	reject-R5	reject-R5	reject-R5	false
no-cq	fixtures/mutants/rice.C01--open-obligation-0.sexp	rice.C01	open-obligations	open-obligation	reject-R5	reject-R5	reject-R5	false
no-cq	fixtures/mutants/sample-specific-masks.C05--open-obligation-0.sexp	sample-specific-masks.C05	open-obligations	open-obligation	reject-R5	reject-R5	reject-R5	false
no-cq	fixtures/mutants/sample-specific-masks.C06--open-obligation-0.sexp	sample-specific-masks.C06	open-obligations	open-obligation	reject-R5	reject-R5	reject-R5	false
no-cq	fixtures/mutants/self-composing-policies.C01--open-obligation-0.sexp	self-composing-policies.C01	open-obligations	open-obligation	reject-R5	reject-R5	reject-R5	false
no-cq	fixtures/mutants/test-time-model-adaptation.C04--open-obligation-0.sexp	test-time-model-adaptation.C04	open-obligations	open-obligation	reject-R5	reject-R5	reject-R5	false
no-cq	fixtures/mutants/rebench-restricted_mlm.C14--open-obligation-0.sexp	rebench-restricted_mlm.C14	open-obligations	open-obligation	reject-R5	reject-R5	reject-R5	false
no-cq	fixtures/mutants/rebench-rust_codecontests.C02--open-obligation-0.sexp	rebench-rust_codecontests.C02	open-obligations	open-obligation	reject-R5	reject-R5	reject-R5	false
no-cq	fixtures/mutants/rebench-triton_cumsum.C09--open-obligation-0.sexp	rebench-triton_cumsum.C09	open-obligations	open-obligation	reject-R5	reject-R5	reject-R5	false
no-cq	fixtures/mutants/bam.C05--hole-obligation-0.sexp	bam.C05	open-obligations	hole-obligation	reject-IncompleteArgument	reject-IncompleteArgument	accept-justified	true
no-cq	fixtures/mutants/fre.C01--hole-obligation-0.sexp	fre.C01	open-obligations	hole-obligation	reject-IncompleteArgument	reject-IncompleteArgument	accept-justified	true
no-cq	fixtures/mutants/fre.C04--hole-obligation-0.sexp	fre.C04	open-obligations	hole-obligation	reject-IncompleteArgument	reject-IncompleteArgument	accept-defeated	true
no-cq	fixtures/mutants/pinn.C01--hole-obligation-0.sexp	pinn.C01	open-obligations	hole-obligation	reject-IncompleteArgument	reject-IncompleteArgument	accept-justified	true
no-cq	fixtures/mutants/rice.C01--hole-obligation-0.sexp	rice.C01	open-obligations	hole-obligation	reject-IncompleteArgument	reject-IncompleteArgument	accept-justified	true
no-cq	fixtures/mutants/sample-specific-masks.C05--hole-obligation-0.sexp	sample-specific-masks.C05	open-obligations	hole-obligation	reject-IncompleteArgument	reject-IncompleteArgument	accept-justified	true
no-cq	fixtures/mutants/sample-specific-masks.C06--hole-obligation-0.sexp	sample-specific-masks.C06	open-obligations	hole-obligation	reject-IncompleteArgument	reject-IncompleteArgument	accept-justified	true
no-cq	fixtures/mutants/self-composing-policies.C01--hole-obligation-0.sexp	self-composing-policies.C01	open-obligations	hole-obligation	reject-IncompleteArgument	reject-IncompleteArgument	accept-justified	true
no-cq	fixtures/mutants/test-time-model-adaptation.C04--hole-obligation-0.sexp	test-time-model-adaptation.C04	open-obligations	hole-obligation	reject-IncompleteArgument	reject-IncompleteArgument	accept-defeated	true
no-cq	fixtures/mutants/rebench-restricted_mlm.C14--hole-obligation-0.sexp	rebench-restricted_mlm.C14	open-obligations	hole-obligation	reject-IncompleteArgument	reject-IncompleteArgument	accept-justified	true
no-cq	fixtures/mutants/rebench-rust_codecontests.C02--hole-obligation-0.sexp	rebench-rust_codecontests.C02	open-obligations	hole-obligation	reject-IncompleteArgument	reject-IncompleteArgument	accept-justified	true
no-cq	fixtures/mutants/rebench-triton_cumsum.C09--hole-obligation-0.sexp	rebench-triton_cumsum.C09	open-obligations	hole-obligation	reject-IncompleteArgument	reject-IncompleteArgument	accept-defeated	true
no-cq	fixtures/mutants/bam.C05--wrong-discharge-0.sexp	bam.C05	open-obligations	wrong-discharge	reject-R6	reject-R6	reject-R6	false
no-cq	fixtures/mutants/fre.C01--wrong-discharge-0.sexp	fre.C01	open-obligations	wrong-discharge	reject-R6	reject-R6	reject-R6	false
no-cq	fixtures/mutants/fre.C04--wrong-discharge-0.sexp	fre.C04	open-obligations	wrong-discharge	reject-R6	reject-R6	reject-R6	false
no-cq	fixtures/mutants/pinn.C01--wrong-discharge-0.sexp	pinn.C01	open-obligations	wrong-discharge	reject-R6	reject-R6	reject-R6	false
no-cq	fixtures/mutants/rice.C01--wrong-discharge-0.sexp	rice.C01	open-obligations	wrong-discharge	reject-R6	reject-R6	reject-R6	false
no-cq	fixtures/mutants/sample-specific-masks.C05--wrong-discharge-0.sexp	sample-specific-masks.C05	open-obligations	wrong-discharge	reject-R6	reject-R6	reject-R6	false
no-cq	fixtures/mutants/sample-specific-masks.C06--wrong-discharge-0.sexp	sample-specific-masks.C06	open-obligations	wrong-discharge	reject-R6	reject-R6	reject-R6	false
no-cq	fixtures/mutants/self-composing-policies.C01--wrong-discharge-0.sexp	self-composing-policies.C01	open-obligations	wrong-discharge	reject-R6	reject-R6	reject-R6	false
no-cq	fixtures/mutants/test-time-model-adaptation.C04--wrong-discharge-0.sexp	test-time-model-adaptation.C04	open-obligations	wrong-discharge	reject-R6	reject-R6	reject-R6	false
no-cq	fixtures/mutants/rebench-restricted_mlm.C14--wrong-discharge-0.sexp	rebench-restricted_mlm.C14	open-obligations	wrong-discharge	reject-R6	reject-R6	reject-R6	false
no-cq	fixtures/mutants/rebench-rust_codecontests.C02--wrong-discharge-0.sexp	rebench-rust_codecontests.C02	open-obligations	wrong-discharge	reject-R6	reject-R6	reject-R6	false
no-cq	fixtures/mutants/rebench-triton_cumsum.C09--wrong-discharge-0.sexp	rebench-triton_cumsum.C09	open-obligations	wrong-discharge	reject-R6	reject-R6	reject-R6	false
no-cq	fixtures/mutants/bam.C05--trusted-assurance-0.sexp	bam.C05	certificate-tampering	trusted-assurance	reject-R7	reject-R7	reject-R7	false
no-cq	fixtures/mutants/fre.C01--trusted-assurance-0.sexp	fre.C01	certificate-tampering	trusted-assurance	reject-R7	reject-R7	reject-R7	false
no-cq	fixtures/mutants/fre.C04--trusted-assurance-0.sexp	fre.C04	certificate-tampering	trusted-assurance	reject-R7	reject-R7	reject-R7	false
no-cq	fixtures/mutants/pinn.C01--trusted-assurance-0.sexp	pinn.C01	certificate-tampering	trusted-assurance	reject-R7	reject-R7	reject-R7	false
no-cq	fixtures/mutants/rice.C01--trusted-assurance-0.sexp	rice.C01	certificate-tampering	trusted-assurance	reject-R7	reject-R7	reject-R7	false
no-cq	fixtures/mutants/sample-specific-masks.C05--trusted-assurance-0.sexp	sample-specific-masks.C05	certificate-tampering	trusted-assurance	reject-R7	reject-R7	reject-R7	false
no-cq	fixtures/mutants/sample-specific-masks.C06--trusted-assurance-0.sexp	sample-specific-masks.C06	certificate-tampering	trusted-assurance	reject-R7	reject-R7	reject-R7	false
no-cq	fixtures/mutants/self-composing-policies.C01--trusted-assurance-0.sexp	self-composing-policies.C01	certificate-tampering	trusted-assurance	reject-R7	reject-R7	reject-R7	false
no-cq	fixtures/mutants/test-time-model-adaptation.C04--trusted-assurance-0.sexp	test-time-model-adaptation.C04	certificate-tampering	trusted-assurance	reject-R7	reject-R7	reject-R7	false
no-cq	fixtures/mutants/rebench-restricted_mlm.C14--trusted-assurance-0.sexp	rebench-restricted_mlm.C14	certificate-tampering	trusted-assurance	reject-R7	reject-R7	reject-R7	false
no-cq	fixtures/mutants/rebench-rust_codecontests.C02--trusted-assurance-0.sexp	rebench-rust_codecontests.C02	certificate-tampering	trusted-assurance	reject-R7	reject-R7	reject-R7	false
no-cq	fixtures/mutants/rebench-triton_cumsum.C09--trusted-assurance-0.sexp	rebench-triton_cumsum.C09	certificate-tampering	trusted-assurance	reject-R7	reject-R7	reject-R7	false
no-cq	fixtures/mutants/adaptive-pruning.C04--cert-theory-swap-0.sexp	adaptive-pruning.C04	certificate-tampering	cert-theory-swap	reject-R7	reject-R7	reject-R7	false
no-cq	fixtures/mutants/adaptive-pruning.C04--cert-payload-tamper-0.sexp	adaptive-pruning.C04	certificate-tampering	cert-payload-tamper	reject-R13	reject-R13	reject-R13	false
no-cq	fixtures/mutants/adaptive-pruning.C04--cert-wrong-fraction-0.sexp	adaptive-pruning.C04	certificate-tampering	cert-wrong-fraction	reject-R13	reject-R13	reject-R13	false
no-cq	fixtures/mutants/fre.C04--bad-attack-position-0.sexp	fre.C04	bad-attack-targets	bad-attack-position	reject-R10	reject-R10	reject-R10	false
no-cq	fixtures/mutants/test-time-model-adaptation.C04--bad-attack-position-0.sexp	test-time-model-adaptation.C04	bad-attack-targets	bad-attack-position	reject-R10	reject-R10	reject-R10	false
no-cq	fixtures/mutants/rebench-triton_cumsum.C09--bad-attack-position-0.sexp	rebench-triton_cumsum.C09	bad-attack-targets	bad-attack-position	reject-R10	reject-R10	reject-R10	false
no-cq	fixtures/mutants/rebench-restricted_mlm.C14--unlicensed-attack-0.sexp	rebench-restricted_mlm.C14	bad-attack-targets	unlicensed-attack	reject-R11	reject-R11	reject-R11	false
no-cq	fixtures/mutants/bam.C05--unlicensed-attack-0.sexp	bam.C05	bad-attack-targets	unlicensed-attack	reject-R11	reject-R11	reject-R11	false
no-cq	fixtures/mutants/pinn.C01--unlicensed-attack-0.sexp	pinn.C01	bad-attack-targets	unlicensed-attack	reject-R11	reject-R11	reject-R11	false
no-cq	fixtures/mutants/test-time-model-adaptation.C04--unlicensed-attack-0.sexp	test-time-model-adaptation.C04	bad-attack-targets	unlicensed-attack	reject-R11	reject-R11	reject-R11	false
no-cq	fixtures/mutants/fre.C04--unlicensed-attack-0.sexp	fre.C04	bad-attack-targets	unlicensed-attack	reject-R11	reject-R11	reject-R11	false
no-cq	fixtures/mutants/sample-specific-masks.C05--unlicensed-attack-0.sexp	sample-specific-masks.C05	bad-attack-targets	unlicensed-attack	reject-R11	reject-R11	reject-R11	false
no-cq	fixtures/mutants/fre.C01--unlicensed-attack-0.sexp	fre.C01	bad-attack-targets	unlicensed-attack	reject-R11	reject-R11	reject-R11	false
no-cq	fixtures/mutants/rebench-triton_cumsum.C09--unlicensed-attack-0.sexp	rebench-triton_cumsum.C09	bad-attack-targets	unlicensed-attack	reject-R11	reject-R11	reject-R11	false
no-cq	fixtures/mutants/adaptive-pruning.C04--unlicensed-attack-0.sexp	adaptive-pruning.C04	bad-attack-targets	unlicensed-attack	reject-R11	reject-R11	reject-R11	false
no-cq	fixtures/mutants/rebench-rust_codecontests.C02--unlicensed-attack-0.sexp	rebench-rust_codecontests.C02	bad-attack-targets	unlicensed-attack	reject-R11	reject-R11	reject-R11	false
no-cq	fixtures/mutants/rice.C01--unlicensed-attack-0.sexp	rice.C01	bad-attack-targets	unlicensed-attack	reject-R11	reject-R11	reject-R11	false
no-cq	fixtures/mutants/self-composing-policies.C01--unlicensed-attack-0.sexp	self-composing-policies.C01	bad-attack-targets	unlicensed-attack	reject-R11	reject-R11	reject-R11	false
no-cq	fixtures/mutants/stay-on-topic-with-classifier-free-guidance.C05--group-conflict-0.sexp	stay-on-topic-with-classifier-free-guidance.C05	data-integrity	group-conflict	reject-R9	reject-R9	reject-R9	false
no-cq	fixtures/mutants/mechanistic-understanding.C04--group-conflict-0.sexp	mechanistic-understanding.C04	data-integrity	group-conflict	reject-R9	reject-R9	reject-R9	false
no-cq	fixtures/mutants/bbox.C06--group-conflict-0.sexp	bbox.C06	data-integrity	group-conflict	reject-R9	reject-R9	reject-R9	false
no-cq	fixtures/mutants/stochastic-interpolants.C01--group-conflict-0.sexp	stochastic-interpolants.C01	data-integrity	group-conflict	reject-R9	reject-R9	reject-R9	false
no-cq	fixtures/mutants/stay-on-topic-with-classifier-free-guidance.C06--group-conflict-0.sexp	stay-on-topic-with-classifier-free-guidance.C06	data-integrity	group-conflict	reject-R9	reject-R9	reject-R9	false
no-cq	fixtures/mutants/self-composing-policies.C04--group-conflict-0.sexp	self-composing-policies.C04	data-integrity	group-conflict	reject-R9	reject-R9	reject-R9	false
no-cq	fixtures/mutants/rebench-rust_codecontests.C02--group-conflict-0.sexp	rebench-rust_codecontests.C02	data-integrity	group-conflict	reject-R9	reject-R9	reject-R9	false
no-cq	fixtures/mutants/pinn.C03--group-conflict-0.sexp	pinn.C03	data-integrity	group-conflict	reject-R9	reject-R9	reject-R9	false
no-cq	fixtures/mutants/self-expansion.C04--group-conflict-0.sexp	self-expansion.C04	data-integrity	group-conflict	reject-R9	reject-R9	reject-R9	false
no-cq	fixtures/mutants/all-in-one.C03--group-conflict-0.sexp	all-in-one.C03	data-integrity	group-conflict	reject-R9	reject-R9	reject-R9	false
no-cq	fixtures/mutants/all-in-one.C06--group-conflict-0.sexp	all-in-one.C06	data-integrity	group-conflict	reject-R9	reject-R9	reject-R9	false
no-cq	fixtures/mutants/mechanistic-understanding.C02--group-conflict-0.sexp	mechanistic-understanding.C02	data-integrity	group-conflict	reject-R9	reject-R9	reject-R9	false
no-cq	fixtures/mutants/rebench-rust_codecontests.C02--retract-rule-0.sexp	rebench-rust_codecontests.C02	localization	retract-rule	reject-R1	reject-R1	reject-R1	false
no-cq	fixtures/mutants/self-composing-policies.C01--retract-rule-0.sexp	self-composing-policies.C01	localization	retract-rule	reject-R1	reject-R1	reject-R1	false
no-cq	fixtures/mutants/adaptive-pruning.C04--retract-rule-0.sexp	adaptive-pruning.C04	localization	retract-rule	reject-R1	reject-R1	reject-R1	false
no-cq	fixtures/mutants/rice.C01--retract-rule-0.sexp	rice.C01	localization	retract-rule	reject-R1	reject-R1	reject-R1	false
no-cq	fixtures/mutants/test-time-model-adaptation.C04--retract-rule-0.sexp	test-time-model-adaptation.C04	localization	retract-rule	reject-R1	reject-R1	reject-R1	false
no-cq	fixtures/mutants/fre.C04--retract-rule-0.sexp	fre.C04	localization	retract-rule	reject-R1	reject-R1	reject-R1	false
no-cq	fixtures/mutants/sample-specific-masks.C05--retract-rule-0.sexp	sample-specific-masks.C05	localization	retract-rule	reject-R1	reject-R1	reject-R1	false
no-cq	fixtures/mutants/fre.C01--retract-rule-0.sexp	fre.C01	localization	retract-rule	reject-R1	reject-R1	reject-R1	false
no-cq	fixtures/mutants/sample-specific-masks.C06--retract-rule-0.sexp	sample-specific-masks.C06	localization	retract-rule	reject-R1	reject-R1	reject-R1	false
no-cq	fixtures/mutants/rebench-triton_cumsum.C09--retract-rule-0.sexp	rebench-triton_cumsum.C09	localization	retract-rule	reject-R1	reject-R1	reject-R1	false
no-cq	fixtures/mutants/pinn.C01--retract-rule-0.sexp	pinn.C01	localization	retract-rule	reject-R1	reject-R1	reject-R1	false
no-cq	fixtures/mutants/bam.C05--retract-rule-0.sexp	bam.C05	localization	retract-rule	reject-R1	reject-R1	reject-R1	false
no-cq	fixtures/mutants/fre.C04--cross-stage-defect-0.sexp	fre.C04	localization	cross-stage-defect	reject-R4	reject-R4	reject-R4	false
no-cq	fixtures/mutants/test-time-model-adaptation.C04--cross-stage-defect-0.sexp	test-time-model-adaptation.C04	localization	cross-stage-defect	reject-R4	reject-R4	reject-R4	false
no-cq	fixtures/mutants/rebench-triton_cumsum.C09--cross-stage-defect-0.sexp	rebench-triton_cumsum.C09	localization	cross-stage-defect	reject-R4	reject-R4	reject-R4	false
no-cq	fixtures/mutants/semantic-self-consistency.C03--undeclared-pred-0.sexp	semantic-self-consistency.C03	signature	undeclared-pred	reject-R2	reject-R2	reject-R2	false
no-cq	fixtures/mutants/robust-clip.C07--undeclared-pred-0.sexp	robust-clip.C07	signature	undeclared-pred	reject-R2	reject-R2	reject-R2	false
no-cq	fixtures/mutants/adaptive-pruning.C03--undeclared-pred-0.sexp	adaptive-pruning.C03	signature	undeclared-pred	reject-R2	reject-R2	reject-R2	false
no-cq	fixtures/mutants/stochastic-interpolants.C03--undeclared-pred-0.sexp	stochastic-interpolants.C03	signature	undeclared-pred	reject-R2	reject-R2	reject-R2	false
no-cq	fixtures/mutants/robust-clip.C02--undeclared-pred-0.sexp	robust-clip.C02	signature	undeclared-pred	reject-R2	reject-R2	reject-R2	false
no-cq	fixtures/mutants/stay-on-topic-with-classifier-free-guidance.C02--undeclared-pred-0.sexp	stay-on-topic-with-classifier-free-guidance.C02	signature	undeclared-pred	reject-R2	reject-R2	reject-R2	false
no-cq	fixtures/mutants/sample-specific-masks.C05--undeclared-pred-0.sexp	sample-specific-masks.C05	signature	undeclared-pred	reject-R2	reject-R2	reject-R2	false
no-cq	fixtures/mutants/mechanistic-understanding.C04--undeclared-pred-0.sexp	mechanistic-understanding.C04	signature	undeclared-pred	reject-R2	reject-R2	reject-R2	false
no-cq	fixtures/mutants/sapg.C01--undeclared-pred-0.sexp	sapg.C01	signature	undeclared-pred	reject-R2	reject-R2	reject-R2	false
no-cq	fixtures/mutants/bbox.C05--undeclared-pred-0.sexp	bbox.C05	signature	undeclared-pred	reject-R2	reject-R2	reject-R2	false
no-cq	fixtures/mutants/self-expansion.C03--undeclared-pred-0.sexp	self-expansion.C03	signature	undeclared-pred	reject-R2	reject-R2	reject-R2	false
no-cq	fixtures/mutants/mechanistic-understanding.C02--undeclared-pred-0.sexp	mechanistic-understanding.C02	signature	undeclared-pred	reject-R2	reject-R2	reject-R2	false
no-cq	fixtures/mutants/stay-on-topic-with-classifier-free-guidance.C05--wrong-pred-arity-0.sexp	stay-on-topic-with-classifier-free-guidance.C05	signature	wrong-pred-arity	reject-R2	reject-R2	reject-R2	false
no-cq	fixtures/mutants/bridging-data-gaps.C05--wrong-pred-arity-0.sexp	bridging-data-gaps.C05	signature	wrong-pred-arity	reject-R2	reject-R2	reject-R2	false
no-cq	fixtures/mutants/adaptive-pruning.C04--wrong-pred-arity-0.sexp	adaptive-pruning.C04	signature	wrong-pred-arity	reject-R2	reject-R2	reject-R2	false
no-cq	fixtures/mutants/stay-on-topic-with-classifier-free-guidance.C06--wrong-pred-arity-0.sexp	stay-on-topic-with-classifier-free-guidance.C06	signature	wrong-pred-arity	reject-R2	reject-R2	reject-R2	false
no-cq	fixtures/mutants/adaptive-pruning.C03--wrong-pred-arity-0.sexp	adaptive-pruning.C03	signature	wrong-pred-arity	reject-R2	reject-R2	reject-R2	false
no-cq	fixtures/mutants/semantic-self-consistency.C06--wrong-pred-arity-0.sexp	semantic-self-consistency.C06	signature	wrong-pred-arity	reject-R2	reject-R2	reject-R2	false
no-cq	fixtures/mutants/rebench-fix_embedding.C12--wrong-pred-arity-0.sexp	rebench-fix_embedding.C12	signature	wrong-pred-arity	reject-R2	reject-R2	reject-R2	false
no-cq	fixtures/mutants/all-in-one.C05--wrong-pred-arity-0.sexp	all-in-one.C05	signature	wrong-pred-arity	reject-R2	reject-R2	reject-R2	false
no-cq	fixtures/mutants/bbox.C05--wrong-pred-arity-0.sexp	bbox.C05	signature	wrong-pred-arity	reject-R2	reject-R2	reject-R2	false
no-cq	fixtures/mutants/all-in-one.C03--wrong-pred-arity-0.sexp	all-in-one.C03	signature	wrong-pred-arity	reject-R2	reject-R2	reject-R2	false
no-cq	fixtures/mutants/pinn.C03--wrong-pred-arity-0.sexp	pinn.C03	signature	wrong-pred-arity	reject-R2	reject-R2	reject-R2	false
no-cq	fixtures/mutants/test-time-model-adaptation.C05--wrong-pred-arity-0.sexp	test-time-model-adaptation.C05	signature	wrong-pred-arity	reject-R2	reject-R2	reject-R2	false
no-cq	fixtures/mutants/stay-on-topic-with-classifier-free-guidance.C06--wrong-arg-sort-0.sexp	stay-on-topic-with-classifier-free-guidance.C06	signature	wrong-arg-sort	reject-R2	reject-R2	reject-R2	false
no-cq	fixtures/mutants/sapg.C06--wrong-arg-sort-0.sexp	sapg.C06	signature	wrong-arg-sort	reject-R2	reject-R2	reject-R2	false
no-cq	fixtures/mutants/robust-clip.C02--wrong-arg-sort-0.sexp	robust-clip.C02	signature	wrong-arg-sort	reject-R2	reject-R2	reject-R2	false
no-cq	fixtures/mutants/semantic-self-consistency.C03--wrong-arg-sort-0.sexp	semantic-self-consistency.C03	signature	wrong-arg-sort	reject-R2	reject-R2	reject-R2	false
no-cq	fixtures/mutants/bbox.C02--wrong-arg-sort-0.sexp	bbox.C02	signature	wrong-arg-sort	reject-R2	reject-R2	reject-R2	false
no-cq	fixtures/mutants/self-composing-policies.C04--wrong-arg-sort-0.sexp	self-composing-policies.C04	signature	wrong-arg-sort	reject-R2	reject-R2	reject-R2	false
no-cq	fixtures/mutants/bbox.C04--wrong-arg-sort-0.sexp	bbox.C04	signature	wrong-arg-sort	reject-R2	reject-R2	reject-R2	false
no-cq	fixtures/mutants/bam.C06--wrong-arg-sort-0.sexp	bam.C06	signature	wrong-arg-sort	reject-R2	reject-R2	reject-R2	false
no-cq	fixtures/mutants/bridging-data-gaps.C03--wrong-arg-sort-0.sexp	bridging-data-gaps.C03	signature	wrong-arg-sort	reject-R2	reject-R2	reject-R2	false
no-cq	fixtures/mutants/test-time-model-adaptation.C04--wrong-arg-sort-0.sexp	test-time-model-adaptation.C04	signature	wrong-arg-sort	reject-R2	reject-R2	reject-R2	false
no-cq	fixtures/mutants/all-in-one.C01--wrong-arg-sort-0.sexp	all-in-one.C01	signature	wrong-arg-sort	reject-R2	reject-R2	reject-R2	false
no-cq	fixtures/mutants/stay-on-topic-with-classifier-free-guidance.C05--wrong-arg-sort-0.sexp	stay-on-topic-with-classifier-free-guidance.C05	signature	wrong-arg-sort	reject-R2	reject-R2	reject-R2	false
no-cq	fixtures/mutants/sample-specific-masks.C06--undeclared-con-0.sexp	sample-specific-masks.C06	signature	undeclared-con	reject-R2	reject-R2	reject-R2	false
no-cq	fixtures/mutants/rice.C01--undeclared-con-0.sexp	rice.C01	signature	undeclared-con	reject-R2	reject-R2	reject-R2	false
no-cq	fixtures/mutants/sequential-neural-score-estimation.C04--undeclared-con-0.sexp	sequential-neural-score-estimation.C04	signature	undeclared-con	reject-R2	reject-R2	reject-R2	false
no-cq	fixtures/mutants/bridging-data-gaps.C03--undeclared-con-0.sexp	bridging-data-gaps.C03	signature	undeclared-con	reject-R2	reject-R2	reject-R2	false
no-cq	fixtures/mutants/fre.C03--undeclared-con-0.sexp	fre.C03	signature	undeclared-con	reject-R2	reject-R2	reject-R2	false
no-cq	fixtures/mutants/pinn.C05--undeclared-con-0.sexp	pinn.C05	signature	undeclared-con	reject-R2	reject-R2	reject-R2	false
no-cq	fixtures/mutants/rebench-restricted_mlm.C14--undeclared-con-0.sexp	rebench-restricted_mlm.C14	signature	undeclared-con	reject-R2	reject-R2	reject-R2	false
no-cq	fixtures/mutants/fre.C04--undeclared-con-0.sexp	fre.C04	signature	undeclared-con	reject-R2	reject-R2	reject-R2	false
no-cq	fixtures/mutants/bbox.C06--undeclared-con-0.sexp	bbox.C06	signature	undeclared-con	reject-R2	reject-R2	reject-R2	false
no-cq	fixtures/mutants/bam.C05--undeclared-con-0.sexp	bam.C05	signature	undeclared-con	reject-R2	reject-R2	reject-R2	false
no-cq	fixtures/mutants/all-in-one.C06--undeclared-con-0.sexp	all-in-one.C06	signature	undeclared-con	reject-R2	reject-R2	reject-R2	false
no-cq	fixtures/mutants/self-composing-policies.C04--undeclared-con-0.sexp	self-composing-policies.C04	signature	undeclared-con	reject-R2	reject-R2	reject-R2	false
no-cq	fixtures/mutants/rebench-triton_cumsum.C09--wrong-theta-sort-0.sexp	rebench-triton_cumsum.C09	signature	wrong-theta-sort	reject-R2	reject-R2	reject-R2	false
no-cq	fixtures/mutants/pinn.C01--wrong-theta-sort-0.sexp	pinn.C01	signature	wrong-theta-sort	reject-R2	reject-R2	reject-R2	false
no-cq	fixtures/mutants/rebench-restricted_mlm.C14--wrong-theta-sort-0.sexp	rebench-restricted_mlm.C14	signature	wrong-theta-sort	reject-R2	reject-R2	reject-R2	false
no-cq	fixtures/mutants/fre.C01--wrong-theta-sort-0.sexp	fre.C01	signature	wrong-theta-sort	reject-R2	reject-R2	reject-R2	false
no-cq	fixtures/mutants/rice.C01--wrong-theta-sort-0.sexp	rice.C01	signature	wrong-theta-sort	reject-R2	reject-R2	reject-R2	false
no-cq	fixtures/mutants/sample-specific-masks.C06--wrong-theta-sort-0.sexp	sample-specific-masks.C06	signature	wrong-theta-sort	reject-R2	reject-R2	reject-R2	false
no-cq	fixtures/mutants/sample-specific-masks.C05--wrong-theta-sort-0.sexp	sample-specific-masks.C05	signature	wrong-theta-sort	reject-R2	reject-R2	reject-R2	false
no-cq	fixtures/mutants/test-time-model-adaptation.C04--wrong-theta-sort-0.sexp	test-time-model-adaptation.C04	signature	wrong-theta-sort	reject-R2	reject-R2	reject-R2	false
no-cq	fixtures/mutants/adaptive-pruning.C04--wrong-theta-sort-0.sexp	adaptive-pruning.C04	signature	wrong-theta-sort	reject-R2	reject-R2	reject-R2	false
no-cq	fixtures/mutants/bam.C05--wrong-theta-sort-0.sexp	bam.C05	signature	wrong-theta-sort	reject-R2	reject-R2	reject-R2	false
no-cq	fixtures/mutants/fre.C04--wrong-theta-sort-0.sexp	fre.C04	signature	wrong-theta-sort	reject-R2	reject-R2	reject-R2	false
no-cq	fixtures/mutants/rebench-rust_codecontests.C02--wrong-theta-sort-0.sexp	rebench-rust_codecontests.C02	signature	wrong-theta-sort	reject-R2	reject-R2	reject-R2	false
no-cq	fixtures/mutants/self-expansion.C04--out-of-scope-var-0.sexp	self-expansion.C04	hidden-policy-extension	out-of-scope-var	reject-R12	reject-R12	reject-R12	false
no-cq	fixtures/mutants/robust-clip.C03--out-of-scope-var-0.sexp	robust-clip.C03	hidden-policy-extension	out-of-scope-var	reject-R12	reject-R12	reject-R12	false
no-cq	fixtures/mutants/robust-clip.C07--out-of-scope-var-0.sexp	robust-clip.C07	hidden-policy-extension	out-of-scope-var	reject-R12	reject-R12	reject-R12	false
no-cq	fixtures/mutants/sapg.C06--out-of-scope-var-0.sexp	sapg.C06	hidden-policy-extension	out-of-scope-var	reject-R12	reject-R12	reject-R12	false
no-cq	fixtures/mutants/self-composing-policies.C01--out-of-scope-var-0.sexp	self-composing-policies.C01	hidden-policy-extension	out-of-scope-var	reject-R12	reject-R12	reject-R12	false
no-cq	fixtures/mutants/mechanistic-understanding.C02--out-of-scope-var-0.sexp	mechanistic-understanding.C02	hidden-policy-extension	out-of-scope-var	reject-R12	reject-R12	reject-R12	false
no-cq	fixtures/mutants/rebench-rust_codecontests.C02--out-of-scope-var-0.sexp	rebench-rust_codecontests.C02	hidden-policy-extension	out-of-scope-var	reject-R12	reject-R12	reject-R12	false
no-cq	fixtures/mutants/test-time-model-adaptation.C05--out-of-scope-var-0.sexp	test-time-model-adaptation.C05	hidden-policy-extension	out-of-scope-var	reject-R12	reject-R12	reject-R12	false
no-cq	fixtures/mutants/lbcs.C03--out-of-scope-var-0.sexp	lbcs.C03	hidden-policy-extension	out-of-scope-var	reject-R12	reject-R12	reject-R12	false
no-cq	fixtures/mutants/bam.C06--out-of-scope-var-0.sexp	bam.C06	hidden-policy-extension	out-of-scope-var	reject-R12	reject-R12	reject-R12	false
no-cq	fixtures/mutants/self-composing-policies.C04--out-of-scope-var-0.sexp	self-composing-policies.C04	hidden-policy-extension	out-of-scope-var	reject-R12	reject-R12	reject-R12	false
no-cq	fixtures/mutants/all-in-one.C06--out-of-scope-var-0.sexp	all-in-one.C06	hidden-policy-extension	out-of-scope-var	reject-R12	reject-R12	reject-R12	false
no-cq	fixtures/mutants/sapg.C06--duplicate-backend-0.sexp	sapg.C06	certificate-tampering	duplicate-backend	reject-R13	reject-R13	reject-R13	false
no-cq	fixtures/mutants/semantic-self-consistency.C03--duplicate-backend-0.sexp	semantic-self-consistency.C03	certificate-tampering	duplicate-backend	reject-R13	reject-R13	reject-R13	false
no-cq	fixtures/mutants/self-expansion.C04--duplicate-backend-0.sexp	self-expansion.C04	certificate-tampering	duplicate-backend	reject-R13	reject-R13	reject-R13	false
no-cq	fixtures/mutants/all-in-one.C01--duplicate-backend-0.sexp	all-in-one.C01	certificate-tampering	duplicate-backend	reject-R13	reject-R13	reject-R13	false
no-cq	fixtures/mutants/adaptive-pruning.C03--duplicate-backend-0.sexp	adaptive-pruning.C03	certificate-tampering	duplicate-backend	reject-R13	reject-R13	reject-R13	false
no-cq	fixtures/mutants/stochastic-interpolants.C01--duplicate-backend-0.sexp	stochastic-interpolants.C01	certificate-tampering	duplicate-backend	reject-R13	reject-R13	reject-R13	false
no-cq	fixtures/mutants/pinn.C01--duplicate-backend-0.sexp	pinn.C01	certificate-tampering	duplicate-backend	reject-R13	reject-R13	reject-R13	false
no-cq	fixtures/mutants/bbox.C04--duplicate-backend-0.sexp	bbox.C04	certificate-tampering	duplicate-backend	reject-R13	reject-R13	reject-R13	false
no-cq	fixtures/mutants/all-in-one.C05--duplicate-backend-0.sexp	all-in-one.C05	certificate-tampering	duplicate-backend	reject-R13	reject-R13	reject-R13	false
no-cq	fixtures/mutants/fre.C04--duplicate-backend-0.sexp	fre.C04	certificate-tampering	duplicate-backend	reject-R13	reject-R13	reject-R13	false
no-cq	fixtures/mutants/sapg.C02--duplicate-backend-0.sexp	sapg.C02	certificate-tampering	duplicate-backend	reject-R13	reject-R13	reject-R13	false
no-cq	fixtures/mutants/stay-on-topic-with-classifier-free-guidance.C05--duplicate-backend-0.sexp	stay-on-topic-with-classifier-free-guidance.C05	certificate-tampering	duplicate-backend	reject-R13	reject-R13	reject-R13	false
no-cq	fixtures/mutants/pinn.C03--unknown-backend-0.sexp	pinn.C03	certificate-tampering	unknown-backend	reject-R13	reject-R13	reject-R13	false
no-cq	fixtures/mutants/bbox.C05--unknown-backend-0.sexp	bbox.C05	certificate-tampering	unknown-backend	reject-R13	reject-R13	reject-R13	false
no-cq	fixtures/mutants/rebench-restricted_mlm.C14--unknown-backend-0.sexp	rebench-restricted_mlm.C14	certificate-tampering	unknown-backend	reject-R13	reject-R13	reject-R13	false
no-cq	fixtures/mutants/rebench-rust_codecontests.C09--unknown-backend-0.sexp	rebench-rust_codecontests.C09	certificate-tampering	unknown-backend	reject-R13	reject-R13	reject-R13	false
no-cq	fixtures/mutants/lbcs.C05--unknown-backend-0.sexp	lbcs.C05	certificate-tampering	unknown-backend	reject-R13	reject-R13	reject-R13	false
no-cq	fixtures/mutants/pinn.C05--unknown-backend-0.sexp	pinn.C05	certificate-tampering	unknown-backend	reject-R13	reject-R13	reject-R13	false
no-cq	fixtures/mutants/bridging-data-gaps.C05--unknown-backend-0.sexp	bridging-data-gaps.C05	certificate-tampering	unknown-backend	reject-R13	reject-R13	reject-R13	false
no-cq	fixtures/mutants/all-in-one.C03--unknown-backend-0.sexp	all-in-one.C03	certificate-tampering	unknown-backend	reject-R13	reject-R13	reject-R13	false
no-cq	fixtures/mutants/semantic-self-consistency.C05--unknown-backend-0.sexp	semantic-self-consistency.C05	certificate-tampering	unknown-backend	reject-R13	reject-R13	reject-R13	false
no-cq	fixtures/mutants/adaptive-pruning.C03--unknown-backend-0.sexp	adaptive-pruning.C03	certificate-tampering	unknown-backend	reject-R13	reject-R13	reject-R13	false
no-cq	fixtures/mutants/ftrl.C01--unknown-backend-0.sexp	ftrl.C01	certificate-tampering	unknown-backend	reject-R13	reject-R13	reject-R13	false
no-cq	fixtures/mutants/sapg.C06--unknown-backend-0.sexp	sapg.C06	certificate-tampering	unknown-backend	reject-R13	reject-R13	reject-R13	false
no-cq	fixtures/mutants/bam.C05--drop-support-0.sexp	bam.C05	accept-verdict	drop-support	accept-gap	accept-gap	accept-gap	false
no-cq	fixtures/mutants/bam.C05--attach-undercut-0.sexp	bam.C05	accept-verdict	attach-undercut	accept-defeated	accept-defeated	accept-defeated	false
no-cq	fixtures/mutants/bam.C05--quarantine-attacker-0.sexp	bam.C05	accept-verdict	quarantine-attacker	accept-evidence-blocked	accept-evidence-blocked	accept-evidence-blocked	false
no-cq	fixtures/mutants/bam.C05--attach-rebut-cycle-0.sexp	bam.C05	accept-verdict	attach-rebut-cycle	accept-contested	accept-all-contested	accept-all-contested	false
no-cq	fixtures/mutants/bam.C05--attach-undermine-0.sexp	bam.C05	accept-verdict	attach-undermine	accept-defeated	accept-defeated	accept-defeated	false
no-cq	fixtures/mutants/bam.C05--attach-reinstate-0.sexp	bam.C05	accept-verdict	attach-reinstate	accept-justified	accept-justified	accept-justified	false
no-cq	fixtures/mutants/fre.C01--drop-support-0.sexp	fre.C01	accept-verdict	drop-support	accept-gap	accept-gap	accept-gap	false
no-cq	fixtures/mutants/fre.C01--attach-undercut-0.sexp	fre.C01	accept-verdict	attach-undercut	accept-defeated	accept-defeated	accept-defeated	false
no-cq	fixtures/mutants/fre.C01--quarantine-attacker-0.sexp	fre.C01	accept-verdict	quarantine-attacker	accept-evidence-blocked	accept-evidence-blocked	accept-evidence-blocked	false
no-cq	fixtures/mutants/fre.C01--attach-rebut-cycle-0.sexp	fre.C01	accept-verdict	attach-rebut-cycle	accept-contested	accept-all-contested	accept-all-contested	false
no-cq	fixtures/mutants/fre.C01--attach-undermine-0.sexp	fre.C01	accept-verdict	attach-undermine	accept-defeated	accept-defeated	accept-defeated	false
no-cq	fixtures/mutants/fre.C01--attach-reinstate-0.sexp	fre.C01	accept-verdict	attach-reinstate	accept-justified	accept-justified	accept-justified	false
no-cq	fixtures/mutants/pinn.C01--drop-support-0.sexp	pinn.C01	accept-verdict	drop-support	accept-gap	accept-gap	accept-gap	false
no-cq	fixtures/mutants/pinn.C01--attach-undercut-0.sexp	pinn.C01	accept-verdict	attach-undercut	accept-defeated	accept-defeated	accept-defeated	false
no-cq	fixtures/mutants/pinn.C01--quarantine-attacker-0.sexp	pinn.C01	accept-verdict	quarantine-attacker	accept-evidence-blocked	accept-evidence-blocked	accept-evidence-blocked	false
no-cq	fixtures/mutants/pinn.C01--attach-rebut-cycle-0.sexp	pinn.C01	accept-verdict	attach-rebut-cycle	accept-contested	accept-all-contested	accept-all-contested	false
no-cq	fixtures/mutants/pinn.C01--attach-undermine-0.sexp	pinn.C01	accept-verdict	attach-undermine	accept-defeated	accept-defeated	accept-defeated	false
no-cq	fixtures/mutants/pinn.C01--attach-reinstate-0.sexp	pinn.C01	accept-verdict	attach-reinstate	accept-justified	accept-justified	accept-justified	false
no-cq	fixtures/mutants/rice.C01--drop-support-0.sexp	rice.C01	accept-verdict	drop-support	accept-gap	accept-gap	accept-gap	false
no-cq	fixtures/mutants/rice.C01--attach-undercut-0.sexp	rice.C01	accept-verdict	attach-undercut	accept-defeated	accept-defeated	accept-defeated	false
no-cq	fixtures/mutants/rice.C01--quarantine-attacker-0.sexp	rice.C01	accept-verdict	quarantine-attacker	accept-evidence-blocked	accept-evidence-blocked	accept-evidence-blocked	false
no-cq	fixtures/mutants/rice.C01--attach-rebut-cycle-0.sexp	rice.C01	accept-verdict	attach-rebut-cycle	accept-contested	accept-all-contested	accept-all-contested	false
no-cq	fixtures/mutants/rice.C01--attach-undermine-0.sexp	rice.C01	accept-verdict	attach-undermine	accept-defeated	accept-defeated	accept-defeated	false
no-cq	fixtures/mutants/rice.C01--attach-reinstate-0.sexp	rice.C01	accept-verdict	attach-reinstate	accept-justified	accept-justified	accept-justified	false
no-cq	fixtures/mutants/sample-specific-masks.C05--drop-support-0.sexp	sample-specific-masks.C05	accept-verdict	drop-support	accept-gap	accept-gap	accept-gap	false
no-cq	fixtures/mutants/sample-specific-masks.C05--attach-undercut-0.sexp	sample-specific-masks.C05	accept-verdict	attach-undercut	accept-defeated	accept-defeated	accept-defeated	false
no-cq	fixtures/mutants/sample-specific-masks.C05--quarantine-attacker-0.sexp	sample-specific-masks.C05	accept-verdict	quarantine-attacker	accept-evidence-blocked	accept-evidence-blocked	accept-evidence-blocked	false
no-cq	fixtures/mutants/sample-specific-masks.C05--attach-rebut-cycle-0.sexp	sample-specific-masks.C05	accept-verdict	attach-rebut-cycle	accept-contested	accept-all-contested	accept-all-contested	false
no-cq	fixtures/mutants/sample-specific-masks.C05--attach-undermine-0.sexp	sample-specific-masks.C05	accept-verdict	attach-undermine	accept-defeated	accept-defeated	accept-defeated	false
no-cq	fixtures/mutants/sample-specific-masks.C05--attach-reinstate-0.sexp	sample-specific-masks.C05	accept-verdict	attach-reinstate	accept-justified	accept-justified	accept-justified	false
no-cq	fixtures/mutants/sample-specific-masks.C06--drop-support-0.sexp	sample-specific-masks.C06	accept-verdict	drop-support	accept-gap	accept-gap	accept-gap	false
no-cq	fixtures/mutants/sample-specific-masks.C06--attach-undercut-0.sexp	sample-specific-masks.C06	accept-verdict	attach-undercut	accept-defeated	accept-defeated	accept-defeated	false
no-cq	fixtures/mutants/sample-specific-masks.C06--quarantine-attacker-0.sexp	sample-specific-masks.C06	accept-verdict	quarantine-attacker	accept-evidence-blocked	accept-evidence-blocked	accept-evidence-blocked	false
no-cq	fixtures/mutants/sample-specific-masks.C06--attach-rebut-cycle-0.sexp	sample-specific-masks.C06	accept-verdict	attach-rebut-cycle	accept-contested	accept-all-contested	accept-all-contested	false
no-cq	fixtures/mutants/sample-specific-masks.C06--attach-undermine-0.sexp	sample-specific-masks.C06	accept-verdict	attach-undermine	accept-defeated	accept-defeated	accept-defeated	false
no-cq	fixtures/mutants/sample-specific-masks.C06--attach-reinstate-0.sexp	sample-specific-masks.C06	accept-verdict	attach-reinstate	accept-justified	accept-justified	accept-justified	false
no-cq	fixtures/mutants/self-composing-policies.C01--drop-support-0.sexp	self-composing-policies.C01	accept-verdict	drop-support	accept-gap	accept-gap	accept-gap	false
no-cq	fixtures/mutants/self-composing-policies.C01--attach-undercut-0.sexp	self-composing-policies.C01	accept-verdict	attach-undercut	accept-defeated	accept-defeated	accept-defeated	false
no-cq	fixtures/mutants/self-composing-policies.C01--quarantine-attacker-0.sexp	self-composing-policies.C01	accept-verdict	quarantine-attacker	accept-evidence-blocked	accept-evidence-blocked	accept-evidence-blocked	false
no-cq	fixtures/mutants/self-composing-policies.C01--attach-rebut-cycle-0.sexp	self-composing-policies.C01	accept-verdict	attach-rebut-cycle	accept-contested	accept-all-contested	accept-all-contested	false
no-cq	fixtures/mutants/self-composing-policies.C01--attach-undermine-0.sexp	self-composing-policies.C01	accept-verdict	attach-undermine	accept-defeated	accept-defeated	accept-defeated	false
no-cq	fixtures/mutants/self-composing-policies.C01--attach-reinstate-0.sexp	self-composing-policies.C01	accept-verdict	attach-reinstate	accept-justified	accept-justified	accept-justified	false
no-cq	fixtures/mutants/rebench-restricted_mlm.C14--drop-support-0.sexp	rebench-restricted_mlm.C14	accept-verdict	drop-support	accept-gap	accept-gap	accept-gap	false
no-cq	fixtures/mutants/rebench-restricted_mlm.C14--attach-undercut-0.sexp	rebench-restricted_mlm.C14	accept-verdict	attach-undercut	accept-defeated	accept-defeated	accept-defeated	false
no-cq	fixtures/mutants/rebench-restricted_mlm.C14--quarantine-attacker-0.sexp	rebench-restricted_mlm.C14	accept-verdict	quarantine-attacker	accept-evidence-blocked	accept-evidence-blocked	accept-evidence-blocked	false
no-cq	fixtures/mutants/rebench-restricted_mlm.C14--attach-rebut-cycle-0.sexp	rebench-restricted_mlm.C14	accept-verdict	attach-rebut-cycle	accept-contested	accept-all-contested	accept-all-contested	false
no-cq	fixtures/mutants/rebench-restricted_mlm.C14--attach-undermine-0.sexp	rebench-restricted_mlm.C14	accept-verdict	attach-undermine	accept-defeated	accept-defeated	accept-defeated	false
no-cq	fixtures/mutants/rebench-restricted_mlm.C14--attach-reinstate-0.sexp	rebench-restricted_mlm.C14	accept-verdict	attach-reinstate	accept-justified	accept-justified	accept-justified	false
no-cq	fixtures/mutants/rebench-rust_codecontests.C02--drop-support-0.sexp	rebench-rust_codecontests.C02	accept-verdict	drop-support	accept-gap	accept-gap	accept-gap	false
no-cq	fixtures/mutants/rebench-rust_codecontests.C02--attach-undercut-0.sexp	rebench-rust_codecontests.C02	accept-verdict	attach-undercut	accept-defeated	accept-defeated	accept-defeated	false
no-cq	fixtures/mutants/rebench-rust_codecontests.C02--quarantine-attacker-0.sexp	rebench-rust_codecontests.C02	accept-verdict	quarantine-attacker	accept-evidence-blocked	accept-evidence-blocked	accept-evidence-blocked	false
no-cq	fixtures/mutants/rebench-rust_codecontests.C02--attach-rebut-cycle-0.sexp	rebench-rust_codecontests.C02	accept-verdict	attach-rebut-cycle	accept-contested	accept-all-contested	accept-all-contested	false
no-cq	fixtures/mutants/rebench-rust_codecontests.C02--attach-undermine-0.sexp	rebench-rust_codecontests.C02	accept-verdict	attach-undermine	accept-defeated	accept-defeated	accept-defeated	false
no-cq	fixtures/mutants/rebench-rust_codecontests.C02--attach-reinstate-0.sexp	rebench-rust_codecontests.C02	accept-verdict	attach-reinstate	accept-justified	accept-justified	accept-justified	false
no-cq	corpus-units/adaptive-pruning/C03/unit.core.sexp	adaptive-pruning.C03	paperbench	-	accept-gap	accept-gap	accept-gap	false
no-cq	corpus-units/adaptive-pruning/C04/unit.core.sexp	adaptive-pruning.C04	paperbench	-	accept-gap	accept-gap	accept-gap	false
no-cq	corpus-units/all-in-one/C01/unit.core.sexp	all-in-one.C01	paperbench	-	accept-gap	accept-gap	accept-gap	false
no-cq	corpus-units/all-in-one/C03/unit.core.sexp	all-in-one.C03	paperbench	-	accept-gap	accept-gap	accept-gap	false
no-cq	corpus-units/all-in-one/C05/unit.core.sexp	all-in-one.C05	paperbench	-	accept-gap	accept-gap	accept-gap	false
no-cq	corpus-units/all-in-one/C06/unit.core.sexp	all-in-one.C06	paperbench	-	accept-gap	accept-gap	accept-gap	false
no-cq	corpus-units/bam/C05/unit.core.sexp	bam.C05	paperbench	-	accept-justified	accept-justified	accept-justified	false
no-cq	corpus-units/bam/C06/unit.core.sexp	bam.C06	paperbench	-	accept-gap	accept-gap	accept-gap	false
no-cq	corpus-units/bbox/C02/unit.core.sexp	bbox.C02	paperbench	-	accept-gap	accept-gap	accept-gap	false
no-cq	corpus-units/bbox/C04/unit.core.sexp	bbox.C04	paperbench	-	accept-gap	accept-gap	accept-gap	false
no-cq	corpus-units/bbox/C05/unit.core.sexp	bbox.C05	paperbench	-	accept-gap	accept-gap	accept-gap	false
no-cq	corpus-units/bbox/C06/unit.core.sexp	bbox.C06	paperbench	-	accept-gap	accept-gap	accept-gap	false
no-cq	corpus-units/bridging-data-gaps/C03/unit.core.sexp	bridging-data-gaps.C03	paperbench	-	accept-gap	accept-gap	accept-gap	false
no-cq	corpus-units/bridging-data-gaps/C05/unit.core.sexp	bridging-data-gaps.C05	paperbench	-	accept-gap	accept-gap	accept-gap	false
no-cq	corpus-units/fre/C01/unit.core.sexp	fre.C01	paperbench	-	accept-justified	accept-justified	accept-justified	false
no-cq	corpus-units/fre/C03/unit.core.sexp	fre.C03	paperbench	-	accept-gap	accept-gap	accept-gap	false
no-cq	corpus-units/fre/C04/unit.core.sexp	fre.C04	paperbench	-	accept-defeated	accept-defeated	accept-defeated	false
no-cq	corpus-units/ftrl/C01/unit.core.sexp	ftrl.C01	paperbench	-	accept-gap	accept-gap	accept-gap	false
no-cq	corpus-units/lbcs/C03/unit.core.sexp	lbcs.C03	paperbench	-	accept-gap	accept-gap	accept-gap	false
no-cq	corpus-units/lbcs/C05/unit.core.sexp	lbcs.C05	paperbench	-	accept-gap	accept-gap	accept-gap	false
no-cq	corpus-units/mechanistic-understanding/C02/unit.core.sexp	mechanistic-understanding.C02	paperbench	-	accept-gap	accept-gap	accept-gap	false
no-cq	corpus-units/mechanistic-understanding/C04/unit.core.sexp	mechanistic-understanding.C04	paperbench	-	accept-gap	accept-gap	accept-gap	false
no-cq	corpus-units/pinn/C01/unit.core.sexp	pinn.C01	paperbench	-	accept-justified	accept-justified	accept-justified	false
no-cq	corpus-units/pinn/C03/unit.core.sexp	pinn.C03	paperbench	-	accept-gap	accept-gap	accept-gap	false
no-cq	corpus-units/pinn/C05/unit.core.sexp	pinn.C05	paperbench	-	accept-gap	accept-gap	accept-gap	false
no-cq	corpus-units/rice/C01/unit.core.sexp	rice.C01	paperbench	-	accept-justified	accept-justified	accept-justified	false
no-cq	corpus-units/robust-clip/C02/unit.core.sexp	robust-clip.C02	paperbench	-	accept-gap	accept-gap	accept-gap	false
no-cq	corpus-units/robust-clip/C03/unit.core.sexp	robust-clip.C03	paperbench	-	accept-gap	accept-gap	accept-gap	false
no-cq	corpus-units/robust-clip/C07/unit.core.sexp	robust-clip.C07	paperbench	-	accept-gap	accept-gap	accept-gap	false
no-cq	corpus-units/sample-specific-masks/C05/unit.core.sexp	sample-specific-masks.C05	paperbench	-	accept-justified	accept-justified	accept-justified	false
no-cq	corpus-units/sample-specific-masks/C06/unit.core.sexp	sample-specific-masks.C06	paperbench	-	accept-justified	accept-justified	accept-justified	false
no-cq	corpus-units/sapg/C01/unit.core.sexp	sapg.C01	paperbench	-	accept-gap	accept-gap	accept-gap	false
no-cq	corpus-units/sapg/C02/unit.core.sexp	sapg.C02	paperbench	-	accept-gap	accept-gap	accept-gap	false
no-cq	corpus-units/sapg/C06/unit.core.sexp	sapg.C06	paperbench	-	accept-gap	accept-gap	accept-gap	false
no-cq	corpus-units/self-composing-policies/C01/unit.core.sexp	self-composing-policies.C01	paperbench	-	accept-justified	accept-justified	accept-justified	false
no-cq	corpus-units/self-composing-policies/C04/unit.core.sexp	self-composing-policies.C04	paperbench	-	accept-gap	accept-gap	accept-gap	false
no-cq	corpus-units/self-expansion/C03/unit.core.sexp	self-expansion.C03	paperbench	-	accept-gap	accept-gap	accept-gap	false
no-cq	corpus-units/self-expansion/C04/unit.core.sexp	self-expansion.C04	paperbench	-	accept-gap	accept-gap	accept-gap	false
no-cq	corpus-units/semantic-self-consistency/C03/unit.core.sexp	semantic-self-consistency.C03	paperbench	-	accept-gap	accept-gap	accept-gap	false
no-cq	corpus-units/semantic-self-consistency/C05/unit.core.sexp	semantic-self-consistency.C05	paperbench	-	accept-gap	accept-gap	accept-gap	false
no-cq	corpus-units/semantic-self-consistency/C06/unit.core.sexp	semantic-self-consistency.C06	paperbench	-	accept-gap	accept-gap	accept-gap	false
no-cq	corpus-units/sequential-neural-score-estimation/C04/unit.core.sexp	sequential-neural-score-estimation.C04	paperbench	-	accept-gap	accept-gap	accept-gap	false
no-cq	corpus-units/stay-on-topic-with-classifier-free-guidance/C02/unit.core.sexp	stay-on-topic-with-classifier-free-guidance.C02	paperbench	-	accept-gap	accept-gap	accept-gap	false
no-cq	corpus-units/stay-on-topic-with-classifier-free-guidance/C05/unit.core.sexp	stay-on-topic-with-classifier-free-guidance.C05	paperbench	-	accept-gap	accept-gap	accept-gap	false
no-cq	corpus-units/stay-on-topic-with-classifier-free-guidance/C06/unit.core.sexp	stay-on-topic-with-classifier-free-guidance.C06	paperbench	-	accept-gap	accept-gap	accept-gap	false
no-cq	corpus-units/stochastic-interpolants/C01/unit.core.sexp	stochastic-interpolants.C01	paperbench	-	accept-gap	accept-gap	accept-gap	false
no-cq	corpus-units/stochastic-interpolants/C03/unit.core.sexp	stochastic-interpolants.C03	paperbench	-	accept-gap	accept-gap	accept-gap	false
no-cq	corpus-units/test-time-model-adaptation/C04/unit.core.sexp	test-time-model-adaptation.C04	paperbench	-	accept-defeated	accept-defeated	accept-defeated	false
no-cq	corpus-units/test-time-model-adaptation/C05/unit.core.sexp	test-time-model-adaptation.C05	paperbench	-	accept-gap	accept-gap	accept-gap	false
no-cq	corpus-units/test-time-model-adaptation/C07/unit.core.sexp	test-time-model-adaptation.C07	paperbench	-	accept-gap	accept-gap	accept-gap	false
no-cq	corpus-units/what-will-my-model-forget/C01/unit.core.sexp	what-will-my-model-forget.C01	paperbench	-	accept-gap	accept-gap	accept-gap	false
no-cq	corpus-units/what-will-my-model-forget/C03/unit.core.sexp	what-will-my-model-forget.C03	paperbench	-	accept-gap	accept-gap	accept-gap	false
no-cq	corpus-units/rebench-fix_embedding/C12/unit.core.sexp	rebench-fix_embedding.C12	rebench	-	accept-gap	accept-gap	accept-gap	false
no-cq	corpus-units/rebench-nanogpt_chat_rl/C04/unit.core.sexp	rebench-nanogpt_chat_rl.C04	rebench	-	accept-gap	accept-gap	accept-gap	false
no-cq	corpus-units/rebench-restricted_mlm/C07/unit.core.sexp	rebench-restricted_mlm.C07	rebench	-	accept-gap	accept-gap	accept-gap	false
no-cq	corpus-units/rebench-restricted_mlm/C14/unit.core.sexp	rebench-restricted_mlm.C14	rebench	-	accept-justified	accept-justified	accept-justified	false
no-cq	corpus-units/rebench-rust_codecontests/C02/unit.core.sexp	rebench-rust_codecontests.C02	rebench	-	accept-justified	accept-justified	accept-justified	false
no-cq	corpus-units/rebench-rust_codecontests/C09/unit.core.sexp	rebench-rust_codecontests.C09	rebench	-	accept-gap	accept-gap	accept-gap	false
no-cq	corpus-units/rebench-triton_cumsum/C05/unit.core.sexp	rebench-triton_cumsum.C05	rebench	-	accept-gap	accept-gap	accept-gap	false
no-cq	corpus-units/rebench-triton_cumsum/C09/unit.core.sexp	rebench-triton_cumsum.C09	rebench	-	accept-defeated	accept-defeated	accept-defeated	false
no-typed	fixtures/mutants/A--undeclared-leaf-0.sexp	A	undeclared-leaves	undeclared-leaf	reject-R1	reject-R1	reject-R1	false
no-typed	fixtures/mutants/A--undeclared-leaf-1.sexp	A	undeclared-leaves	undeclared-leaf	reject-R1	reject-R1	reject-R1	false
no-typed	fixtures/mutants/A--hidden-rule-0.sexp	A	hidden-policy-extension	hidden-rule	reject-R1	reject-R1	reject-R1	false
no-typed	fixtures/mutants/A--hidden-contrary-0.sexp	A	hidden-policy-extension	hidden-contrary	reject-R12	reject-R12	reject-R12	false
no-typed	fixtures/mutants/A--wrong-subst-domain-0.sexp	A	wrong-formulas	wrong-subst-domain	reject-R3	reject-R3	reject-R3	false
no-typed	fixtures/mutants/A--wrong-premise-0.sexp	A	wrong-formulas	wrong-premise	reject-R4	reject-R4	reject-R4	false
no-typed	fixtures/mutants/A--open-obligation-0.sexp	A	open-obligations	open-obligation	reject-R5	reject-R5	reject-R5	false
no-typed	fixtures/mutants/A--hole-obligation-0.sexp	A	open-obligations	hole-obligation	reject-IncompleteArgument	reject-IncompleteArgument	reject-IncompleteArgument	false
no-typed	fixtures/mutants/A--wrong-discharge-0.sexp	A	open-obligations	wrong-discharge	reject-R6	reject-R6	reject-R6	false
no-typed	fixtures/mutants/A--trusted-assurance-0.sexp	A	certificate-tampering	trusted-assurance	reject-R7	reject-R7	reject-R7	false
no-typed	fixtures/mutants/A--bad-attack-position-0.sexp	A	bad-attack-targets	bad-attack-position	reject-R10	reject-R10	accept-defeated	true
no-typed	fixtures/mutants/A--bad-attack-position-1.sexp	A	bad-attack-targets	bad-attack-position	reject-R10	reject-R10	accept-defeated	true
no-typed	fixtures/mutants/A--unlicensed-attack-0.sexp	A	bad-attack-targets	unlicensed-attack	reject-R11	reject-R11	accept-defeated	true
no-typed	fixtures/mutants/A--drop-covering-attack-0.sexp	A	bad-attack-targets	drop-covering-attack	reject-MissingConflict	reject-MissingConflict	accept-defeated	true
no-typed	fixtures/mutants/A--group-conflict-0.sexp	A	data-integrity	group-conflict	reject-R9	reject-R9	reject-R9	false
no-typed	fixtures/mutants/A--retract-rule-0.sexp	A	localization	retract-rule	reject-R1	reject-R1	reject-R1	false
no-typed	fixtures/mutants/A--twin-support-defect-0.sexp	A	localization	twin-support-defect	reject-R4	reject-R4	reject-R4	false
no-typed	fixtures/mutants/A--cross-stage-defect-0.sexp	A	localization	cross-stage-defect	reject-R4	reject-R4	reject-R4	false
no-typed	fixtures/mutants/A--undeclared-pred-0.sexp	A	signature	undeclared-pred	reject-R2	reject-R2	reject-R2	false
no-typed	fixtures/mutants/A--wrong-pred-arity-0.sexp	A	signature	wrong-pred-arity	reject-R2	reject-R2	reject-R2	false
no-typed	fixtures/mutants/A--wrong-arg-sort-0.sexp	A	signature	wrong-arg-sort	reject-R2	reject-R2	reject-R2	false
no-typed	fixtures/mutants/A--wrong-arg-sort-1.sexp	A	signature	wrong-arg-sort	reject-R2	reject-R2	reject-R2	false
no-typed	fixtures/mutants/A--undeclared-con-0.sexp	A	signature	undeclared-con	reject-R2	reject-R2	reject-R2	false
no-typed	fixtures/mutants/A--wrong-theta-sort-0.sexp	A	signature	wrong-theta-sort	reject-R2	reject-R2	reject-R2	false
no-typed	fixtures/mutants/A--out-of-scope-var-0.sexp	A	hidden-policy-extension	out-of-scope-var	reject-R12	reject-R12	reject-R12	false
no-typed	fixtures/mutants/A--sigma-duplicate-sort-0.sexp	A	signature	sigma-duplicate-sort	reject-R2	reject-R2	reject-R2	false
no-typed	fixtures/mutants/A--sigma-shadow-base-0.sexp	A	signature	sigma-shadow-base	reject-R2	reject-R2	reject-R2	false
no-typed	fixtures/mutants/A--sigma-duplicate-con-0.sexp	A	signature	sigma-duplicate-con	reject-R2	reject-R2	reject-R2	false
no-typed	fixtures/mutants/A--sigma-duplicate-pred-0.sexp	A	signature	sigma-duplicate-pred	reject-R2	reject-R2	reject-R2	false
no-typed	fixtures/mutants/A--sigma-con-undeclared-sort-0.sexp	A	signature	sigma-con-undeclared-sort	reject-R2	reject-R2	reject-R2	false
no-typed	fixtures/mutants/A--sigma-pred-undeclared-sort-0.sexp	A	signature	sigma-pred-undeclared-sort	reject-R2	reject-R2	reject-R2	false
no-typed	fixtures/mutants/A--duplicate-backend-0.sexp	A	certificate-tampering	duplicate-backend	reject-R13	reject-R13	reject-R13	false
no-typed	fixtures/mutants/A--unknown-backend-0.sexp	A	certificate-tampering	unknown-backend	reject-R13	reject-R13	reject-R13	false
no-typed	fixtures/mutants/malformed/A--codec-sigma-junk-0.sexp	A	codec-corruption	codec-sigma-junk	codec-reject	codec-fail	codec-fail	false
no-typed	fixtures/mutants/malformed/A--codec-sigma-order-0.sexp	A	codec-corruption	codec-sigma-order	codec-reject	codec-fail	codec-fail	false
no-typed	fixtures/mutants/malformed/A--codec-junk-section-0.sexp	A	codec-corruption	codec-junk-section	codec-reject	codec-fail	codec-fail	false
no-typed	fixtures/mutants/malformed/A--codec-core-version-0.sexp	A	codec-corruption	codec-core-version	codec-reject	codec-fail	codec-fail	false
no-typed	fixtures/mutants/malformed/A--codec-replay-order-0.sexp	A	codec-corruption	codec-replay-order	codec-reject	codec-fail	codec-fail	false
no-typed	fixtures/mutants/malformed/A--codec-theory-mismatch-0.sexp	A	codec-corruption	codec-theory-mismatch	codec-reject	codec-fail	codec-fail	false
no-typed	fixtures/mutants/malformed/A--codec-dangling-attack-0.sexp	A	codec-corruption	codec-dangling-attack	codec-reject	codec-fail	codec-fail	false
no-typed	fixtures/mutants/malformed/A--codec-truncate-0.sexp	A	codec-corruption	codec-truncate	codec-reject	codec-fail	codec-fail	false
no-typed	fixtures/mutants/B--undeclared-leaf-0.sexp	B	undeclared-leaves	undeclared-leaf	reject-R1	reject-R1	reject-R1	false
no-typed	fixtures/mutants/B--undeclared-leaf-1.sexp	B	undeclared-leaves	undeclared-leaf	reject-R1	reject-R1	reject-R1	false
no-typed	fixtures/mutants/B--hidden-rule-0.sexp	B	hidden-policy-extension	hidden-rule	reject-R1	reject-R1	reject-R1	false
no-typed	fixtures/mutants/B--hidden-contrary-0.sexp	B	hidden-policy-extension	hidden-contrary	reject-R12	reject-R12	reject-R12	false
no-typed	fixtures/mutants/B--wrong-subst-domain-0.sexp	B	wrong-formulas	wrong-subst-domain	reject-R3	reject-R3	reject-R3	false
no-typed	fixtures/mutants/B--wrong-premise-0.sexp	B	wrong-formulas	wrong-premise	reject-R4	reject-R4	reject-R4	false
no-typed	fixtures/mutants/B--open-obligation-0.sexp	B	open-obligations	open-obligation	reject-R5	reject-R5	reject-R5	false
no-typed	fixtures/mutants/B--hole-obligation-0.sexp	B	open-obligations	hole-obligation	reject-IncompleteArgument	reject-IncompleteArgument	reject-IncompleteArgument	false
no-typed	fixtures/mutants/B--wrong-discharge-0.sexp	B	open-obligations	wrong-discharge	reject-R6	reject-R6	reject-R6	false
no-typed	fixtures/mutants/B--trusted-assurance-0.sexp	B	certificate-tampering	trusted-assurance	reject-R7	reject-R7	reject-R7	false
no-typed	fixtures/mutants/B--unlicensed-attack-0.sexp	B	bad-attack-targets	unlicensed-attack	reject-R11	reject-R11	accept-all-contested	true
no-typed	fixtures/mutants/B--drop-covering-attack-0.sexp	B	bad-attack-targets	drop-covering-attack	reject-MissingConflict	reject-MissingConflict	accept-other	true
no-typed	fixtures/mutants/B--group-conflict-0.sexp	B	data-integrity	group-conflict	reject-R9	reject-R9	reject-R9	false
no-typed	fixtures/mutants/B--retract-rule-0.sexp	B	localization	retract-rule	reject-R1	reject-R1	reject-R1	false
no-typed	fixtures/mutants/B--twin-support-defect-0.sexp	B	localization	twin-support-defect	reject-R4	reject-R4	reject-R4	false
no-typed	fixtures/mutants/B--undeclared-pred-0.sexp	B	signature	undeclared-pred	reject-R2	reject-R2	reject-R2	false
no-typed	fixtures/mutants/B--wrong-pred-arity-0.sexp	B	signature	wrong-pred-arity	reject-R2	reject-R2	reject-R2	false
no-typed	fixtures/mutants/B--wrong-arg-sort-0.sexp	B	signature	wrong-arg-sort	reject-R2	reject-R2	reject-R2	false
no-typed	fixtures/mutants/B--wrong-arg-sort-1.sexp	B	signature	wrong-arg-sort	reject-R2	reject-R2	reject-R2	false
no-typed	fixtures/mutants/B--undeclared-con-0.sexp	B	signature	undeclared-con	reject-R2	reject-R2	reject-R2	false
no-typed	fixtures/mutants/B--wrong-theta-sort-0.sexp	B	signature	wrong-theta-sort	reject-R2	reject-R2	reject-R2	false
no-typed	fixtures/mutants/B--out-of-scope-var-0.sexp	B	hidden-policy-extension	out-of-scope-var	reject-R12	reject-R12	reject-R12	false
no-typed	fixtures/mutants/B--duplicate-backend-0.sexp	B	certificate-tampering	duplicate-backend	reject-R13	reject-R13	reject-R13	false
no-typed	fixtures/mutants/B--unknown-backend-0.sexp	B	certificate-tampering	unknown-backend	reject-R13	reject-R13	reject-R13	false
no-typed	fixtures/mutants/malformed/B--codec-junk-section-0.sexp	B	codec-corruption	codec-junk-section	codec-reject	codec-fail	codec-fail	false
no-typed	fixtures/mutants/malformed/B--codec-core-version-0.sexp	B	codec-corruption	codec-core-version	codec-reject	codec-fail	codec-fail	false
no-typed	fixtures/mutants/malformed/B--codec-replay-order-0.sexp	B	codec-corruption	codec-replay-order	codec-reject	codec-fail	codec-fail	false
no-typed	fixtures/mutants/malformed/B--codec-theory-mismatch-0.sexp	B	codec-corruption	codec-theory-mismatch	codec-reject	codec-fail	codec-fail	false
no-typed	fixtures/mutants/malformed/B--codec-dangling-attack-0.sexp	B	codec-corruption	codec-dangling-attack	codec-reject	codec-fail	codec-fail	false
no-typed	fixtures/mutants/malformed/B--codec-truncate-0.sexp	B	codec-corruption	codec-truncate	codec-reject	codec-fail	codec-fail	false
no-typed	fixtures/mutants/E1--undeclared-leaf-0.sexp	E1	undeclared-leaves	undeclared-leaf	reject-R1	reject-R1	reject-R1	false
no-typed	fixtures/mutants/E1--undeclared-leaf-1.sexp	E1	undeclared-leaves	undeclared-leaf	reject-R1	reject-R1	reject-R1	false
no-typed	fixtures/mutants/E1--hidden-rule-0.sexp	E1	hidden-policy-extension	hidden-rule	reject-R1	reject-R1	reject-R1	false
no-typed	fixtures/mutants/E1--hidden-contrary-0.sexp	E1	hidden-policy-extension	hidden-contrary	reject-R12	reject-R12	reject-R12	false
no-typed	fixtures/mutants/E1--wrong-subst-domain-0.sexp	E1	wrong-formulas	wrong-subst-domain	reject-R3	reject-R3	reject-R3	false
no-typed	fixtures/mutants/E1--wrong-premise-0.sexp	E1	wrong-formulas	wrong-premise	reject-R4	reject-R4	reject-R4	false
no-typed	fixtures/mutants/E1--open-obligation-0.sexp	E1	open-obligations	open-obligation	reject-R5	reject-R5	reject-R5	false
no-typed	fixtures/mutants/E1--hole-obligation-0.sexp	E1	open-obligations	hole-obligation	reject-IncompleteArgument	reject-IncompleteArgument	reject-IncompleteArgument	false
no-typed	fixtures/mutants/E1--wrong-discharge-0.sexp	E1	open-obligations	wrong-discharge	reject-R6	reject-R6	reject-R6	false
no-typed	fixtures/mutants/E1--trusted-assurance-0.sexp	E1	certificate-tampering	trusted-assurance	reject-R7	reject-R7	reject-R7	false
no-typed	fixtures/mutants/E1--unlicensed-attack-0.sexp	E1	bad-attack-targets	unlicensed-attack	reject-R11	reject-R11	accept-all-contested	true
no-typed	fixtures/mutants/E1--group-conflict-0.sexp	E1	data-integrity	group-conflict	reject-R9	reject-R9	reject-R9	false
no-typed	fixtures/mutants/E1--retract-rule-0.sexp	E1	localization	retract-rule	reject-R1	reject-R1	reject-R1	false
no-typed	fixtures/mutants/E1--undeclared-pred-0.sexp	E1	signature	undeclared-pred	reject-R2	reject-R2	reject-R2	false
no-typed	fixtures/mutants/E1--wrong-pred-arity-0.sexp	E1	signature	wrong-pred-arity	reject-R2	reject-R2	reject-R2	false
no-typed	fixtures/mutants/E1--wrong-arg-sort-0.sexp	E1	signature	wrong-arg-sort	reject-R2	reject-R2	reject-R2	false
no-typed	fixtures/mutants/E1--wrong-arg-sort-1.sexp	E1	signature	wrong-arg-sort	reject-R2	reject-R2	reject-R2	false
no-typed	fixtures/mutants/E1--undeclared-con-0.sexp	E1	signature	undeclared-con	reject-R2	reject-R2	reject-R2	false
no-typed	fixtures/mutants/E1--wrong-theta-sort-0.sexp	E1	signature	wrong-theta-sort	reject-R2	reject-R2	reject-R2	false
no-typed	fixtures/mutants/E1--out-of-scope-var-0.sexp	E1	hidden-policy-extension	out-of-scope-var	reject-R12	reject-R12	reject-R12	false
no-typed	fixtures/mutants/E1--duplicate-backend-0.sexp	E1	certificate-tampering	duplicate-backend	reject-R13	reject-R13	reject-R13	false
no-typed	fixtures/mutants/E1--unknown-backend-0.sexp	E1	certificate-tampering	unknown-backend	reject-R13	reject-R13	reject-R13	false
no-typed	fixtures/mutants/malformed/E1--codec-junk-section-0.sexp	E1	codec-corruption	codec-junk-section	codec-reject	codec-fail	codec-fail	false
no-typed	fixtures/mutants/malformed/E1--codec-core-version-0.sexp	E1	codec-corruption	codec-core-version	codec-reject	codec-fail	codec-fail	false
no-typed	fixtures/mutants/malformed/E1--codec-replay-order-0.sexp	E1	codec-corruption	codec-replay-order	codec-reject	codec-fail	codec-fail	false
no-typed	fixtures/mutants/malformed/E1--codec-theory-mismatch-0.sexp	E1	codec-corruption	codec-theory-mismatch	codec-reject	codec-fail	codec-fail	false
no-typed	fixtures/mutants/malformed/E1--codec-truncate-0.sexp	E1	codec-corruption	codec-truncate	codec-reject	codec-fail	codec-fail	false
no-typed	fixtures/mutants/E2--hidden-contrary-0.sexp	E2	hidden-policy-extension	hidden-contrary	reject-R12	reject-R12	reject-R12	false
no-typed	fixtures/mutants/E2--group-conflict-0.sexp	E2	data-integrity	group-conflict	reject-R9	reject-R9	reject-R9	false
no-typed	fixtures/mutants/E2--undeclared-pred-0.sexp	E2	signature	undeclared-pred	reject-R2	reject-R2	reject-R2	false
no-typed	fixtures/mutants/E2--wrong-pred-arity-0.sexp	E2	signature	wrong-pred-arity	reject-R2	reject-R2	reject-R2	false
no-typed	fixtures/mutants/E2--wrong-arg-sort-0.sexp	E2	signature	wrong-arg-sort	reject-R2	reject-R2	reject-R2	false
no-typed	fixtures/mutants/E2--wrong-arg-sort-1.sexp	E2	signature	wrong-arg-sort	reject-R2	reject-R2	reject-R2	false
no-typed	fixtures/mutants/E2--undeclared-con-0.sexp	E2	signature	undeclared-con	reject-R2	reject-R2	reject-R2	false
no-typed	fixtures/mutants/E2--out-of-scope-var-0.sexp	E2	hidden-policy-extension	out-of-scope-var	reject-R12	reject-R12	reject-R12	false
no-typed	fixtures/mutants/E2--duplicate-backend-0.sexp	E2	certificate-tampering	duplicate-backend	reject-R13	reject-R13	reject-R13	false
no-typed	fixtures/mutants/E2--unknown-backend-0.sexp	E2	certificate-tampering	unknown-backend	reject-R13	reject-R13	reject-R13	false
no-typed	fixtures/mutants/malformed/E2--codec-junk-section-0.sexp	E2	codec-corruption	codec-junk-section	codec-reject	codec-fail	codec-fail	false
no-typed	fixtures/mutants/malformed/E2--codec-core-version-0.sexp	E2	codec-corruption	codec-core-version	codec-reject	codec-fail	codec-fail	false
no-typed	fixtures/mutants/malformed/E2--codec-replay-order-0.sexp	E2	codec-corruption	codec-replay-order	codec-reject	codec-fail	codec-fail	false
no-typed	fixtures/mutants/malformed/E2--codec-theory-mismatch-0.sexp	E2	codec-corruption	codec-theory-mismatch	codec-reject	codec-fail	codec-fail	false
no-typed	fixtures/mutants/malformed/E2--codec-truncate-0.sexp	E2	codec-corruption	codec-truncate	codec-reject	codec-fail	codec-fail	false
no-typed	fixtures/mutants/E3--undeclared-leaf-0.sexp	E3	undeclared-leaves	undeclared-leaf	reject-R1	reject-R1	reject-R1	false
no-typed	fixtures/mutants/E3--undeclared-leaf-1.sexp	E3	undeclared-leaves	undeclared-leaf	reject-R1	reject-R1	reject-R1	false
no-typed	fixtures/mutants/E3--hidden-rule-0.sexp	E3	hidden-policy-extension	hidden-rule	reject-R1	reject-R1	reject-R1	false
no-typed	fixtures/mutants/E3--hidden-contrary-0.sexp	E3	hidden-policy-extension	hidden-contrary	reject-R12	reject-R12	reject-R12	false
no-typed	fixtures/mutants/E3--wrong-subst-domain-0.sexp	E3	wrong-formulas	wrong-subst-domain	reject-R3	reject-R3	reject-R3	false
no-typed	fixtures/mutants/E3--wrong-premise-0.sexp	E3	wrong-formulas	wrong-premise	reject-R4	reject-R4	reject-R4	false
no-typed	fixtures/mutants/E3--open-obligation-0.sexp	E3	open-obligations	open-obligation	reject-R5	reject-R5	reject-R5	false
no-typed	fixtures/mutants/E3--hole-obligation-0.sexp	E3	open-obligations	hole-obligation	reject-IncompleteArgument	reject-IncompleteArgument	reject-IncompleteArgument	false
no-typed	fixtures/mutants/E3--wrong-discharge-0.sexp	E3	open-obligations	wrong-discharge	reject-R6	reject-R6	reject-R6	false
no-typed	fixtures/mutants/E3--trusted-assurance-0.sexp	E3	certificate-tampering	trusted-assurance	reject-R7	reject-R7	reject-R7	false
no-typed	fixtures/mutants/E3--bad-attack-position-0.sexp	E3	bad-attack-targets	bad-attack-position	reject-R10	reject-R10	accept-other	true
no-typed	fixtures/mutants/E3--bad-attack-position-1.sexp	E3	bad-attack-targets	bad-attack-position	reject-R10	reject-R10	accept-other	true
no-typed	fixtures/mutants/E3--unlicensed-attack-0.sexp	E3	bad-attack-targets	unlicensed-attack	reject-R11	reject-R11	accept-other	true
no-typed	fixtures/mutants/E3--drop-covering-attack-0.sexp	E3	bad-attack-targets	drop-covering-attack	reject-MissingConflict	reject-MissingConflict	accept-other	true
no-typed	fixtures/mutants/E3--group-conflict-0.sexp	E3	data-integrity	group-conflict	reject-R9	reject-R9	reject-R9	false
no-typed	fixtures/mutants/E3--retract-rule-0.sexp	E3	localization	retract-rule	reject-R1	reject-R1	reject-R1	false
no-typed	fixtures/mutants/E3--twin-support-defect-0.sexp	E3	localization	twin-support-defect	reject-R4	reject-R4	reject-R4	false
no-typed	fixtures/mutants/E3--cross-stage-defect-0.sexp	E3	localization	cross-stage-defect	reject-R4	reject-R4	reject-R4	false
no-typed	fixtures/mutants/E3--undeclared-pred-0.sexp	E3	signature	undeclared-pred	reject-R2	reject-R2	reject-R2	false
no-typed	fixtures/mutants/E3--wrong-pred-arity-0.sexp	E3	signature	wrong-pred-arity	reject-R2	reject-R2	reject-R2	false
no-typed	fixtures/mutants/E3--wrong-arg-sort-0.sexp	E3	signature	wrong-arg-sort	reject-R2	reject-R2	reject-R2	false
no-typed	fixtures/mutants/E3--wrong-arg-sort-1.sexp	E3	signature	wrong-arg-sort	reject-R2	reject-R2	reject-R2	false
no-typed	fixtures/mutants/E3--undeclared-con-0.sexp	E3	signature	undeclared-con	reject-R2	reject-R2	reject-R2	false
no-typed	fixtures/mutants/E3--wrong-theta-sort-0.sexp	E3	signature	wrong-theta-sort	reject-R2	reject-R2	reject-R2	false
no-typed	fixtures/mutants/E3--out-of-scope-var-0.sexp	E3	hidden-policy-extension	out-of-scope-var	reject-R12	reject-R12	reject-R12	false
no-typed	fixtures/mutants/E3--duplicate-backend-0.sexp	E3	certificate-tampering	duplicate-backend	reject-R13	reject-R13	reject-R13	false
no-typed	fixtures/mutants/E3--unknown-backend-0.sexp	E3	certificate-tampering	unknown-backend	reject-R13	reject-R13	reject-R13	false
no-typed	fixtures/mutants/malformed/E3--codec-junk-section-0.sexp	E3	codec-corruption	codec-junk-section	codec-reject	codec-fail	codec-fail	false
no-typed	fixtures/mutants/malformed/E3--codec-core-version-0.sexp	E3	codec-corruption	codec-core-version	codec-reject	codec-fail	codec-fail	false
no-typed	fixtures/mutants/malformed/E3--codec-replay-order-0.sexp	E3	codec-corruption	codec-replay-order	codec-reject	codec-fail	codec-fail	false
no-typed	fixtures/mutants/malformed/E3--codec-theory-mismatch-0.sexp	E3	codec-corruption	codec-theory-mismatch	codec-reject	codec-fail	codec-fail	false
no-typed	fixtures/mutants/malformed/E3--codec-dangling-attack-0.sexp	E3	codec-corruption	codec-dangling-attack	codec-reject	codec-fail	codec-fail	false
no-typed	fixtures/mutants/malformed/E3--codec-truncate-0.sexp	E3	codec-corruption	codec-truncate	codec-reject	codec-fail	codec-fail	false
no-typed	fixtures/mutants/E4--undeclared-leaf-0.sexp	E4	undeclared-leaves	undeclared-leaf	reject-R1	reject-R1	reject-R1	false
no-typed	fixtures/mutants/E4--undeclared-leaf-1.sexp	E4	undeclared-leaves	undeclared-leaf	reject-R1	reject-R1	reject-R1	false
no-typed	fixtures/mutants/E4--hidden-rule-0.sexp	E4	hidden-policy-extension	hidden-rule	reject-R1	reject-R1	reject-R1	false
no-typed	fixtures/mutants/E4--hidden-contrary-0.sexp	E4	hidden-policy-extension	hidden-contrary	reject-R12	reject-R12	reject-R12	false
no-typed	fixtures/mutants/E4--wrong-subst-domain-0.sexp	E4	wrong-formulas	wrong-subst-domain	reject-R3	reject-R3	reject-R3	false
no-typed	fixtures/mutants/E4--wrong-premise-0.sexp	E4	wrong-formulas	wrong-premise	reject-R4	reject-R4	reject-R4	false
no-typed	fixtures/mutants/E4--open-obligation-0.sexp	E4	open-obligations	open-obligation	reject-R5	reject-R5	reject-R5	false
no-typed	fixtures/mutants/E4--hole-obligation-0.sexp	E4	open-obligations	hole-obligation	reject-IncompleteArgument	reject-IncompleteArgument	reject-IncompleteArgument	false
no-typed	fixtures/mutants/E4--wrong-discharge-0.sexp	E4	open-obligations	wrong-discharge	reject-R6	reject-R6	reject-R6	false
no-typed	fixtures/mutants/E4--trusted-assurance-0.sexp	E4	certificate-tampering	trusted-assurance	reject-R7	reject-R7	reject-R7	false
no-typed	fixtures/mutants/E4--bad-attack-position-0.sexp	E4	bad-attack-targets	bad-attack-position	reject-R10	reject-R10	accept-other	true
no-typed	fixtures/mutants/E4--bad-attack-position-1.sexp	E4	bad-attack-targets	bad-attack-position	reject-R10	reject-R10	accept-other	true
no-typed	fixtures/mutants/E4--unlicensed-attack-0.sexp	E4	bad-attack-targets	unlicensed-attack	reject-R11	reject-R11	accept-other	true
no-typed	fixtures/mutants/E4--drop-covering-attack-0.sexp	E4	bad-attack-targets	drop-covering-attack	reject-MissingConflict	reject-MissingConflict	accept-other	true
no-typed	fixtures/mutants/E4--group-conflict-0.sexp	E4	data-integrity	group-conflict	reject-R9	reject-R9	reject-R9	false
no-typed	fixtures/mutants/E4--retract-rule-0.sexp	E4	localization	retract-rule	reject-R1	reject-R1	reject-R1	false
no-typed	fixtures/mutants/E4--twin-support-defect-0.sexp	E4	localization	twin-support-defect	reject-R4	reject-R4	reject-R4	false
no-typed	fixtures/mutants/E4--cross-stage-defect-0.sexp	E4	localization	cross-stage-defect	reject-R4	reject-R4	reject-R4	false
no-typed	fixtures/mutants/E4--undeclared-pred-0.sexp	E4	signature	undeclared-pred	reject-R2	reject-R2	reject-R2	false
no-typed	fixtures/mutants/E4--wrong-pred-arity-0.sexp	E4	signature	wrong-pred-arity	reject-R2	reject-R2	reject-R2	false
no-typed	fixtures/mutants/E4--wrong-arg-sort-0.sexp	E4	signature	wrong-arg-sort	reject-R2	reject-R2	reject-R2	false
no-typed	fixtures/mutants/E4--wrong-arg-sort-1.sexp	E4	signature	wrong-arg-sort	reject-R2	reject-R2	reject-R2	false
no-typed	fixtures/mutants/E4--undeclared-con-0.sexp	E4	signature	undeclared-con	reject-R2	reject-R2	reject-R2	false
no-typed	fixtures/mutants/E4--wrong-theta-sort-0.sexp	E4	signature	wrong-theta-sort	reject-R2	reject-R2	reject-R2	false
no-typed	fixtures/mutants/E4--out-of-scope-var-0.sexp	E4	hidden-policy-extension	out-of-scope-var	reject-R12	reject-R12	reject-R12	false
no-typed	fixtures/mutants/E4--duplicate-backend-0.sexp	E4	certificate-tampering	duplicate-backend	reject-R13	reject-R13	reject-R13	false
no-typed	fixtures/mutants/E4--unknown-backend-0.sexp	E4	certificate-tampering	unknown-backend	reject-R13	reject-R13	reject-R13	false
no-typed	fixtures/mutants/malformed/E4--codec-junk-section-0.sexp	E4	codec-corruption	codec-junk-section	codec-reject	codec-fail	codec-fail	false
no-typed	fixtures/mutants/malformed/E4--codec-core-version-0.sexp	E4	codec-corruption	codec-core-version	codec-reject	codec-fail	codec-fail	false
no-typed	fixtures/mutants/malformed/E4--codec-replay-order-0.sexp	E4	codec-corruption	codec-replay-order	codec-reject	codec-fail	codec-fail	false
no-typed	fixtures/mutants/malformed/E4--codec-theory-mismatch-0.sexp	E4	codec-corruption	codec-theory-mismatch	codec-reject	codec-fail	codec-fail	false
no-typed	fixtures/mutants/malformed/E4--codec-dangling-attack-0.sexp	E4	codec-corruption	codec-dangling-attack	codec-reject	codec-fail	codec-fail	false
no-typed	fixtures/mutants/malformed/E4--codec-truncate-0.sexp	E4	codec-corruption	codec-truncate	codec-reject	codec-fail	codec-fail	false
no-typed	fixtures/mutants/E5--undeclared-leaf-0.sexp	E5	undeclared-leaves	undeclared-leaf	reject-R1	reject-R1	reject-R1	false
no-typed	fixtures/mutants/E5--undeclared-leaf-1.sexp	E5	undeclared-leaves	undeclared-leaf	reject-R1	reject-R1	reject-R1	false
no-typed	fixtures/mutants/E5--hidden-rule-0.sexp	E5	hidden-policy-extension	hidden-rule	reject-R1	reject-R1	reject-R1	false
no-typed	fixtures/mutants/E5--hidden-contrary-0.sexp	E5	hidden-policy-extension	hidden-contrary	reject-R12	reject-R12	reject-R12	false
no-typed	fixtures/mutants/E5--wrong-subst-domain-0.sexp	E5	wrong-formulas	wrong-subst-domain	reject-R3	reject-R3	reject-R3	false
no-typed	fixtures/mutants/E5--wrong-premise-0.sexp	E5	wrong-formulas	wrong-premise	reject-R4	reject-R4	reject-R4	false
no-typed	fixtures/mutants/E5--open-obligation-0.sexp	E5	open-obligations	open-obligation	reject-R5	reject-R5	reject-R5	false
no-typed	fixtures/mutants/E5--hole-obligation-0.sexp	E5	open-obligations	hole-obligation	reject-IncompleteArgument	reject-IncompleteArgument	reject-IncompleteArgument	false
no-typed	fixtures/mutants/E5--wrong-discharge-0.sexp	E5	open-obligations	wrong-discharge	reject-R6	reject-R6	reject-R6	false
no-typed	fixtures/mutants/E5--trusted-assurance-0.sexp	E5	certificate-tampering	trusted-assurance	reject-R7	reject-R7	reject-R7	false
no-typed	fixtures/mutants/E5--bad-attack-position-0.sexp	E5	bad-attack-targets	bad-attack-position	reject-R10	reject-R10	accept-other	true
no-typed	fixtures/mutants/E5--bad-attack-position-1.sexp	E5	bad-attack-targets	bad-attack-position	reject-R10	reject-R10	accept-other	true
no-typed	fixtures/mutants/E5--unlicensed-attack-0.sexp	E5	bad-attack-targets	unlicensed-attack	reject-R11	reject-R11	accept-other	true
no-typed	fixtures/mutants/E5--drop-covering-attack-0.sexp	E5	bad-attack-targets	drop-covering-attack	reject-MissingConflict	reject-MissingConflict	accept-other	true
no-typed	fixtures/mutants/E5--group-conflict-0.sexp	E5	data-integrity	group-conflict	reject-R9	reject-R9	reject-R9	false
no-typed	fixtures/mutants/E5--retract-rule-0.sexp	E5	localization	retract-rule	reject-R1	reject-R1	reject-R1	false
no-typed	fixtures/mutants/E5--twin-support-defect-0.sexp	E5	localization	twin-support-defect	reject-R4	reject-R4	reject-R4	false
no-typed	fixtures/mutants/E5--cross-stage-defect-0.sexp	E5	localization	cross-stage-defect	reject-R4	reject-R4	reject-R4	false
no-typed	fixtures/mutants/E5--undeclared-pred-0.sexp	E5	signature	undeclared-pred	reject-R2	reject-R2	reject-R2	false
no-typed	fixtures/mutants/E5--wrong-pred-arity-0.sexp	E5	signature	wrong-pred-arity	reject-R2	reject-R2	reject-R2	false
no-typed	fixtures/mutants/E5--wrong-arg-sort-0.sexp	E5	signature	wrong-arg-sort	reject-R2	reject-R2	reject-R2	false
no-typed	fixtures/mutants/E5--wrong-arg-sort-1.sexp	E5	signature	wrong-arg-sort	reject-R2	reject-R2	reject-R2	false
no-typed	fixtures/mutants/E5--undeclared-con-0.sexp	E5	signature	undeclared-con	reject-R2	reject-R2	reject-R2	false
no-typed	fixtures/mutants/E5--wrong-theta-sort-0.sexp	E5	signature	wrong-theta-sort	reject-R2	reject-R2	reject-R2	false
no-typed	fixtures/mutants/E5--out-of-scope-var-0.sexp	E5	hidden-policy-extension	out-of-scope-var	reject-R12	reject-R12	reject-R12	false
no-typed	fixtures/mutants/E5--duplicate-backend-0.sexp	E5	certificate-tampering	duplicate-backend	reject-R13	reject-R13	reject-R13	false
no-typed	fixtures/mutants/E5--unknown-backend-0.sexp	E5	certificate-tampering	unknown-backend	reject-R13	reject-R13	reject-R13	false
no-typed	fixtures/mutants/malformed/E5--codec-junk-section-0.sexp	E5	codec-corruption	codec-junk-section	codec-reject	codec-fail	codec-fail	false
no-typed	fixtures/mutants/malformed/E5--codec-core-version-0.sexp	E5	codec-corruption	codec-core-version	codec-reject	codec-fail	codec-fail	false
no-typed	fixtures/mutants/malformed/E5--codec-replay-order-0.sexp	E5	codec-corruption	codec-replay-order	codec-reject	codec-fail	codec-fail	false
no-typed	fixtures/mutants/malformed/E5--codec-theory-mismatch-0.sexp	E5	codec-corruption	codec-theory-mismatch	codec-reject	codec-fail	codec-fail	false
no-typed	fixtures/mutants/malformed/E5--codec-dangling-attack-0.sexp	E5	codec-corruption	codec-dangling-attack	codec-reject	codec-fail	codec-fail	false
no-typed	fixtures/mutants/malformed/E5--codec-truncate-0.sexp	E5	codec-corruption	codec-truncate	codec-reject	codec-fail	codec-fail	false
no-typed	fixtures/mutants/S1--undeclared-leaf-0.sexp	S1	undeclared-leaves	undeclared-leaf	reject-R1	reject-R1	reject-R1	false
no-typed	fixtures/mutants/S1--hidden-rule-0.sexp	S1	hidden-policy-extension	hidden-rule	reject-R1	reject-R1	reject-R1	false
no-typed	fixtures/mutants/S1--hidden-contrary-0.sexp	S1	hidden-policy-extension	hidden-contrary	reject-R12	reject-R12	reject-R12	false
no-typed	fixtures/mutants/S1--wrong-subst-domain-0.sexp	S1	wrong-formulas	wrong-subst-domain	reject-R3	reject-R3	reject-R3	false
no-typed	fixtures/mutants/S1--cert-theory-swap-0.sexp	S1	certificate-tampering	cert-theory-swap	reject-R7	reject-R7	reject-R7	false
no-typed	fixtures/mutants/S1--cert-payload-tamper-0.sexp	S1	certificate-tampering	cert-payload-tamper	reject-R13	reject-R13	reject-R13	false
no-typed	fixtures/mutants/S1--unlicensed-attack-0.sexp	S1	bad-attack-targets	unlicensed-attack	reject-R11	reject-R11	accept-all-contested	true
no-typed	fixtures/mutants/S1--retract-rule-0.sexp	S1	localization	retract-rule	reject-R1	reject-R1	reject-R1	false
no-typed	fixtures/mutants/S1--undeclared-pred-0.sexp	S1	signature	undeclared-pred	reject-R2	reject-R2	reject-R2	false
no-typed	fixtures/mutants/S1--wrong-pred-arity-0.sexp	S1	signature	wrong-pred-arity	reject-R2	reject-R2	reject-R2	false
no-typed	fixtures/mutants/S1--wrong-arg-sort-0.sexp	S1	signature	wrong-arg-sort	reject-R2	reject-R2	reject-R2	false
no-typed	fixtures/mutants/S1--wrong-arg-sort-1.sexp	S1	signature	wrong-arg-sort	reject-R2	reject-R2	reject-R2	false
no-typed	fixtures/mutants/S1--undeclared-con-0.sexp	S1	signature	undeclared-con	reject-R2	reject-R2	reject-R2	false
no-typed	fixtures/mutants/S1--wrong-theta-sort-0.sexp	S1	signature	wrong-theta-sort	reject-R2	reject-R2	reject-R2	false
no-typed	fixtures/mutants/S1--out-of-scope-var-0.sexp	S1	hidden-policy-extension	out-of-scope-var	reject-R12	reject-R12	reject-R12	false
no-typed	fixtures/mutants/S1--duplicate-backend-0.sexp	S1	certificate-tampering	duplicate-backend	reject-R13	reject-R13	reject-R13	false
no-typed	fixtures/mutants/S1--unknown-backend-0.sexp	S1	certificate-tampering	unknown-backend	reject-R13	reject-R13	reject-R13	false
no-typed	fixtures/mutants/malformed/S1--codec-junk-section-0.sexp	S1	codec-corruption	codec-junk-section	codec-reject	codec-fail	codec-fail	false
no-typed	fixtures/mutants/malformed/S1--codec-core-version-0.sexp	S1	codec-corruption	codec-core-version	codec-reject	codec-fail	codec-fail	false
no-typed	fixtures/mutants/malformed/S1--codec-replay-order-0.sexp	S1	codec-corruption	codec-replay-order	codec-reject	codec-fail	codec-fail	false
no-typed	fixtures/mutants/malformed/S1--codec-theory-mismatch-0.sexp	S1	codec-corruption	codec-theory-mismatch	codec-reject	codec-fail	codec-fail	false
no-typed	fixtures/mutants/malformed/S1--codec-truncate-0.sexp	S1	codec-corruption	codec-truncate	codec-reject	codec-fail	codec-fail	false
no-typed	fixtures/mutants/cycle-rebut-6.sexp	-	cycles	rebut-cycle	accept-all-contested	accept-all-contested	accept-all-contested	false
no-typed	fixtures/mutants/cycle-rebut-2.sexp	-	cycles	rebut-cycle	accept-all-contested	accept-all-contested	accept-all-contested	false
no-typed	fixtures/mutants/cycle-rebut-4.sexp	-	cycles	rebut-cycle	accept-all-contested	accept-all-contested	accept-all-contested	false
no-typed	fixtures/mutants/cycle-rebut-5.sexp	-	cycles	rebut-cycle	accept-all-contested	accept-all-contested	accept-all-contested	false
no-typed	fixtures/mutants/rebench-restricted_mlm.C14--undeclared-leaf-0.sexp	rebench-restricted_mlm.C14	undeclared-leaves	undeclared-leaf	reject-R1	reject-R1	reject-R1	false
no-typed	fixtures/mutants/rebench-triton_cumsum.C09--undeclared-leaf-0.sexp	rebench-triton_cumsum.C09	undeclared-leaves	undeclared-leaf	reject-R1	reject-R1	reject-R1	false
no-typed	fixtures/mutants/test-time-model-adaptation.C04--undeclared-leaf-0.sexp	test-time-model-adaptation.C04	undeclared-leaves	undeclared-leaf	reject-R1	reject-R1	reject-R1	false
no-typed	fixtures/mutants/fre.C04--undeclared-leaf-0.sexp	fre.C04	undeclared-leaves	undeclared-leaf	reject-R1	reject-R1	reject-R1	false
no-typed	fixtures/mutants/self-composing-policies.C01--undeclared-leaf-0.sexp	self-composing-policies.C01	undeclared-leaves	undeclared-leaf	reject-R1	reject-R1	reject-R1	false
no-typed	fixtures/mutants/fre.C01--undeclared-leaf-0.sexp	fre.C01	undeclared-leaves	undeclared-leaf	reject-R1	reject-R1	reject-R1	false
no-typed	fixtures/mutants/pinn.C01--undeclared-leaf-0.sexp	pinn.C01	undeclared-leaves	undeclared-leaf	reject-R1	reject-R1	reject-R1	false
no-typed	fixtures/mutants/bam.C05--undeclared-leaf-0.sexp	bam.C05	undeclared-leaves	undeclared-leaf	reject-R1	reject-R1	reject-R1	false
no-typed	fixtures/mutants/adaptive-pruning.C04--undeclared-leaf-0.sexp	adaptive-pruning.C04	undeclared-leaves	undeclared-leaf	reject-R1	reject-R1	reject-R1	false
no-typed	fixtures/mutants/sample-specific-masks.C05--undeclared-leaf-0.sexp	sample-specific-masks.C05	undeclared-leaves	undeclared-leaf	reject-R1	reject-R1	reject-R1	false
no-typed	fixtures/mutants/rice.C01--undeclared-leaf-0.sexp	rice.C01	undeclared-leaves	undeclared-leaf	reject-R1	reject-R1	reject-R1	false
no-typed	fixtures/mutants/sample-specific-masks.C06--undeclared-leaf-0.sexp	sample-specific-masks.C06	undeclared-leaves	undeclared-leaf	reject-R1	reject-R1	reject-R1	false
no-typed	fixtures/mutants/self-composing-policies.C01--hidden-rule-0.sexp	self-composing-policies.C01	hidden-policy-extension	hidden-rule	reject-R1	reject-R1	reject-R1	false
no-typed	fixtures/mutants/rebench-restricted_mlm.C14--hidden-rule-0.sexp	rebench-restricted_mlm.C14	hidden-policy-extension	hidden-rule	reject-R1	reject-R1	reject-R1	false
no-typed	fixtures/mutants/rebench-rust_codecontests.C02--hidden-rule-0.sexp	rebench-rust_codecontests.C02	hidden-policy-extension	hidden-rule	reject-R1	reject-R1	reject-R1	false
no-typed	fixtures/mutants/rebench-triton_cumsum.C09--hidden-rule-0.sexp	rebench-triton_cumsum.C09	hidden-policy-extension	hidden-rule	reject-R1	reject-R1	reject-R1	false
no-typed	fixtures/mutants/fre.C01--hidden-rule-0.sexp	fre.C01	hidden-policy-extension	hidden-rule	reject-R1	reject-R1	reject-R1	false
no-typed	fixtures/mutants/fre.C04--hidden-rule-0.sexp	fre.C04	hidden-policy-extension	hidden-rule	reject-R1	reject-R1	reject-R1	false
no-typed	fixtures/mutants/sample-specific-masks.C06--hidden-rule-0.sexp	sample-specific-masks.C06	hidden-policy-extension	hidden-rule	reject-R1	reject-R1	reject-R1	false
no-typed	fixtures/mutants/sample-specific-masks.C05--hidden-rule-0.sexp	sample-specific-masks.C05	hidden-policy-extension	hidden-rule	reject-R1	reject-R1	reject-R1	false
no-typed	fixtures/mutants/bam.C05--hidden-rule-0.sexp	bam.C05	hidden-policy-extension	hidden-rule	reject-R1	reject-R1	reject-R1	false
no-typed	fixtures/mutants/rice.C01--hidden-rule-0.sexp	rice.C01	hidden-policy-extension	hidden-rule	reject-R1	reject-R1	reject-R1	false
no-typed	fixtures/mutants/adaptive-pruning.C04--hidden-rule-0.sexp	adaptive-pruning.C04	hidden-policy-extension	hidden-rule	reject-R1	reject-R1	reject-R1	false
no-typed	fixtures/mutants/test-time-model-adaptation.C04--hidden-rule-0.sexp	test-time-model-adaptation.C04	hidden-policy-extension	hidden-rule	reject-R1	reject-R1	reject-R1	false
no-typed	fixtures/mutants/all-in-one.C05--hidden-contrary-0.sexp	all-in-one.C05	hidden-policy-extension	hidden-contrary	reject-R12	reject-R12	reject-R12	false
no-typed	fixtures/mutants/robust-clip.C07--hidden-contrary-0.sexp	robust-clip.C07	hidden-policy-extension	hidden-contrary	reject-R12	reject-R12	reject-R12	false
no-typed	fixtures/mutants/lbcs.C05--hidden-contrary-0.sexp	lbcs.C05	hidden-policy-extension	hidden-contrary	reject-R12	reject-R12	reject-R12	false
no-typed	fixtures/mutants/all-in-one.C01--hidden-contrary-0.sexp	all-in-one.C01	hidden-policy-extension	hidden-contrary	reject-R12	reject-R12	reject-R12	false
no-typed	fixtures/mutants/fre.C04--hidden-contrary-0.sexp	fre.C04	hidden-policy-extension	hidden-contrary	reject-R12	reject-R12	reject-R12	false
no-typed	fixtures/mutants/self-composing-policies.C04--hidden-contrary-0.sexp	self-composing-policies.C04	hidden-policy-extension	hidden-contrary	reject-R12	reject-R12	reject-R12	false
no-typed	fixtures/mutants/rebench-triton_cumsum.C05--hidden-contrary-0.sexp	rebench-triton_cumsum.C05	hidden-policy-extension	hidden-contrary	reject-R12	reject-R12	reject-R12	false
no-typed	fixtures/mutants/ftrl.C01--hidden-contrary-0.sexp	ftrl.C01	hidden-policy-extension	hidden-contrary	reject-R12	reject-R12	reject-R12	false
no-typed	fixtures/mutants/what-will-my-model-forget.C03--hidden-contrary-0.sexp	what-will-my-model-forget.C03	hidden-policy-extension	hidden-contrary	reject-R12	reject-R12	reject-R12	false
no-typed	fixtures/mutants/rice.C01--hidden-contrary-0.sexp	rice.C01	hidden-policy-extension	hidden-contrary	reject-R12	reject-R12	reject-R12	false
no-typed	fixtures/mutants/bbox.C02--hidden-contrary-0.sexp	bbox.C02	hidden-policy-extension	hidden-contrary	reject-R12	reject-R12	reject-R12	false
no-typed	fixtures/mutants/bridging-data-gaps.C03--hidden-contrary-0.sexp	bridging-data-gaps.C03	hidden-policy-extension	hidden-contrary	reject-R12	reject-R12	reject-R12	false
no-typed	fixtures/mutants/test-time-model-adaptation.C04--wrong-subst-domain-0.sexp	test-time-model-adaptation.C04	wrong-formulas	wrong-subst-domain	reject-R3	reject-R3	reject-R3	false
no-typed	fixtures/mutants/pinn.C01--wrong-subst-domain-0.sexp	pinn.C01	wrong-formulas	wrong-subst-domain	reject-R3	reject-R3	reject-R3	false
no-typed	fixtures/mutants/sample-specific-masks.C06--wrong-subst-domain-0.sexp	sample-specific-masks.C06	wrong-formulas	wrong-subst-domain	reject-R3	reject-R3	reject-R3	false
no-typed	fixtures/mutants/rice.C01--wrong-subst-domain-0.sexp	rice.C01	wrong-formulas	wrong-subst-domain	reject-R3	reject-R3	reject-R3	false
no-typed	fixtures/mutants/bam.C05--wrong-subst-domain-0.sexp	bam.C05	wrong-formulas	wrong-subst-domain	reject-R3	reject-R3	reject-R3	false
no-typed	fixtures/mutants/rebench-triton_cumsum.C09--wrong-subst-domain-0.sexp	rebench-triton_cumsum.C09	wrong-formulas	wrong-subst-domain	reject-R3	reject-R3	reject-R3	false
no-typed	fixtures/mutants/self-composing-policies.C01--wrong-subst-domain-0.sexp	self-composing-policies.C01	wrong-formulas	wrong-subst-domain	reject-R3	reject-R3	reject-R3	false
no-typed	fixtures/mutants/adaptive-pruning.C04--wrong-subst-domain-0.sexp	adaptive-pruning.C04	wrong-formulas	wrong-subst-domain	reject-R3	reject-R3	reject-R3	false
no-typed	fixtures/mutants/rebench-rust_codecontests.C02--wrong-subst-domain-0.sexp	rebench-rust_codecontests.C02	wrong-formulas	wrong-subst-domain	reject-R3	reject-R3	reject-R3	false
no-typed	fixtures/mutants/fre.C04--wrong-subst-domain-0.sexp	fre.C04	wrong-formulas	wrong-subst-domain	reject-R3	reject-R3	reject-R3	false
no-typed	fixtures/mutants/sample-specific-masks.C05--wrong-subst-domain-0.sexp	sample-specific-masks.C05	wrong-formulas	wrong-subst-domain	reject-R3	reject-R3	reject-R3	false
no-typed	fixtures/mutants/fre.C01--wrong-subst-domain-0.sexp	fre.C01	wrong-formulas	wrong-subst-domain	reject-R3	reject-R3	reject-R3	false
no-typed	fixtures/mutants/adaptive-pruning.C04--wrong-premise-0.sexp	adaptive-pruning.C04	wrong-formulas	wrong-premise	reject-R4	reject-R4	reject-R4	false
no-typed	fixtures/mutants/fre.C01--wrong-premise-0.sexp	fre.C01	wrong-formulas	wrong-premise	reject-R4	reject-R4	reject-R4	false
no-typed	fixtures/mutants/sample-specific-masks.C05--wrong-premise-0.sexp	sample-specific-masks.C05	wrong-formulas	wrong-premise	reject-R4	reject-R4	reject-R4	false
no-typed	fixtures/mutants/rebench-restricted_mlm.C14--wrong-premise-0.sexp	rebench-restricted_mlm.C14	wrong-formulas	wrong-premise	reject-R4	reject-R4	reject-R4	false
no-typed	fixtures/mutants/rebench-triton_cumsum.C09--wrong-premise-0.sexp	rebench-triton_cumsum.C09	wrong-formulas	wrong-premise	reject-R4	reject-R4	reject-R4	false
no-typed	fixtures/mutants/rebench-rust_codecontests.C02--wrong-premise-0.sexp	rebench-rust_codecontests.C02	wrong-formulas	wrong-premise	reject-R4	reject-R4	reject-R4	false
no-typed	fixtures/mutants/fre.C04--wrong-premise-0.sexp	fre.C04	wrong-formulas	wrong-premise	reject-R4	reject-R4	reject-R4	false
no-typed	fixtures/mutants/bam.C05--wrong-premise-0.sexp	bam.C05	wrong-formulas	wrong-premise	reject-R4	reject-R4	reject-R4	false
no-typed	fixtures/mutants/pinn.C01--wrong-premise-0.sexp	pinn.C01	wrong-formulas	wrong-premise	reject-R4	reject-R4	reject-R4	false
no-typed	fixtures/mutants/rice.C01--wrong-premise-0.sexp	rice.C01	wrong-formulas	wrong-premise	reject-R4	reject-R4	reject-R4	false
no-typed	fixtures/mutants/self-composing-policies.C01--wrong-premise-0.sexp	self-composing-policies.C01	wrong-formulas	wrong-premise	reject-R4	reject-R4	reject-R4	false
no-typed	fixtures/mutants/test-time-model-adaptation.C04--wrong-premise-0.sexp	test-time-model-adaptation.C04	wrong-formulas	wrong-premise	reject-R4	reject-R4	reject-R4	false
no-typed	fixtures/mutants/bam.C05--open-obligation-0.sexp	bam.C05	open-obligations	open-obligation	reject-R5	reject-R5	reject-R5	false
no-typed	fixtures/mutants/fre.C01--open-obligation-0.sexp	fre.C01	open-obligations	open-obligation	reject-R5	reject-R5	reject-R5	false
no-typed	fixtures/mutants/fre.C04--open-obligation-0.sexp	fre.C04	open-obligations	open-obligation	reject-R5	reject-R5	reject-R5	false
no-typed	fixtures/mutants/pinn.C01--open-obligation-0.sexp	pinn.C01	open-obligations	open-obligation	reject-R5	reject-R5	reject-R5	false
no-typed	fixtures/mutants/rice.C01--open-obligation-0.sexp	rice.C01	open-obligations	open-obligation	reject-R5	reject-R5	reject-R5	false
no-typed	fixtures/mutants/sample-specific-masks.C05--open-obligation-0.sexp	sample-specific-masks.C05	open-obligations	open-obligation	reject-R5	reject-R5	reject-R5	false
no-typed	fixtures/mutants/sample-specific-masks.C06--open-obligation-0.sexp	sample-specific-masks.C06	open-obligations	open-obligation	reject-R5	reject-R5	reject-R5	false
no-typed	fixtures/mutants/self-composing-policies.C01--open-obligation-0.sexp	self-composing-policies.C01	open-obligations	open-obligation	reject-R5	reject-R5	reject-R5	false
no-typed	fixtures/mutants/test-time-model-adaptation.C04--open-obligation-0.sexp	test-time-model-adaptation.C04	open-obligations	open-obligation	reject-R5	reject-R5	reject-R5	false
no-typed	fixtures/mutants/rebench-restricted_mlm.C14--open-obligation-0.sexp	rebench-restricted_mlm.C14	open-obligations	open-obligation	reject-R5	reject-R5	reject-R5	false
no-typed	fixtures/mutants/rebench-rust_codecontests.C02--open-obligation-0.sexp	rebench-rust_codecontests.C02	open-obligations	open-obligation	reject-R5	reject-R5	reject-R5	false
no-typed	fixtures/mutants/rebench-triton_cumsum.C09--open-obligation-0.sexp	rebench-triton_cumsum.C09	open-obligations	open-obligation	reject-R5	reject-R5	reject-R5	false
no-typed	fixtures/mutants/bam.C05--hole-obligation-0.sexp	bam.C05	open-obligations	hole-obligation	reject-IncompleteArgument	reject-IncompleteArgument	reject-IncompleteArgument	false
no-typed	fixtures/mutants/fre.C01--hole-obligation-0.sexp	fre.C01	open-obligations	hole-obligation	reject-IncompleteArgument	reject-IncompleteArgument	reject-IncompleteArgument	false
no-typed	fixtures/mutants/fre.C04--hole-obligation-0.sexp	fre.C04	open-obligations	hole-obligation	reject-IncompleteArgument	reject-IncompleteArgument	reject-IncompleteArgument	false
no-typed	fixtures/mutants/pinn.C01--hole-obligation-0.sexp	pinn.C01	open-obligations	hole-obligation	reject-IncompleteArgument	reject-IncompleteArgument	reject-IncompleteArgument	false
no-typed	fixtures/mutants/rice.C01--hole-obligation-0.sexp	rice.C01	open-obligations	hole-obligation	reject-IncompleteArgument	reject-IncompleteArgument	reject-IncompleteArgument	false
no-typed	fixtures/mutants/sample-specific-masks.C05--hole-obligation-0.sexp	sample-specific-masks.C05	open-obligations	hole-obligation	reject-IncompleteArgument	reject-IncompleteArgument	reject-IncompleteArgument	false
no-typed	fixtures/mutants/sample-specific-masks.C06--hole-obligation-0.sexp	sample-specific-masks.C06	open-obligations	hole-obligation	reject-IncompleteArgument	reject-IncompleteArgument	reject-IncompleteArgument	false
no-typed	fixtures/mutants/self-composing-policies.C01--hole-obligation-0.sexp	self-composing-policies.C01	open-obligations	hole-obligation	reject-IncompleteArgument	reject-IncompleteArgument	reject-IncompleteArgument	false
no-typed	fixtures/mutants/test-time-model-adaptation.C04--hole-obligation-0.sexp	test-time-model-adaptation.C04	open-obligations	hole-obligation	reject-IncompleteArgument	reject-IncompleteArgument	reject-IncompleteArgument	false
no-typed	fixtures/mutants/rebench-restricted_mlm.C14--hole-obligation-0.sexp	rebench-restricted_mlm.C14	open-obligations	hole-obligation	reject-IncompleteArgument	reject-IncompleteArgument	reject-IncompleteArgument	false
no-typed	fixtures/mutants/rebench-rust_codecontests.C02--hole-obligation-0.sexp	rebench-rust_codecontests.C02	open-obligations	hole-obligation	reject-IncompleteArgument	reject-IncompleteArgument	reject-IncompleteArgument	false
no-typed	fixtures/mutants/rebench-triton_cumsum.C09--hole-obligation-0.sexp	rebench-triton_cumsum.C09	open-obligations	hole-obligation	reject-IncompleteArgument	reject-IncompleteArgument	reject-IncompleteArgument	false
no-typed	fixtures/mutants/bam.C05--wrong-discharge-0.sexp	bam.C05	open-obligations	wrong-discharge	reject-R6	reject-R6	reject-R6	false
no-typed	fixtures/mutants/fre.C01--wrong-discharge-0.sexp	fre.C01	open-obligations	wrong-discharge	reject-R6	reject-R6	reject-R6	false
no-typed	fixtures/mutants/fre.C04--wrong-discharge-0.sexp	fre.C04	open-obligations	wrong-discharge	reject-R6	reject-R6	reject-R6	false
no-typed	fixtures/mutants/pinn.C01--wrong-discharge-0.sexp	pinn.C01	open-obligations	wrong-discharge	reject-R6	reject-R6	reject-R6	false
no-typed	fixtures/mutants/rice.C01--wrong-discharge-0.sexp	rice.C01	open-obligations	wrong-discharge	reject-R6	reject-R6	reject-R6	false
no-typed	fixtures/mutants/sample-specific-masks.C05--wrong-discharge-0.sexp	sample-specific-masks.C05	open-obligations	wrong-discharge	reject-R6	reject-R6	reject-R6	false
no-typed	fixtures/mutants/sample-specific-masks.C06--wrong-discharge-0.sexp	sample-specific-masks.C06	open-obligations	wrong-discharge	reject-R6	reject-R6	reject-R6	false
no-typed	fixtures/mutants/self-composing-policies.C01--wrong-discharge-0.sexp	self-composing-policies.C01	open-obligations	wrong-discharge	reject-R6	reject-R6	reject-R6	false
no-typed	fixtures/mutants/test-time-model-adaptation.C04--wrong-discharge-0.sexp	test-time-model-adaptation.C04	open-obligations	wrong-discharge	reject-R6	reject-R6	reject-R6	false
no-typed	fixtures/mutants/rebench-restricted_mlm.C14--wrong-discharge-0.sexp	rebench-restricted_mlm.C14	open-obligations	wrong-discharge	reject-R6	reject-R6	reject-R6	false
no-typed	fixtures/mutants/rebench-rust_codecontests.C02--wrong-discharge-0.sexp	rebench-rust_codecontests.C02	open-obligations	wrong-discharge	reject-R6	reject-R6	reject-R6	false
no-typed	fixtures/mutants/rebench-triton_cumsum.C09--wrong-discharge-0.sexp	rebench-triton_cumsum.C09	open-obligations	wrong-discharge	reject-R6	reject-R6	reject-R6	false
no-typed	fixtures/mutants/bam.C05--trusted-assurance-0.sexp	bam.C05	certificate-tampering	trusted-assurance	reject-R7	reject-R7	reject-R7	false
no-typed	fixtures/mutants/fre.C01--trusted-assurance-0.sexp	fre.C01	certificate-tampering	trusted-assurance	reject-R7	reject-R7	reject-R7	false
no-typed	fixtures/mutants/fre.C04--trusted-assurance-0.sexp	fre.C04	certificate-tampering	trusted-assurance	reject-R7	reject-R7	reject-R7	false
no-typed	fixtures/mutants/pinn.C01--trusted-assurance-0.sexp	pinn.C01	certificate-tampering	trusted-assurance	reject-R7	reject-R7	reject-R7	false
no-typed	fixtures/mutants/rice.C01--trusted-assurance-0.sexp	rice.C01	certificate-tampering	trusted-assurance	reject-R7	reject-R7	reject-R7	false
no-typed	fixtures/mutants/sample-specific-masks.C05--trusted-assurance-0.sexp	sample-specific-masks.C05	certificate-tampering	trusted-assurance	reject-R7	reject-R7	reject-R7	false
no-typed	fixtures/mutants/sample-specific-masks.C06--trusted-assurance-0.sexp	sample-specific-masks.C06	certificate-tampering	trusted-assurance	reject-R7	reject-R7	reject-R7	false
no-typed	fixtures/mutants/self-composing-policies.C01--trusted-assurance-0.sexp	self-composing-policies.C01	certificate-tampering	trusted-assurance	reject-R7	reject-R7	reject-R7	false
no-typed	fixtures/mutants/test-time-model-adaptation.C04--trusted-assurance-0.sexp	test-time-model-adaptation.C04	certificate-tampering	trusted-assurance	reject-R7	reject-R7	reject-R7	false
no-typed	fixtures/mutants/rebench-restricted_mlm.C14--trusted-assurance-0.sexp	rebench-restricted_mlm.C14	certificate-tampering	trusted-assurance	reject-R7	reject-R7	reject-R7	false
no-typed	fixtures/mutants/rebench-rust_codecontests.C02--trusted-assurance-0.sexp	rebench-rust_codecontests.C02	certificate-tampering	trusted-assurance	reject-R7	reject-R7	reject-R7	false
no-typed	fixtures/mutants/rebench-triton_cumsum.C09--trusted-assurance-0.sexp	rebench-triton_cumsum.C09	certificate-tampering	trusted-assurance	reject-R7	reject-R7	reject-R7	false
no-typed	fixtures/mutants/adaptive-pruning.C04--cert-theory-swap-0.sexp	adaptive-pruning.C04	certificate-tampering	cert-theory-swap	reject-R7	reject-R7	reject-R7	false
no-typed	fixtures/mutants/adaptive-pruning.C04--cert-payload-tamper-0.sexp	adaptive-pruning.C04	certificate-tampering	cert-payload-tamper	reject-R13	reject-R13	reject-R13	false
no-typed	fixtures/mutants/adaptive-pruning.C04--cert-wrong-fraction-0.sexp	adaptive-pruning.C04	certificate-tampering	cert-wrong-fraction	reject-R13	reject-R13	reject-R13	false
no-typed	fixtures/mutants/fre.C04--bad-attack-position-0.sexp	fre.C04	bad-attack-targets	bad-attack-position	reject-R10	reject-R10	accept-justified	true
no-typed	fixtures/mutants/test-time-model-adaptation.C04--bad-attack-position-0.sexp	test-time-model-adaptation.C04	bad-attack-targets	bad-attack-position	reject-R10	reject-R10	accept-justified	true
no-typed	fixtures/mutants/rebench-triton_cumsum.C09--bad-attack-position-0.sexp	rebench-triton_cumsum.C09	bad-attack-targets	bad-attack-position	reject-R10	reject-R10	accept-justified	true
no-typed	fixtures/mutants/rebench-restricted_mlm.C14--unlicensed-attack-0.sexp	rebench-restricted_mlm.C14	bad-attack-targets	unlicensed-attack	reject-R11	reject-R11	accept-all-contested	true
no-typed	fixtures/mutants/bam.C05--unlicensed-attack-0.sexp	bam.C05	bad-attack-targets	unlicensed-attack	reject-R11	reject-R11	accept-all-contested	true
no-typed	fixtures/mutants/pinn.C01--unlicensed-attack-0.sexp	pinn.C01	bad-attack-targets	unlicensed-attack	reject-R11	reject-R11	accept-all-contested	true
no-typed	fixtures/mutants/test-time-model-adaptation.C04--unlicensed-attack-0.sexp	test-time-model-adaptation.C04	bad-attack-targets	unlicensed-attack	reject-R11	reject-R11	accept-defeated	true
no-typed	fixtures/mutants/fre.C04--unlicensed-attack-0.sexp	fre.C04	bad-attack-targets	unlicensed-attack	reject-R11	reject-R11	accept-defeated	true
no-typed	fixtures/mutants/sample-specific-masks.C05--unlicensed-attack-0.sexp	sample-specific-masks.C05	bad-attack-targets	unlicensed-attack	reject-R11	reject-R11	accept-all-contested	true
no-typed	fixtures/mutants/fre.C01--unlicensed-attack-0.sexp	fre.C01	bad-attack-targets	unlicensed-attack	reject-R11	reject-R11	accept-all-contested	true
no-typed	fixtures/mutants/rebench-triton_cumsum.C09--unlicensed-attack-0.sexp	rebench-triton_cumsum.C09	bad-attack-targets	unlicensed-attack	reject-R11	reject-R11	accept-defeated	true
no-typed	fixtures/mutants/adaptive-pruning.C04--unlicensed-attack-0.sexp	adaptive-pruning.C04	bad-attack-targets	unlicensed-attack	reject-R11	reject-R11	accept-gap	true
no-typed	fixtures/mutants/rebench-rust_codecontests.C02--unlicensed-attack-0.sexp	rebench-rust_codecontests.C02	bad-attack-targets	unlicensed-attack	reject-R11	reject-R11	accept-all-contested	true
no-typed	fixtures/mutants/rice.C01--unlicensed-attack-0.sexp	rice.C01	bad-attack-targets	unlicensed-attack	reject-R11	reject-R11	accept-all-contested	true
no-typed	fixtures/mutants/self-composing-policies.C01--unlicensed-attack-0.sexp	self-composing-policies.C01	bad-attack-targets	unlicensed-attack	reject-R11	reject-R11	accept-all-contested	true
no-typed	fixtures/mutants/stay-on-topic-with-classifier-free-guidance.C05--group-conflict-0.sexp	stay-on-topic-with-classifier-free-guidance.C05	data-integrity	group-conflict	reject-R9	reject-R9	reject-R9	false
no-typed	fixtures/mutants/mechanistic-understanding.C04--group-conflict-0.sexp	mechanistic-understanding.C04	data-integrity	group-conflict	reject-R9	reject-R9	reject-R9	false
no-typed	fixtures/mutants/bbox.C06--group-conflict-0.sexp	bbox.C06	data-integrity	group-conflict	reject-R9	reject-R9	reject-R9	false
no-typed	fixtures/mutants/stochastic-interpolants.C01--group-conflict-0.sexp	stochastic-interpolants.C01	data-integrity	group-conflict	reject-R9	reject-R9	reject-R9	false
no-typed	fixtures/mutants/stay-on-topic-with-classifier-free-guidance.C06--group-conflict-0.sexp	stay-on-topic-with-classifier-free-guidance.C06	data-integrity	group-conflict	reject-R9	reject-R9	reject-R9	false
no-typed	fixtures/mutants/self-composing-policies.C04--group-conflict-0.sexp	self-composing-policies.C04	data-integrity	group-conflict	reject-R9	reject-R9	reject-R9	false
no-typed	fixtures/mutants/rebench-rust_codecontests.C02--group-conflict-0.sexp	rebench-rust_codecontests.C02	data-integrity	group-conflict	reject-R9	reject-R9	reject-R9	false
no-typed	fixtures/mutants/pinn.C03--group-conflict-0.sexp	pinn.C03	data-integrity	group-conflict	reject-R9	reject-R9	reject-R9	false
no-typed	fixtures/mutants/self-expansion.C04--group-conflict-0.sexp	self-expansion.C04	data-integrity	group-conflict	reject-R9	reject-R9	reject-R9	false
no-typed	fixtures/mutants/all-in-one.C03--group-conflict-0.sexp	all-in-one.C03	data-integrity	group-conflict	reject-R9	reject-R9	reject-R9	false
no-typed	fixtures/mutants/all-in-one.C06--group-conflict-0.sexp	all-in-one.C06	data-integrity	group-conflict	reject-R9	reject-R9	reject-R9	false
no-typed	fixtures/mutants/mechanistic-understanding.C02--group-conflict-0.sexp	mechanistic-understanding.C02	data-integrity	group-conflict	reject-R9	reject-R9	reject-R9	false
no-typed	fixtures/mutants/rebench-rust_codecontests.C02--retract-rule-0.sexp	rebench-rust_codecontests.C02	localization	retract-rule	reject-R1	reject-R1	reject-R1	false
no-typed	fixtures/mutants/self-composing-policies.C01--retract-rule-0.sexp	self-composing-policies.C01	localization	retract-rule	reject-R1	reject-R1	reject-R1	false
no-typed	fixtures/mutants/adaptive-pruning.C04--retract-rule-0.sexp	adaptive-pruning.C04	localization	retract-rule	reject-R1	reject-R1	reject-R1	false
no-typed	fixtures/mutants/rice.C01--retract-rule-0.sexp	rice.C01	localization	retract-rule	reject-R1	reject-R1	reject-R1	false
no-typed	fixtures/mutants/test-time-model-adaptation.C04--retract-rule-0.sexp	test-time-model-adaptation.C04	localization	retract-rule	reject-R1	reject-R1	reject-R1	false
no-typed	fixtures/mutants/fre.C04--retract-rule-0.sexp	fre.C04	localization	retract-rule	reject-R1	reject-R1	reject-R1	false
no-typed	fixtures/mutants/sample-specific-masks.C05--retract-rule-0.sexp	sample-specific-masks.C05	localization	retract-rule	reject-R1	reject-R1	reject-R1	false
no-typed	fixtures/mutants/fre.C01--retract-rule-0.sexp	fre.C01	localization	retract-rule	reject-R1	reject-R1	reject-R1	false
no-typed	fixtures/mutants/sample-specific-masks.C06--retract-rule-0.sexp	sample-specific-masks.C06	localization	retract-rule	reject-R1	reject-R1	reject-R1	false
no-typed	fixtures/mutants/rebench-triton_cumsum.C09--retract-rule-0.sexp	rebench-triton_cumsum.C09	localization	retract-rule	reject-R1	reject-R1	reject-R1	false
no-typed	fixtures/mutants/pinn.C01--retract-rule-0.sexp	pinn.C01	localization	retract-rule	reject-R1	reject-R1	reject-R1	false
no-typed	fixtures/mutants/bam.C05--retract-rule-0.sexp	bam.C05	localization	retract-rule	reject-R1	reject-R1	reject-R1	false
no-typed	fixtures/mutants/fre.C04--cross-stage-defect-0.sexp	fre.C04	localization	cross-stage-defect	reject-R4	reject-R4	reject-R4	false
no-typed	fixtures/mutants/test-time-model-adaptation.C04--cross-stage-defect-0.sexp	test-time-model-adaptation.C04	localization	cross-stage-defect	reject-R4	reject-R4	reject-R4	false
no-typed	fixtures/mutants/rebench-triton_cumsum.C09--cross-stage-defect-0.sexp	rebench-triton_cumsum.C09	localization	cross-stage-defect	reject-R4	reject-R4	reject-R4	false
no-typed	fixtures/mutants/semantic-self-consistency.C03--undeclared-pred-0.sexp	semantic-self-consistency.C03	signature	undeclared-pred	reject-R2	reject-R2	reject-R2	false
no-typed	fixtures/mutants/robust-clip.C07--undeclared-pred-0.sexp	robust-clip.C07	signature	undeclared-pred	reject-R2	reject-R2	reject-R2	false
no-typed	fixtures/mutants/adaptive-pruning.C03--undeclared-pred-0.sexp	adaptive-pruning.C03	signature	undeclared-pred	reject-R2	reject-R2	reject-R2	false
no-typed	fixtures/mutants/stochastic-interpolants.C03--undeclared-pred-0.sexp	stochastic-interpolants.C03	signature	undeclared-pred	reject-R2	reject-R2	reject-R2	false
no-typed	fixtures/mutants/robust-clip.C02--undeclared-pred-0.sexp	robust-clip.C02	signature	undeclared-pred	reject-R2	reject-R2	reject-R2	false
no-typed	fixtures/mutants/stay-on-topic-with-classifier-free-guidance.C02--undeclared-pred-0.sexp	stay-on-topic-with-classifier-free-guidance.C02	signature	undeclared-pred	reject-R2	reject-R2	reject-R2	false
no-typed	fixtures/mutants/sample-specific-masks.C05--undeclared-pred-0.sexp	sample-specific-masks.C05	signature	undeclared-pred	reject-R2	reject-R2	reject-R2	false
no-typed	fixtures/mutants/mechanistic-understanding.C04--undeclared-pred-0.sexp	mechanistic-understanding.C04	signature	undeclared-pred	reject-R2	reject-R2	reject-R2	false
no-typed	fixtures/mutants/sapg.C01--undeclared-pred-0.sexp	sapg.C01	signature	undeclared-pred	reject-R2	reject-R2	reject-R2	false
no-typed	fixtures/mutants/bbox.C05--undeclared-pred-0.sexp	bbox.C05	signature	undeclared-pred	reject-R2	reject-R2	reject-R2	false
no-typed	fixtures/mutants/self-expansion.C03--undeclared-pred-0.sexp	self-expansion.C03	signature	undeclared-pred	reject-R2	reject-R2	reject-R2	false
no-typed	fixtures/mutants/mechanistic-understanding.C02--undeclared-pred-0.sexp	mechanistic-understanding.C02	signature	undeclared-pred	reject-R2	reject-R2	reject-R2	false
no-typed	fixtures/mutants/stay-on-topic-with-classifier-free-guidance.C05--wrong-pred-arity-0.sexp	stay-on-topic-with-classifier-free-guidance.C05	signature	wrong-pred-arity	reject-R2	reject-R2	reject-R2	false
no-typed	fixtures/mutants/bridging-data-gaps.C05--wrong-pred-arity-0.sexp	bridging-data-gaps.C05	signature	wrong-pred-arity	reject-R2	reject-R2	reject-R2	false
no-typed	fixtures/mutants/adaptive-pruning.C04--wrong-pred-arity-0.sexp	adaptive-pruning.C04	signature	wrong-pred-arity	reject-R2	reject-R2	reject-R2	false
no-typed	fixtures/mutants/stay-on-topic-with-classifier-free-guidance.C06--wrong-pred-arity-0.sexp	stay-on-topic-with-classifier-free-guidance.C06	signature	wrong-pred-arity	reject-R2	reject-R2	reject-R2	false
no-typed	fixtures/mutants/adaptive-pruning.C03--wrong-pred-arity-0.sexp	adaptive-pruning.C03	signature	wrong-pred-arity	reject-R2	reject-R2	reject-R2	false
no-typed	fixtures/mutants/semantic-self-consistency.C06--wrong-pred-arity-0.sexp	semantic-self-consistency.C06	signature	wrong-pred-arity	reject-R2	reject-R2	reject-R2	false
no-typed	fixtures/mutants/rebench-fix_embedding.C12--wrong-pred-arity-0.sexp	rebench-fix_embedding.C12	signature	wrong-pred-arity	reject-R2	reject-R2	reject-R2	false
no-typed	fixtures/mutants/all-in-one.C05--wrong-pred-arity-0.sexp	all-in-one.C05	signature	wrong-pred-arity	reject-R2	reject-R2	reject-R2	false
no-typed	fixtures/mutants/bbox.C05--wrong-pred-arity-0.sexp	bbox.C05	signature	wrong-pred-arity	reject-R2	reject-R2	reject-R2	false
no-typed	fixtures/mutants/all-in-one.C03--wrong-pred-arity-0.sexp	all-in-one.C03	signature	wrong-pred-arity	reject-R2	reject-R2	reject-R2	false
no-typed	fixtures/mutants/pinn.C03--wrong-pred-arity-0.sexp	pinn.C03	signature	wrong-pred-arity	reject-R2	reject-R2	reject-R2	false
no-typed	fixtures/mutants/test-time-model-adaptation.C05--wrong-pred-arity-0.sexp	test-time-model-adaptation.C05	signature	wrong-pred-arity	reject-R2	reject-R2	reject-R2	false
no-typed	fixtures/mutants/stay-on-topic-with-classifier-free-guidance.C06--wrong-arg-sort-0.sexp	stay-on-topic-with-classifier-free-guidance.C06	signature	wrong-arg-sort	reject-R2	reject-R2	reject-R2	false
no-typed	fixtures/mutants/sapg.C06--wrong-arg-sort-0.sexp	sapg.C06	signature	wrong-arg-sort	reject-R2	reject-R2	reject-R2	false
no-typed	fixtures/mutants/robust-clip.C02--wrong-arg-sort-0.sexp	robust-clip.C02	signature	wrong-arg-sort	reject-R2	reject-R2	reject-R2	false
no-typed	fixtures/mutants/semantic-self-consistency.C03--wrong-arg-sort-0.sexp	semantic-self-consistency.C03	signature	wrong-arg-sort	reject-R2	reject-R2	reject-R2	false
no-typed	fixtures/mutants/bbox.C02--wrong-arg-sort-0.sexp	bbox.C02	signature	wrong-arg-sort	reject-R2	reject-R2	reject-R2	false
no-typed	fixtures/mutants/self-composing-policies.C04--wrong-arg-sort-0.sexp	self-composing-policies.C04	signature	wrong-arg-sort	reject-R2	reject-R2	reject-R2	false
no-typed	fixtures/mutants/bbox.C04--wrong-arg-sort-0.sexp	bbox.C04	signature	wrong-arg-sort	reject-R2	reject-R2	reject-R2	false
no-typed	fixtures/mutants/bam.C06--wrong-arg-sort-0.sexp	bam.C06	signature	wrong-arg-sort	reject-R2	reject-R2	reject-R2	false
no-typed	fixtures/mutants/bridging-data-gaps.C03--wrong-arg-sort-0.sexp	bridging-data-gaps.C03	signature	wrong-arg-sort	reject-R2	reject-R2	reject-R2	false
no-typed	fixtures/mutants/test-time-model-adaptation.C04--wrong-arg-sort-0.sexp	test-time-model-adaptation.C04	signature	wrong-arg-sort	reject-R2	reject-R2	reject-R2	false
no-typed	fixtures/mutants/all-in-one.C01--wrong-arg-sort-0.sexp	all-in-one.C01	signature	wrong-arg-sort	reject-R2	reject-R2	reject-R2	false
no-typed	fixtures/mutants/stay-on-topic-with-classifier-free-guidance.C05--wrong-arg-sort-0.sexp	stay-on-topic-with-classifier-free-guidance.C05	signature	wrong-arg-sort	reject-R2	reject-R2	reject-R2	false
no-typed	fixtures/mutants/sample-specific-masks.C06--undeclared-con-0.sexp	sample-specific-masks.C06	signature	undeclared-con	reject-R2	reject-R2	reject-R2	false
no-typed	fixtures/mutants/rice.C01--undeclared-con-0.sexp	rice.C01	signature	undeclared-con	reject-R2	reject-R2	reject-R2	false
no-typed	fixtures/mutants/sequential-neural-score-estimation.C04--undeclared-con-0.sexp	sequential-neural-score-estimation.C04	signature	undeclared-con	reject-R2	reject-R2	reject-R2	false
no-typed	fixtures/mutants/bridging-data-gaps.C03--undeclared-con-0.sexp	bridging-data-gaps.C03	signature	undeclared-con	reject-R2	reject-R2	reject-R2	false
no-typed	fixtures/mutants/fre.C03--undeclared-con-0.sexp	fre.C03	signature	undeclared-con	reject-R2	reject-R2	reject-R2	false
no-typed	fixtures/mutants/pinn.C05--undeclared-con-0.sexp	pinn.C05	signature	undeclared-con	reject-R2	reject-R2	reject-R2	false
no-typed	fixtures/mutants/rebench-restricted_mlm.C14--undeclared-con-0.sexp	rebench-restricted_mlm.C14	signature	undeclared-con	reject-R2	reject-R2	reject-R2	false
no-typed	fixtures/mutants/fre.C04--undeclared-con-0.sexp	fre.C04	signature	undeclared-con	reject-R2	reject-R2	reject-R2	false
no-typed	fixtures/mutants/bbox.C06--undeclared-con-0.sexp	bbox.C06	signature	undeclared-con	reject-R2	reject-R2	reject-R2	false
no-typed	fixtures/mutants/bam.C05--undeclared-con-0.sexp	bam.C05	signature	undeclared-con	reject-R2	reject-R2	reject-R2	false
no-typed	fixtures/mutants/all-in-one.C06--undeclared-con-0.sexp	all-in-one.C06	signature	undeclared-con	reject-R2	reject-R2	reject-R2	false
no-typed	fixtures/mutants/self-composing-policies.C04--undeclared-con-0.sexp	self-composing-policies.C04	signature	undeclared-con	reject-R2	reject-R2	reject-R2	false
no-typed	fixtures/mutants/rebench-triton_cumsum.C09--wrong-theta-sort-0.sexp	rebench-triton_cumsum.C09	signature	wrong-theta-sort	reject-R2	reject-R2	reject-R2	false
no-typed	fixtures/mutants/pinn.C01--wrong-theta-sort-0.sexp	pinn.C01	signature	wrong-theta-sort	reject-R2	reject-R2	reject-R2	false
no-typed	fixtures/mutants/rebench-restricted_mlm.C14--wrong-theta-sort-0.sexp	rebench-restricted_mlm.C14	signature	wrong-theta-sort	reject-R2	reject-R2	reject-R2	false
no-typed	fixtures/mutants/fre.C01--wrong-theta-sort-0.sexp	fre.C01	signature	wrong-theta-sort	reject-R2	reject-R2	reject-R2	false
no-typed	fixtures/mutants/rice.C01--wrong-theta-sort-0.sexp	rice.C01	signature	wrong-theta-sort	reject-R2	reject-R2	reject-R2	false
no-typed	fixtures/mutants/sample-specific-masks.C06--wrong-theta-sort-0.sexp	sample-specific-masks.C06	signature	wrong-theta-sort	reject-R2	reject-R2	reject-R2	false
no-typed	fixtures/mutants/sample-specific-masks.C05--wrong-theta-sort-0.sexp	sample-specific-masks.C05	signature	wrong-theta-sort	reject-R2	reject-R2	reject-R2	false
no-typed	fixtures/mutants/test-time-model-adaptation.C04--wrong-theta-sort-0.sexp	test-time-model-adaptation.C04	signature	wrong-theta-sort	reject-R2	reject-R2	reject-R2	false
no-typed	fixtures/mutants/adaptive-pruning.C04--wrong-theta-sort-0.sexp	adaptive-pruning.C04	signature	wrong-theta-sort	reject-R2	reject-R2	reject-R2	false
no-typed	fixtures/mutants/bam.C05--wrong-theta-sort-0.sexp	bam.C05	signature	wrong-theta-sort	reject-R2	reject-R2	reject-R2	false
no-typed	fixtures/mutants/fre.C04--wrong-theta-sort-0.sexp	fre.C04	signature	wrong-theta-sort	reject-R2	reject-R2	reject-R2	false
no-typed	fixtures/mutants/rebench-rust_codecontests.C02--wrong-theta-sort-0.sexp	rebench-rust_codecontests.C02	signature	wrong-theta-sort	reject-R2	reject-R2	reject-R2	false
no-typed	fixtures/mutants/self-expansion.C04--out-of-scope-var-0.sexp	self-expansion.C04	hidden-policy-extension	out-of-scope-var	reject-R12	reject-R12	reject-R12	false
no-typed	fixtures/mutants/robust-clip.C03--out-of-scope-var-0.sexp	robust-clip.C03	hidden-policy-extension	out-of-scope-var	reject-R12	reject-R12	reject-R12	false
no-typed	fixtures/mutants/robust-clip.C07--out-of-scope-var-0.sexp	robust-clip.C07	hidden-policy-extension	out-of-scope-var	reject-R12	reject-R12	reject-R12	false
no-typed	fixtures/mutants/sapg.C06--out-of-scope-var-0.sexp	sapg.C06	hidden-policy-extension	out-of-scope-var	reject-R12	reject-R12	reject-R12	false
no-typed	fixtures/mutants/self-composing-policies.C01--out-of-scope-var-0.sexp	self-composing-policies.C01	hidden-policy-extension	out-of-scope-var	reject-R12	reject-R12	reject-R12	false
no-typed	fixtures/mutants/mechanistic-understanding.C02--out-of-scope-var-0.sexp	mechanistic-understanding.C02	hidden-policy-extension	out-of-scope-var	reject-R12	reject-R12	reject-R12	false
no-typed	fixtures/mutants/rebench-rust_codecontests.C02--out-of-scope-var-0.sexp	rebench-rust_codecontests.C02	hidden-policy-extension	out-of-scope-var	reject-R12	reject-R12	reject-R12	false
no-typed	fixtures/mutants/test-time-model-adaptation.C05--out-of-scope-var-0.sexp	test-time-model-adaptation.C05	hidden-policy-extension	out-of-scope-var	reject-R12	reject-R12	reject-R12	false
no-typed	fixtures/mutants/lbcs.C03--out-of-scope-var-0.sexp	lbcs.C03	hidden-policy-extension	out-of-scope-var	reject-R12	reject-R12	reject-R12	false
no-typed	fixtures/mutants/bam.C06--out-of-scope-var-0.sexp	bam.C06	hidden-policy-extension	out-of-scope-var	reject-R12	reject-R12	reject-R12	false
no-typed	fixtures/mutants/self-composing-policies.C04--out-of-scope-var-0.sexp	self-composing-policies.C04	hidden-policy-extension	out-of-scope-var	reject-R12	reject-R12	reject-R12	false
no-typed	fixtures/mutants/all-in-one.C06--out-of-scope-var-0.sexp	all-in-one.C06	hidden-policy-extension	out-of-scope-var	reject-R12	reject-R12	reject-R12	false
no-typed	fixtures/mutants/sapg.C06--duplicate-backend-0.sexp	sapg.C06	certificate-tampering	duplicate-backend	reject-R13	reject-R13	reject-R13	false
no-typed	fixtures/mutants/semantic-self-consistency.C03--duplicate-backend-0.sexp	semantic-self-consistency.C03	certificate-tampering	duplicate-backend	reject-R13	reject-R13	reject-R13	false
no-typed	fixtures/mutants/self-expansion.C04--duplicate-backend-0.sexp	self-expansion.C04	certificate-tampering	duplicate-backend	reject-R13	reject-R13	reject-R13	false
no-typed	fixtures/mutants/all-in-one.C01--duplicate-backend-0.sexp	all-in-one.C01	certificate-tampering	duplicate-backend	reject-R13	reject-R13	reject-R13	false
no-typed	fixtures/mutants/adaptive-pruning.C03--duplicate-backend-0.sexp	adaptive-pruning.C03	certificate-tampering	duplicate-backend	reject-R13	reject-R13	reject-R13	false
no-typed	fixtures/mutants/stochastic-interpolants.C01--duplicate-backend-0.sexp	stochastic-interpolants.C01	certificate-tampering	duplicate-backend	reject-R13	reject-R13	reject-R13	false
no-typed	fixtures/mutants/pinn.C01--duplicate-backend-0.sexp	pinn.C01	certificate-tampering	duplicate-backend	reject-R13	reject-R13	reject-R13	false
no-typed	fixtures/mutants/bbox.C04--duplicate-backend-0.sexp	bbox.C04	certificate-tampering	duplicate-backend	reject-R13	reject-R13	reject-R13	false
no-typed	fixtures/mutants/all-in-one.C05--duplicate-backend-0.sexp	all-in-one.C05	certificate-tampering	duplicate-backend	reject-R13	reject-R13	reject-R13	false
no-typed	fixtures/mutants/fre.C04--duplicate-backend-0.sexp	fre.C04	certificate-tampering	duplicate-backend	reject-R13	reject-R13	reject-R13	false
no-typed	fixtures/mutants/sapg.C02--duplicate-backend-0.sexp	sapg.C02	certificate-tampering	duplicate-backend	reject-R13	reject-R13	reject-R13	false
no-typed	fixtures/mutants/stay-on-topic-with-classifier-free-guidance.C05--duplicate-backend-0.sexp	stay-on-topic-with-classifier-free-guidance.C05	certificate-tampering	duplicate-backend	reject-R13	reject-R13	reject-R13	false
no-typed	fixtures/mutants/pinn.C03--unknown-backend-0.sexp	pinn.C03	certificate-tampering	unknown-backend	reject-R13	reject-R13	reject-R13	false
no-typed	fixtures/mutants/bbox.C05--unknown-backend-0.sexp	bbox.C05	certificate-tampering	unknown-backend	reject-R13	reject-R13	reject-R13	false
no-typed	fixtures/mutants/rebench-restricted_mlm.C14--unknown-backend-0.sexp	rebench-restricted_mlm.C14	certificate-tampering	unknown-backend	reject-R13	reject-R13	reject-R13	false
no-typed	fixtures/mutants/rebench-rust_codecontests.C09--unknown-backend-0.sexp	rebench-rust_codecontests.C09	certificate-tampering	unknown-backend	reject-R13	reject-R13	reject-R13	false
no-typed	fixtures/mutants/lbcs.C05--unknown-backend-0.sexp	lbcs.C05	certificate-tampering	unknown-backend	reject-R13	reject-R13	reject-R13	false
no-typed	fixtures/mutants/pinn.C05--unknown-backend-0.sexp	pinn.C05	certificate-tampering	unknown-backend	reject-R13	reject-R13	reject-R13	false
no-typed	fixtures/mutants/bridging-data-gaps.C05--unknown-backend-0.sexp	bridging-data-gaps.C05	certificate-tampering	unknown-backend	reject-R13	reject-R13	reject-R13	false
no-typed	fixtures/mutants/all-in-one.C03--unknown-backend-0.sexp	all-in-one.C03	certificate-tampering	unknown-backend	reject-R13	reject-R13	reject-R13	false
no-typed	fixtures/mutants/semantic-self-consistency.C05--unknown-backend-0.sexp	semantic-self-consistency.C05	certificate-tampering	unknown-backend	reject-R13	reject-R13	reject-R13	false
no-typed	fixtures/mutants/adaptive-pruning.C03--unknown-backend-0.sexp	adaptive-pruning.C03	certificate-tampering	unknown-backend	reject-R13	reject-R13	reject-R13	false
no-typed	fixtures/mutants/ftrl.C01--unknown-backend-0.sexp	ftrl.C01	certificate-tampering	unknown-backend	reject-R13	reject-R13	reject-R13	false
no-typed	fixtures/mutants/sapg.C06--unknown-backend-0.sexp	sapg.C06	certificate-tampering	unknown-backend	reject-R13	reject-R13	reject-R13	false
no-typed	fixtures/mutants/bam.C05--drop-support-0.sexp	bam.C05	accept-verdict	drop-support	accept-gap	accept-gap	accept-gap	false
no-typed	fixtures/mutants/bam.C05--attach-undercut-0.sexp	bam.C05	accept-verdict	attach-undercut	accept-defeated	accept-defeated	accept-defeated	false
no-typed	fixtures/mutants/bam.C05--quarantine-attacker-0.sexp	bam.C05	accept-verdict	quarantine-attacker	accept-evidence-blocked	accept-evidence-blocked	accept-evidence-blocked	false
no-typed	fixtures/mutants/bam.C05--attach-rebut-cycle-0.sexp	bam.C05	accept-verdict	attach-rebut-cycle	accept-contested	accept-all-contested	accept-all-contested	false
no-typed	fixtures/mutants/bam.C05--attach-undermine-0.sexp	bam.C05	accept-verdict	attach-undermine	accept-defeated	accept-defeated	accept-defeated	false
no-typed	fixtures/mutants/bam.C05--attach-reinstate-0.sexp	bam.C05	accept-verdict	attach-reinstate	accept-justified	accept-justified	accept-justified	false
no-typed	fixtures/mutants/fre.C01--drop-support-0.sexp	fre.C01	accept-verdict	drop-support	accept-gap	accept-gap	accept-gap	false
no-typed	fixtures/mutants/fre.C01--attach-undercut-0.sexp	fre.C01	accept-verdict	attach-undercut	accept-defeated	accept-defeated	accept-defeated	false
no-typed	fixtures/mutants/fre.C01--quarantine-attacker-0.sexp	fre.C01	accept-verdict	quarantine-attacker	accept-evidence-blocked	accept-evidence-blocked	accept-evidence-blocked	false
no-typed	fixtures/mutants/fre.C01--attach-rebut-cycle-0.sexp	fre.C01	accept-verdict	attach-rebut-cycle	accept-contested	accept-all-contested	accept-all-contested	false
no-typed	fixtures/mutants/fre.C01--attach-undermine-0.sexp	fre.C01	accept-verdict	attach-undermine	accept-defeated	accept-defeated	accept-defeated	false
no-typed	fixtures/mutants/fre.C01--attach-reinstate-0.sexp	fre.C01	accept-verdict	attach-reinstate	accept-justified	accept-justified	accept-justified	false
no-typed	fixtures/mutants/pinn.C01--drop-support-0.sexp	pinn.C01	accept-verdict	drop-support	accept-gap	accept-gap	accept-gap	false
no-typed	fixtures/mutants/pinn.C01--attach-undercut-0.sexp	pinn.C01	accept-verdict	attach-undercut	accept-defeated	accept-defeated	accept-defeated	false
no-typed	fixtures/mutants/pinn.C01--quarantine-attacker-0.sexp	pinn.C01	accept-verdict	quarantine-attacker	accept-evidence-blocked	accept-evidence-blocked	accept-evidence-blocked	false
no-typed	fixtures/mutants/pinn.C01--attach-rebut-cycle-0.sexp	pinn.C01	accept-verdict	attach-rebut-cycle	accept-contested	accept-all-contested	accept-all-contested	false
no-typed	fixtures/mutants/pinn.C01--attach-undermine-0.sexp	pinn.C01	accept-verdict	attach-undermine	accept-defeated	accept-defeated	accept-defeated	false
no-typed	fixtures/mutants/pinn.C01--attach-reinstate-0.sexp	pinn.C01	accept-verdict	attach-reinstate	accept-justified	accept-justified	accept-justified	false
no-typed	fixtures/mutants/rice.C01--drop-support-0.sexp	rice.C01	accept-verdict	drop-support	accept-gap	accept-gap	accept-gap	false
no-typed	fixtures/mutants/rice.C01--attach-undercut-0.sexp	rice.C01	accept-verdict	attach-undercut	accept-defeated	accept-defeated	accept-defeated	false
no-typed	fixtures/mutants/rice.C01--quarantine-attacker-0.sexp	rice.C01	accept-verdict	quarantine-attacker	accept-evidence-blocked	accept-evidence-blocked	accept-evidence-blocked	false
no-typed	fixtures/mutants/rice.C01--attach-rebut-cycle-0.sexp	rice.C01	accept-verdict	attach-rebut-cycle	accept-contested	accept-all-contested	accept-all-contested	false
no-typed	fixtures/mutants/rice.C01--attach-undermine-0.sexp	rice.C01	accept-verdict	attach-undermine	accept-defeated	accept-defeated	accept-defeated	false
no-typed	fixtures/mutants/rice.C01--attach-reinstate-0.sexp	rice.C01	accept-verdict	attach-reinstate	accept-justified	accept-justified	accept-justified	false
no-typed	fixtures/mutants/sample-specific-masks.C05--drop-support-0.sexp	sample-specific-masks.C05	accept-verdict	drop-support	accept-gap	accept-gap	accept-gap	false
no-typed	fixtures/mutants/sample-specific-masks.C05--attach-undercut-0.sexp	sample-specific-masks.C05	accept-verdict	attach-undercut	accept-defeated	accept-defeated	accept-defeated	false
no-typed	fixtures/mutants/sample-specific-masks.C05--quarantine-attacker-0.sexp	sample-specific-masks.C05	accept-verdict	quarantine-attacker	accept-evidence-blocked	accept-evidence-blocked	accept-evidence-blocked	false
no-typed	fixtures/mutants/sample-specific-masks.C05--attach-rebut-cycle-0.sexp	sample-specific-masks.C05	accept-verdict	attach-rebut-cycle	accept-contested	accept-all-contested	accept-all-contested	false
no-typed	fixtures/mutants/sample-specific-masks.C05--attach-undermine-0.sexp	sample-specific-masks.C05	accept-verdict	attach-undermine	accept-defeated	accept-defeated	accept-defeated	false
no-typed	fixtures/mutants/sample-specific-masks.C05--attach-reinstate-0.sexp	sample-specific-masks.C05	accept-verdict	attach-reinstate	accept-justified	accept-justified	accept-justified	false
no-typed	fixtures/mutants/sample-specific-masks.C06--drop-support-0.sexp	sample-specific-masks.C06	accept-verdict	drop-support	accept-gap	accept-gap	accept-gap	false
no-typed	fixtures/mutants/sample-specific-masks.C06--attach-undercut-0.sexp	sample-specific-masks.C06	accept-verdict	attach-undercut	accept-defeated	accept-defeated	accept-defeated	false
no-typed	fixtures/mutants/sample-specific-masks.C06--quarantine-attacker-0.sexp	sample-specific-masks.C06	accept-verdict	quarantine-attacker	accept-evidence-blocked	accept-evidence-blocked	accept-evidence-blocked	false
no-typed	fixtures/mutants/sample-specific-masks.C06--attach-rebut-cycle-0.sexp	sample-specific-masks.C06	accept-verdict	attach-rebut-cycle	accept-contested	accept-all-contested	accept-all-contested	false
no-typed	fixtures/mutants/sample-specific-masks.C06--attach-undermine-0.sexp	sample-specific-masks.C06	accept-verdict	attach-undermine	accept-defeated	accept-defeated	accept-defeated	false
no-typed	fixtures/mutants/sample-specific-masks.C06--attach-reinstate-0.sexp	sample-specific-masks.C06	accept-verdict	attach-reinstate	accept-justified	accept-justified	accept-justified	false
no-typed	fixtures/mutants/self-composing-policies.C01--drop-support-0.sexp	self-composing-policies.C01	accept-verdict	drop-support	accept-gap	accept-gap	accept-gap	false
no-typed	fixtures/mutants/self-composing-policies.C01--attach-undercut-0.sexp	self-composing-policies.C01	accept-verdict	attach-undercut	accept-defeated	accept-defeated	accept-defeated	false
no-typed	fixtures/mutants/self-composing-policies.C01--quarantine-attacker-0.sexp	self-composing-policies.C01	accept-verdict	quarantine-attacker	accept-evidence-blocked	accept-evidence-blocked	accept-evidence-blocked	false
no-typed	fixtures/mutants/self-composing-policies.C01--attach-rebut-cycle-0.sexp	self-composing-policies.C01	accept-verdict	attach-rebut-cycle	accept-contested	accept-all-contested	accept-all-contested	false
no-typed	fixtures/mutants/self-composing-policies.C01--attach-undermine-0.sexp	self-composing-policies.C01	accept-verdict	attach-undermine	accept-defeated	accept-defeated	accept-defeated	false
no-typed	fixtures/mutants/self-composing-policies.C01--attach-reinstate-0.sexp	self-composing-policies.C01	accept-verdict	attach-reinstate	accept-justified	accept-justified	accept-justified	false
no-typed	fixtures/mutants/rebench-restricted_mlm.C14--drop-support-0.sexp	rebench-restricted_mlm.C14	accept-verdict	drop-support	accept-gap	accept-gap	accept-gap	false
no-typed	fixtures/mutants/rebench-restricted_mlm.C14--attach-undercut-0.sexp	rebench-restricted_mlm.C14	accept-verdict	attach-undercut	accept-defeated	accept-defeated	accept-defeated	false
no-typed	fixtures/mutants/rebench-restricted_mlm.C14--quarantine-attacker-0.sexp	rebench-restricted_mlm.C14	accept-verdict	quarantine-attacker	accept-evidence-blocked	accept-evidence-blocked	accept-evidence-blocked	false
no-typed	fixtures/mutants/rebench-restricted_mlm.C14--attach-rebut-cycle-0.sexp	rebench-restricted_mlm.C14	accept-verdict	attach-rebut-cycle	accept-contested	accept-all-contested	accept-all-contested	false
no-typed	fixtures/mutants/rebench-restricted_mlm.C14--attach-undermine-0.sexp	rebench-restricted_mlm.C14	accept-verdict	attach-undermine	accept-defeated	accept-defeated	accept-defeated	false
no-typed	fixtures/mutants/rebench-restricted_mlm.C14--attach-reinstate-0.sexp	rebench-restricted_mlm.C14	accept-verdict	attach-reinstate	accept-justified	accept-justified	accept-justified	false
no-typed	fixtures/mutants/rebench-rust_codecontests.C02--drop-support-0.sexp	rebench-rust_codecontests.C02	accept-verdict	drop-support	accept-gap	accept-gap	accept-gap	false
no-typed	fixtures/mutants/rebench-rust_codecontests.C02--attach-undercut-0.sexp	rebench-rust_codecontests.C02	accept-verdict	attach-undercut	accept-defeated	accept-defeated	accept-defeated	false
no-typed	fixtures/mutants/rebench-rust_codecontests.C02--quarantine-attacker-0.sexp	rebench-rust_codecontests.C02	accept-verdict	quarantine-attacker	accept-evidence-blocked	accept-evidence-blocked	accept-evidence-blocked	false
no-typed	fixtures/mutants/rebench-rust_codecontests.C02--attach-rebut-cycle-0.sexp	rebench-rust_codecontests.C02	accept-verdict	attach-rebut-cycle	accept-contested	accept-all-contested	accept-all-contested	false
no-typed	fixtures/mutants/rebench-rust_codecontests.C02--attach-undermine-0.sexp	rebench-rust_codecontests.C02	accept-verdict	attach-undermine	accept-defeated	accept-defeated	accept-defeated	false
no-typed	fixtures/mutants/rebench-rust_codecontests.C02--attach-reinstate-0.sexp	rebench-rust_codecontests.C02	accept-verdict	attach-reinstate	accept-justified	accept-justified	accept-justified	false
no-typed	corpus-units/adaptive-pruning/C03/unit.core.sexp	adaptive-pruning.C03	paperbench	-	accept-gap	accept-gap	accept-gap	false
no-typed	corpus-units/adaptive-pruning/C04/unit.core.sexp	adaptive-pruning.C04	paperbench	-	accept-gap	accept-gap	accept-gap	false
no-typed	corpus-units/all-in-one/C01/unit.core.sexp	all-in-one.C01	paperbench	-	accept-gap	accept-gap	accept-gap	false
no-typed	corpus-units/all-in-one/C03/unit.core.sexp	all-in-one.C03	paperbench	-	accept-gap	accept-gap	accept-gap	false
no-typed	corpus-units/all-in-one/C05/unit.core.sexp	all-in-one.C05	paperbench	-	accept-gap	accept-gap	accept-gap	false
no-typed	corpus-units/all-in-one/C06/unit.core.sexp	all-in-one.C06	paperbench	-	accept-gap	accept-gap	accept-gap	false
no-typed	corpus-units/bam/C05/unit.core.sexp	bam.C05	paperbench	-	accept-justified	accept-justified	accept-justified	false
no-typed	corpus-units/bam/C06/unit.core.sexp	bam.C06	paperbench	-	accept-gap	accept-gap	accept-gap	false
no-typed	corpus-units/bbox/C02/unit.core.sexp	bbox.C02	paperbench	-	accept-gap	accept-gap	accept-gap	false
no-typed	corpus-units/bbox/C04/unit.core.sexp	bbox.C04	paperbench	-	accept-gap	accept-gap	accept-gap	false
no-typed	corpus-units/bbox/C05/unit.core.sexp	bbox.C05	paperbench	-	accept-gap	accept-gap	accept-gap	false
no-typed	corpus-units/bbox/C06/unit.core.sexp	bbox.C06	paperbench	-	accept-gap	accept-gap	accept-gap	false
no-typed	corpus-units/bridging-data-gaps/C03/unit.core.sexp	bridging-data-gaps.C03	paperbench	-	accept-gap	accept-gap	accept-gap	false
no-typed	corpus-units/bridging-data-gaps/C05/unit.core.sexp	bridging-data-gaps.C05	paperbench	-	accept-gap	accept-gap	accept-gap	false
no-typed	corpus-units/fre/C01/unit.core.sexp	fre.C01	paperbench	-	accept-justified	accept-justified	accept-justified	false
no-typed	corpus-units/fre/C03/unit.core.sexp	fre.C03	paperbench	-	accept-gap	accept-gap	accept-gap	false
no-typed	corpus-units/fre/C04/unit.core.sexp	fre.C04	paperbench	-	accept-defeated	accept-defeated	accept-defeated	false
no-typed	corpus-units/ftrl/C01/unit.core.sexp	ftrl.C01	paperbench	-	accept-gap	accept-gap	accept-gap	false
no-typed	corpus-units/lbcs/C03/unit.core.sexp	lbcs.C03	paperbench	-	accept-gap	accept-gap	accept-gap	false
no-typed	corpus-units/lbcs/C05/unit.core.sexp	lbcs.C05	paperbench	-	accept-gap	accept-gap	accept-gap	false
no-typed	corpus-units/mechanistic-understanding/C02/unit.core.sexp	mechanistic-understanding.C02	paperbench	-	accept-gap	accept-gap	accept-gap	false
no-typed	corpus-units/mechanistic-understanding/C04/unit.core.sexp	mechanistic-understanding.C04	paperbench	-	accept-gap	accept-gap	accept-gap	false
no-typed	corpus-units/pinn/C01/unit.core.sexp	pinn.C01	paperbench	-	accept-justified	accept-justified	accept-justified	false
no-typed	corpus-units/pinn/C03/unit.core.sexp	pinn.C03	paperbench	-	accept-gap	accept-gap	accept-gap	false
no-typed	corpus-units/pinn/C05/unit.core.sexp	pinn.C05	paperbench	-	accept-gap	accept-gap	accept-gap	false
no-typed	corpus-units/rice/C01/unit.core.sexp	rice.C01	paperbench	-	accept-justified	accept-justified	accept-justified	false
no-typed	corpus-units/robust-clip/C02/unit.core.sexp	robust-clip.C02	paperbench	-	accept-gap	accept-gap	accept-gap	false
no-typed	corpus-units/robust-clip/C03/unit.core.sexp	robust-clip.C03	paperbench	-	accept-gap	accept-gap	accept-gap	false
no-typed	corpus-units/robust-clip/C07/unit.core.sexp	robust-clip.C07	paperbench	-	accept-gap	accept-gap	accept-gap	false
no-typed	corpus-units/sample-specific-masks/C05/unit.core.sexp	sample-specific-masks.C05	paperbench	-	accept-justified	accept-justified	accept-justified	false
no-typed	corpus-units/sample-specific-masks/C06/unit.core.sexp	sample-specific-masks.C06	paperbench	-	accept-justified	accept-justified	accept-justified	false
no-typed	corpus-units/sapg/C01/unit.core.sexp	sapg.C01	paperbench	-	accept-gap	accept-gap	accept-gap	false
no-typed	corpus-units/sapg/C02/unit.core.sexp	sapg.C02	paperbench	-	accept-gap	accept-gap	accept-gap	false
no-typed	corpus-units/sapg/C06/unit.core.sexp	sapg.C06	paperbench	-	accept-gap	accept-gap	accept-gap	false
no-typed	corpus-units/self-composing-policies/C01/unit.core.sexp	self-composing-policies.C01	paperbench	-	accept-justified	accept-justified	accept-justified	false
no-typed	corpus-units/self-composing-policies/C04/unit.core.sexp	self-composing-policies.C04	paperbench	-	accept-gap	accept-gap	accept-gap	false
no-typed	corpus-units/self-expansion/C03/unit.core.sexp	self-expansion.C03	paperbench	-	accept-gap	accept-gap	accept-gap	false
no-typed	corpus-units/self-expansion/C04/unit.core.sexp	self-expansion.C04	paperbench	-	accept-gap	accept-gap	accept-gap	false
no-typed	corpus-units/semantic-self-consistency/C03/unit.core.sexp	semantic-self-consistency.C03	paperbench	-	accept-gap	accept-gap	accept-gap	false
no-typed	corpus-units/semantic-self-consistency/C05/unit.core.sexp	semantic-self-consistency.C05	paperbench	-	accept-gap	accept-gap	accept-gap	false
no-typed	corpus-units/semantic-self-consistency/C06/unit.core.sexp	semantic-self-consistency.C06	paperbench	-	accept-gap	accept-gap	accept-gap	false
no-typed	corpus-units/sequential-neural-score-estimation/C04/unit.core.sexp	sequential-neural-score-estimation.C04	paperbench	-	accept-gap	accept-gap	accept-gap	false
no-typed	corpus-units/stay-on-topic-with-classifier-free-guidance/C02/unit.core.sexp	stay-on-topic-with-classifier-free-guidance.C02	paperbench	-	accept-gap	accept-gap	accept-gap	false
no-typed	corpus-units/stay-on-topic-with-classifier-free-guidance/C05/unit.core.sexp	stay-on-topic-with-classifier-free-guidance.C05	paperbench	-	accept-gap	accept-gap	accept-gap	false
no-typed	corpus-units/stay-on-topic-with-classifier-free-guidance/C06/unit.core.sexp	stay-on-topic-with-classifier-free-guidance.C06	paperbench	-	accept-gap	accept-gap	accept-gap	false
no-typed	corpus-units/stochastic-interpolants/C01/unit.core.sexp	stochastic-interpolants.C01	paperbench	-	accept-gap	accept-gap	accept-gap	false
no-typed	corpus-units/stochastic-interpolants/C03/unit.core.sexp	stochastic-interpolants.C03	paperbench	-	accept-gap	accept-gap	accept-gap	false
no-typed	corpus-units/test-time-model-adaptation/C04/unit.core.sexp	test-time-model-adaptation.C04	paperbench	-	accept-defeated	accept-defeated	accept-defeated	false
no-typed	corpus-units/test-time-model-adaptation/C05/unit.core.sexp	test-time-model-adaptation.C05	paperbench	-	accept-gap	accept-gap	accept-gap	false
no-typed	corpus-units/test-time-model-adaptation/C07/unit.core.sexp	test-time-model-adaptation.C07	paperbench	-	accept-gap	accept-gap	accept-gap	false
no-typed	corpus-units/what-will-my-model-forget/C01/unit.core.sexp	what-will-my-model-forget.C01	paperbench	-	accept-gap	accept-gap	accept-gap	false
no-typed	corpus-units/what-will-my-model-forget/C03/unit.core.sexp	what-will-my-model-forget.C03	paperbench	-	accept-gap	accept-gap	accept-gap	false
no-typed	corpus-units/rebench-fix_embedding/C12/unit.core.sexp	rebench-fix_embedding.C12	rebench	-	accept-gap	accept-gap	accept-gap	false
no-typed	corpus-units/rebench-nanogpt_chat_rl/C04/unit.core.sexp	rebench-nanogpt_chat_rl.C04	rebench	-	accept-gap	accept-gap	accept-gap	false
no-typed	corpus-units/rebench-restricted_mlm/C07/unit.core.sexp	rebench-restricted_mlm.C07	rebench	-	accept-gap	accept-gap	accept-gap	false
no-typed	corpus-units/rebench-restricted_mlm/C14/unit.core.sexp	rebench-restricted_mlm.C14	rebench	-	accept-justified	accept-justified	accept-justified	false
no-typed	corpus-units/rebench-rust_codecontests/C02/unit.core.sexp	rebench-rust_codecontests.C02	rebench	-	accept-justified	accept-justified	accept-justified	false
no-typed	corpus-units/rebench-rust_codecontests/C09/unit.core.sexp	rebench-rust_codecontests.C09	rebench	-	accept-gap	accept-gap	accept-gap	false
no-typed	corpus-units/rebench-triton_cumsum/C05/unit.core.sexp	rebench-triton_cumsum.C05	rebench	-	accept-gap	accept-gap	accept-gap	false
no-typed	corpus-units/rebench-triton_cumsum/C09/unit.core.sexp	rebench-triton_cumsum.C09	rebench	-	accept-defeated	accept-defeated	accept-defeated	false
no-conflict-scan	fixtures/mutants/A--undeclared-leaf-0.sexp	A	undeclared-leaves	undeclared-leaf	reject-R1	reject-R1	reject-R1	false
no-conflict-scan	fixtures/mutants/A--undeclared-leaf-1.sexp	A	undeclared-leaves	undeclared-leaf	reject-R1	reject-R1	reject-R1	false
no-conflict-scan	fixtures/mutants/A--hidden-rule-0.sexp	A	hidden-policy-extension	hidden-rule	reject-R1	reject-R1	reject-R1	false
no-conflict-scan	fixtures/mutants/A--hidden-contrary-0.sexp	A	hidden-policy-extension	hidden-contrary	reject-R12	reject-R12	reject-R12	false
no-conflict-scan	fixtures/mutants/A--wrong-subst-domain-0.sexp	A	wrong-formulas	wrong-subst-domain	reject-R3	reject-R3	reject-R3	false
no-conflict-scan	fixtures/mutants/A--wrong-premise-0.sexp	A	wrong-formulas	wrong-premise	reject-R4	reject-R4	reject-R4	false
no-conflict-scan	fixtures/mutants/A--open-obligation-0.sexp	A	open-obligations	open-obligation	reject-R5	reject-R5	reject-R5	false
no-conflict-scan	fixtures/mutants/A--hole-obligation-0.sexp	A	open-obligations	hole-obligation	reject-IncompleteArgument	reject-IncompleteArgument	reject-IncompleteArgument	false
no-conflict-scan	fixtures/mutants/A--wrong-discharge-0.sexp	A	open-obligations	wrong-discharge	reject-R6	reject-R6	reject-R6	false
no-conflict-scan	fixtures/mutants/A--trusted-assurance-0.sexp	A	certificate-tampering	trusted-assurance	reject-R7	reject-R7	reject-R7	false
no-conflict-scan	fixtures/mutants/A--bad-attack-position-0.sexp	A	bad-attack-targets	bad-attack-position	reject-R10	reject-R10	reject-R10	false
no-conflict-scan	fixtures/mutants/A--bad-attack-position-1.sexp	A	bad-attack-targets	bad-attack-position	reject-R10	reject-R10	reject-R10	false
no-conflict-scan	fixtures/mutants/A--unlicensed-attack-0.sexp	A	bad-attack-targets	unlicensed-attack	reject-R11	reject-R11	reject-R11	false
no-conflict-scan	fixtures/mutants/A--drop-covering-attack-0.sexp	A	bad-attack-targets	drop-covering-attack	reject-MissingConflict	reject-MissingConflict	accept-defeated	true
no-conflict-scan	fixtures/mutants/A--group-conflict-0.sexp	A	data-integrity	group-conflict	reject-R9	reject-R9	reject-R9	false
no-conflict-scan	fixtures/mutants/A--retract-rule-0.sexp	A	localization	retract-rule	reject-R1	reject-R1	reject-R1	false
no-conflict-scan	fixtures/mutants/A--twin-support-defect-0.sexp	A	localization	twin-support-defect	reject-R4	reject-R4	reject-R4	false
no-conflict-scan	fixtures/mutants/A--cross-stage-defect-0.sexp	A	localization	cross-stage-defect	reject-R4	reject-R4	reject-R4	false
no-conflict-scan	fixtures/mutants/A--undeclared-pred-0.sexp	A	signature	undeclared-pred	reject-R2	reject-R2	reject-R2	false
no-conflict-scan	fixtures/mutants/A--wrong-pred-arity-0.sexp	A	signature	wrong-pred-arity	reject-R2	reject-R2	reject-R2	false
no-conflict-scan	fixtures/mutants/A--wrong-arg-sort-0.sexp	A	signature	wrong-arg-sort	reject-R2	reject-R2	reject-R2	false
no-conflict-scan	fixtures/mutants/A--wrong-arg-sort-1.sexp	A	signature	wrong-arg-sort	reject-R2	reject-R2	reject-R2	false
no-conflict-scan	fixtures/mutants/A--undeclared-con-0.sexp	A	signature	undeclared-con	reject-R2	reject-R2	reject-R2	false
no-conflict-scan	fixtures/mutants/A--wrong-theta-sort-0.sexp	A	signature	wrong-theta-sort	reject-R2	reject-R2	reject-R2	false
no-conflict-scan	fixtures/mutants/A--out-of-scope-var-0.sexp	A	hidden-policy-extension	out-of-scope-var	reject-R12	reject-R12	reject-R12	false
no-conflict-scan	fixtures/mutants/A--sigma-duplicate-sort-0.sexp	A	signature	sigma-duplicate-sort	reject-R2	reject-R2	reject-R2	false
no-conflict-scan	fixtures/mutants/A--sigma-shadow-base-0.sexp	A	signature	sigma-shadow-base	reject-R2	reject-R2	reject-R2	false
no-conflict-scan	fixtures/mutants/A--sigma-duplicate-con-0.sexp	A	signature	sigma-duplicate-con	reject-R2	reject-R2	reject-R2	false
no-conflict-scan	fixtures/mutants/A--sigma-duplicate-pred-0.sexp	A	signature	sigma-duplicate-pred	reject-R2	reject-R2	reject-R2	false
no-conflict-scan	fixtures/mutants/A--sigma-con-undeclared-sort-0.sexp	A	signature	sigma-con-undeclared-sort	reject-R2	reject-R2	reject-R2	false
no-conflict-scan	fixtures/mutants/A--sigma-pred-undeclared-sort-0.sexp	A	signature	sigma-pred-undeclared-sort	reject-R2	reject-R2	reject-R2	false
no-conflict-scan	fixtures/mutants/A--duplicate-backend-0.sexp	A	certificate-tampering	duplicate-backend	reject-R13	reject-R13	reject-R13	false
no-conflict-scan	fixtures/mutants/A--unknown-backend-0.sexp	A	certificate-tampering	unknown-backend	reject-R13	reject-R13	reject-R13	false
no-conflict-scan	fixtures/mutants/malformed/A--codec-sigma-junk-0.sexp	A	codec-corruption	codec-sigma-junk	codec-reject	codec-fail	codec-fail	false
no-conflict-scan	fixtures/mutants/malformed/A--codec-sigma-order-0.sexp	A	codec-corruption	codec-sigma-order	codec-reject	codec-fail	codec-fail	false
no-conflict-scan	fixtures/mutants/malformed/A--codec-junk-section-0.sexp	A	codec-corruption	codec-junk-section	codec-reject	codec-fail	codec-fail	false
no-conflict-scan	fixtures/mutants/malformed/A--codec-core-version-0.sexp	A	codec-corruption	codec-core-version	codec-reject	codec-fail	codec-fail	false
no-conflict-scan	fixtures/mutants/malformed/A--codec-replay-order-0.sexp	A	codec-corruption	codec-replay-order	codec-reject	codec-fail	codec-fail	false
no-conflict-scan	fixtures/mutants/malformed/A--codec-theory-mismatch-0.sexp	A	codec-corruption	codec-theory-mismatch	codec-reject	codec-fail	codec-fail	false
no-conflict-scan	fixtures/mutants/malformed/A--codec-dangling-attack-0.sexp	A	codec-corruption	codec-dangling-attack	codec-reject	codec-fail	codec-fail	false
no-conflict-scan	fixtures/mutants/malformed/A--codec-truncate-0.sexp	A	codec-corruption	codec-truncate	codec-reject	codec-fail	codec-fail	false
no-conflict-scan	fixtures/mutants/B--undeclared-leaf-0.sexp	B	undeclared-leaves	undeclared-leaf	reject-R1	reject-R1	reject-R1	false
no-conflict-scan	fixtures/mutants/B--undeclared-leaf-1.sexp	B	undeclared-leaves	undeclared-leaf	reject-R1	reject-R1	reject-R1	false
no-conflict-scan	fixtures/mutants/B--hidden-rule-0.sexp	B	hidden-policy-extension	hidden-rule	reject-R1	reject-R1	reject-R1	false
no-conflict-scan	fixtures/mutants/B--hidden-contrary-0.sexp	B	hidden-policy-extension	hidden-contrary	reject-R12	reject-R12	reject-R12	false
no-conflict-scan	fixtures/mutants/B--wrong-subst-domain-0.sexp	B	wrong-formulas	wrong-subst-domain	reject-R3	reject-R3	reject-R3	false
no-conflict-scan	fixtures/mutants/B--wrong-premise-0.sexp	B	wrong-formulas	wrong-premise	reject-R4	reject-R4	reject-R4	false
no-conflict-scan	fixtures/mutants/B--open-obligation-0.sexp	B	open-obligations	open-obligation	reject-R5	reject-R5	reject-R5	false
no-conflict-scan	fixtures/mutants/B--hole-obligation-0.sexp	B	open-obligations	hole-obligation	reject-IncompleteArgument	reject-IncompleteArgument	reject-IncompleteArgument	false
no-conflict-scan	fixtures/mutants/B--wrong-discharge-0.sexp	B	open-obligations	wrong-discharge	reject-R6	reject-R6	reject-R6	false
no-conflict-scan	fixtures/mutants/B--trusted-assurance-0.sexp	B	certificate-tampering	trusted-assurance	reject-R7	reject-R7	reject-R7	false
no-conflict-scan	fixtures/mutants/B--unlicensed-attack-0.sexp	B	bad-attack-targets	unlicensed-attack	reject-R11	reject-R11	reject-R11	false
no-conflict-scan	fixtures/mutants/B--drop-covering-attack-0.sexp	B	bad-attack-targets	drop-covering-attack	reject-MissingConflict	reject-MissingConflict	accept-other	true
no-conflict-scan	fixtures/mutants/B--group-conflict-0.sexp	B	data-integrity	group-conflict	reject-R9	reject-R9	reject-R9	false
no-conflict-scan	fixtures/mutants/B--retract-rule-0.sexp	B	localization	retract-rule	reject-R1	reject-R1	reject-R1	false
no-conflict-scan	fixtures/mutants/B--twin-support-defect-0.sexp	B	localization	twin-support-defect	reject-R4	reject-R4	reject-R4	false
no-conflict-scan	fixtures/mutants/B--undeclared-pred-0.sexp	B	signature	undeclared-pred	reject-R2	reject-R2	reject-R2	false
no-conflict-scan	fixtures/mutants/B--wrong-pred-arity-0.sexp	B	signature	wrong-pred-arity	reject-R2	reject-R2	reject-R2	false
no-conflict-scan	fixtures/mutants/B--wrong-arg-sort-0.sexp	B	signature	wrong-arg-sort	reject-R2	reject-R2	reject-R2	false
no-conflict-scan	fixtures/mutants/B--wrong-arg-sort-1.sexp	B	signature	wrong-arg-sort	reject-R2	reject-R2	reject-R2	false
no-conflict-scan	fixtures/mutants/B--undeclared-con-0.sexp	B	signature	undeclared-con	reject-R2	reject-R2	reject-R2	false
no-conflict-scan	fixtures/mutants/B--wrong-theta-sort-0.sexp	B	signature	wrong-theta-sort	reject-R2	reject-R2	reject-R2	false
no-conflict-scan	fixtures/mutants/B--out-of-scope-var-0.sexp	B	hidden-policy-extension	out-of-scope-var	reject-R12	reject-R12	reject-R12	false
no-conflict-scan	fixtures/mutants/B--duplicate-backend-0.sexp	B	certificate-tampering	duplicate-backend	reject-R13	reject-R13	reject-R13	false
no-conflict-scan	fixtures/mutants/B--unknown-backend-0.sexp	B	certificate-tampering	unknown-backend	reject-R13	reject-R13	reject-R13	false
no-conflict-scan	fixtures/mutants/malformed/B--codec-junk-section-0.sexp	B	codec-corruption	codec-junk-section	codec-reject	codec-fail	codec-fail	false
no-conflict-scan	fixtures/mutants/malformed/B--codec-core-version-0.sexp	B	codec-corruption	codec-core-version	codec-reject	codec-fail	codec-fail	false
no-conflict-scan	fixtures/mutants/malformed/B--codec-replay-order-0.sexp	B	codec-corruption	codec-replay-order	codec-reject	codec-fail	codec-fail	false
no-conflict-scan	fixtures/mutants/malformed/B--codec-theory-mismatch-0.sexp	B	codec-corruption	codec-theory-mismatch	codec-reject	codec-fail	codec-fail	false
no-conflict-scan	fixtures/mutants/malformed/B--codec-dangling-attack-0.sexp	B	codec-corruption	codec-dangling-attack	codec-reject	codec-fail	codec-fail	false
no-conflict-scan	fixtures/mutants/malformed/B--codec-truncate-0.sexp	B	codec-corruption	codec-truncate	codec-reject	codec-fail	codec-fail	false
no-conflict-scan	fixtures/mutants/E1--undeclared-leaf-0.sexp	E1	undeclared-leaves	undeclared-leaf	reject-R1	reject-R1	reject-R1	false
no-conflict-scan	fixtures/mutants/E1--undeclared-leaf-1.sexp	E1	undeclared-leaves	undeclared-leaf	reject-R1	reject-R1	reject-R1	false
no-conflict-scan	fixtures/mutants/E1--hidden-rule-0.sexp	E1	hidden-policy-extension	hidden-rule	reject-R1	reject-R1	reject-R1	false
no-conflict-scan	fixtures/mutants/E1--hidden-contrary-0.sexp	E1	hidden-policy-extension	hidden-contrary	reject-R12	reject-R12	reject-R12	false
no-conflict-scan	fixtures/mutants/E1--wrong-subst-domain-0.sexp	E1	wrong-formulas	wrong-subst-domain	reject-R3	reject-R3	reject-R3	false
no-conflict-scan	fixtures/mutants/E1--wrong-premise-0.sexp	E1	wrong-formulas	wrong-premise	reject-R4	reject-R4	reject-R4	false
no-conflict-scan	fixtures/mutants/E1--open-obligation-0.sexp	E1	open-obligations	open-obligation	reject-R5	reject-R5	reject-R5	false
no-conflict-scan	fixtures/mutants/E1--hole-obligation-0.sexp	E1	open-obligations	hole-obligation	reject-IncompleteArgument	reject-IncompleteArgument	reject-IncompleteArgument	false
no-conflict-scan	fixtures/mutants/E1--wrong-discharge-0.sexp	E1	open-obligations	wrong-discharge	reject-R6	reject-R6	reject-R6	false
no-conflict-scan	fixtures/mutants/E1--trusted-assurance-0.sexp	E1	certificate-tampering	trusted-assurance	reject-R7	reject-R7	reject-R7	false
no-conflict-scan	fixtures/mutants/E1--unlicensed-attack-0.sexp	E1	bad-attack-targets	unlicensed-attack	reject-R11	reject-R11	reject-R11	false
no-conflict-scan	fixtures/mutants/E1--group-conflict-0.sexp	E1	data-integrity	group-conflict	reject-R9	reject-R9	reject-R9	false
no-conflict-scan	fixtures/mutants/E1--retract-rule-0.sexp	E1	localization	retract-rule	reject-R1	reject-R1	reject-R1	false
no-conflict-scan	fixtures/mutants/E1--undeclared-pred-0.sexp	E1	signature	undeclared-pred	reject-R2	reject-R2	reject-R2	false
no-conflict-scan	fixtures/mutants/E1--wrong-pred-arity-0.sexp	E1	signature	wrong-pred-arity	reject-R2	reject-R2	reject-R2	false
no-conflict-scan	fixtures/mutants/E1--wrong-arg-sort-0.sexp	E1	signature	wrong-arg-sort	reject-R2	reject-R2	reject-R2	false
no-conflict-scan	fixtures/mutants/E1--wrong-arg-sort-1.sexp	E1	signature	wrong-arg-sort	reject-R2	reject-R2	reject-R2	false
no-conflict-scan	fixtures/mutants/E1--undeclared-con-0.sexp	E1	signature	undeclared-con	reject-R2	reject-R2	reject-R2	false
no-conflict-scan	fixtures/mutants/E1--wrong-theta-sort-0.sexp	E1	signature	wrong-theta-sort	reject-R2	reject-R2	reject-R2	false
no-conflict-scan	fixtures/mutants/E1--out-of-scope-var-0.sexp	E1	hidden-policy-extension	out-of-scope-var	reject-R12	reject-R12	reject-R12	false
no-conflict-scan	fixtures/mutants/E1--duplicate-backend-0.sexp	E1	certificate-tampering	duplicate-backend	reject-R13	reject-R13	reject-R13	false
no-conflict-scan	fixtures/mutants/E1--unknown-backend-0.sexp	E1	certificate-tampering	unknown-backend	reject-R13	reject-R13	reject-R13	false
no-conflict-scan	fixtures/mutants/malformed/E1--codec-junk-section-0.sexp	E1	codec-corruption	codec-junk-section	codec-reject	codec-fail	codec-fail	false
no-conflict-scan	fixtures/mutants/malformed/E1--codec-core-version-0.sexp	E1	codec-corruption	codec-core-version	codec-reject	codec-fail	codec-fail	false
no-conflict-scan	fixtures/mutants/malformed/E1--codec-replay-order-0.sexp	E1	codec-corruption	codec-replay-order	codec-reject	codec-fail	codec-fail	false
no-conflict-scan	fixtures/mutants/malformed/E1--codec-theory-mismatch-0.sexp	E1	codec-corruption	codec-theory-mismatch	codec-reject	codec-fail	codec-fail	false
no-conflict-scan	fixtures/mutants/malformed/E1--codec-truncate-0.sexp	E1	codec-corruption	codec-truncate	codec-reject	codec-fail	codec-fail	false
no-conflict-scan	fixtures/mutants/E2--hidden-contrary-0.sexp	E2	hidden-policy-extension	hidden-contrary	reject-R12	reject-R12	reject-R12	false
no-conflict-scan	fixtures/mutants/E2--group-conflict-0.sexp	E2	data-integrity	group-conflict	reject-R9	reject-R9	reject-R9	false
no-conflict-scan	fixtures/mutants/E2--undeclared-pred-0.sexp	E2	signature	undeclared-pred	reject-R2	reject-R2	reject-R2	false
no-conflict-scan	fixtures/mutants/E2--wrong-pred-arity-0.sexp	E2	signature	wrong-pred-arity	reject-R2	reject-R2	reject-R2	false
no-conflict-scan	fixtures/mutants/E2--wrong-arg-sort-0.sexp	E2	signature	wrong-arg-sort	reject-R2	reject-R2	reject-R2	false
no-conflict-scan	fixtures/mutants/E2--wrong-arg-sort-1.sexp	E2	signature	wrong-arg-sort	reject-R2	reject-R2	reject-R2	false
no-conflict-scan	fixtures/mutants/E2--undeclared-con-0.sexp	E2	signature	undeclared-con	reject-R2	reject-R2	reject-R2	false
no-conflict-scan	fixtures/mutants/E2--out-of-scope-var-0.sexp	E2	hidden-policy-extension	out-of-scope-var	reject-R12	reject-R12	reject-R12	false
no-conflict-scan	fixtures/mutants/E2--duplicate-backend-0.sexp	E2	certificate-tampering	duplicate-backend	reject-R13	reject-R13	reject-R13	false
no-conflict-scan	fixtures/mutants/E2--unknown-backend-0.sexp	E2	certificate-tampering	unknown-backend	reject-R13	reject-R13	reject-R13	false
no-conflict-scan	fixtures/mutants/malformed/E2--codec-junk-section-0.sexp	E2	codec-corruption	codec-junk-section	codec-reject	codec-fail	codec-fail	false
no-conflict-scan	fixtures/mutants/malformed/E2--codec-core-version-0.sexp	E2	codec-corruption	codec-core-version	codec-reject	codec-fail	codec-fail	false
no-conflict-scan	fixtures/mutants/malformed/E2--codec-replay-order-0.sexp	E2	codec-corruption	codec-replay-order	codec-reject	codec-fail	codec-fail	false
no-conflict-scan	fixtures/mutants/malformed/E2--codec-theory-mismatch-0.sexp	E2	codec-corruption	codec-theory-mismatch	codec-reject	codec-fail	codec-fail	false
no-conflict-scan	fixtures/mutants/malformed/E2--codec-truncate-0.sexp	E2	codec-corruption	codec-truncate	codec-reject	codec-fail	codec-fail	false
no-conflict-scan	fixtures/mutants/E3--undeclared-leaf-0.sexp	E3	undeclared-leaves	undeclared-leaf	reject-R1	reject-R1	reject-R1	false
no-conflict-scan	fixtures/mutants/E3--undeclared-leaf-1.sexp	E3	undeclared-leaves	undeclared-leaf	reject-R1	reject-R1	reject-R1	false
no-conflict-scan	fixtures/mutants/E3--hidden-rule-0.sexp	E3	hidden-policy-extension	hidden-rule	reject-R1	reject-R1	reject-R1	false
no-conflict-scan	fixtures/mutants/E3--hidden-contrary-0.sexp	E3	hidden-policy-extension	hidden-contrary	reject-R12	reject-R12	reject-R12	false
no-conflict-scan	fixtures/mutants/E3--wrong-subst-domain-0.sexp	E3	wrong-formulas	wrong-subst-domain	reject-R3	reject-R3	reject-R3	false
no-conflict-scan	fixtures/mutants/E3--wrong-premise-0.sexp	E3	wrong-formulas	wrong-premise	reject-R4	reject-R4	reject-R4	false
no-conflict-scan	fixtures/mutants/E3--open-obligation-0.sexp	E3	open-obligations	open-obligation	reject-R5	reject-R5	reject-R5	false
no-conflict-scan	fixtures/mutants/E3--hole-obligation-0.sexp	E3	open-obligations	hole-obligation	reject-IncompleteArgument	reject-IncompleteArgument	reject-IncompleteArgument	false
no-conflict-scan	fixtures/mutants/E3--wrong-discharge-0.sexp	E3	open-obligations	wrong-discharge	reject-R6	reject-R6	reject-R6	false
no-conflict-scan	fixtures/mutants/E3--trusted-assurance-0.sexp	E3	certificate-tampering	trusted-assurance	reject-R7	reject-R7	reject-R7	false
no-conflict-scan	fixtures/mutants/E3--bad-attack-position-0.sexp	E3	bad-attack-targets	bad-attack-position	reject-R10	reject-R10	reject-R10	false
no-conflict-scan	fixtures/mutants/E3--bad-attack-position-1.sexp	E3	bad-attack-targets	bad-attack-position	reject-R10	reject-R10	reject-R10	false
no-conflict-scan	fixtures/mutants/E3--unlicensed-attack-0.sexp	E3	bad-attack-targets	unlicensed-attack	reject-R11	reject-R11	reject-R11	false
no-conflict-scan	fixtures/mutants/E3--drop-covering-attack-0.sexp	E3	bad-attack-targets	drop-covering-attack	reject-MissingConflict	reject-MissingConflict	accept-other	true
no-conflict-scan	fixtures/mutants/E3--group-conflict-0.sexp	E3	data-integrity	group-conflict	reject-R9	reject-R9	reject-R9	false
no-conflict-scan	fixtures/mutants/E3--retract-rule-0.sexp	E3	localization	retract-rule	reject-R1	reject-R1	reject-R1	false
no-conflict-scan	fixtures/mutants/E3--twin-support-defect-0.sexp	E3	localization	twin-support-defect	reject-R4	reject-R4	reject-R4	false
no-conflict-scan	fixtures/mutants/E3--cross-stage-defect-0.sexp	E3	localization	cross-stage-defect	reject-R4	reject-R4	reject-R4	false
no-conflict-scan	fixtures/mutants/E3--undeclared-pred-0.sexp	E3	signature	undeclared-pred	reject-R2	reject-R2	reject-R2	false
no-conflict-scan	fixtures/mutants/E3--wrong-pred-arity-0.sexp	E3	signature	wrong-pred-arity	reject-R2	reject-R2	reject-R2	false
no-conflict-scan	fixtures/mutants/E3--wrong-arg-sort-0.sexp	E3	signature	wrong-arg-sort	reject-R2	reject-R2	reject-R2	false
no-conflict-scan	fixtures/mutants/E3--wrong-arg-sort-1.sexp	E3	signature	wrong-arg-sort	reject-R2	reject-R2	reject-R2	false
no-conflict-scan	fixtures/mutants/E3--undeclared-con-0.sexp	E3	signature	undeclared-con	reject-R2	reject-R2	reject-R2	false
no-conflict-scan	fixtures/mutants/E3--wrong-theta-sort-0.sexp	E3	signature	wrong-theta-sort	reject-R2	reject-R2	reject-R2	false
no-conflict-scan	fixtures/mutants/E3--out-of-scope-var-0.sexp	E3	hidden-policy-extension	out-of-scope-var	reject-R12	reject-R12	reject-R12	false
no-conflict-scan	fixtures/mutants/E3--duplicate-backend-0.sexp	E3	certificate-tampering	duplicate-backend	reject-R13	reject-R13	reject-R13	false
no-conflict-scan	fixtures/mutants/E3--unknown-backend-0.sexp	E3	certificate-tampering	unknown-backend	reject-R13	reject-R13	reject-R13	false
no-conflict-scan	fixtures/mutants/malformed/E3--codec-junk-section-0.sexp	E3	codec-corruption	codec-junk-section	codec-reject	codec-fail	codec-fail	false
no-conflict-scan	fixtures/mutants/malformed/E3--codec-core-version-0.sexp	E3	codec-corruption	codec-core-version	codec-reject	codec-fail	codec-fail	false
no-conflict-scan	fixtures/mutants/malformed/E3--codec-replay-order-0.sexp	E3	codec-corruption	codec-replay-order	codec-reject	codec-fail	codec-fail	false
no-conflict-scan	fixtures/mutants/malformed/E3--codec-theory-mismatch-0.sexp	E3	codec-corruption	codec-theory-mismatch	codec-reject	codec-fail	codec-fail	false
no-conflict-scan	fixtures/mutants/malformed/E3--codec-dangling-attack-0.sexp	E3	codec-corruption	codec-dangling-attack	codec-reject	codec-fail	codec-fail	false
no-conflict-scan	fixtures/mutants/malformed/E3--codec-truncate-0.sexp	E3	codec-corruption	codec-truncate	codec-reject	codec-fail	codec-fail	false
no-conflict-scan	fixtures/mutants/E4--undeclared-leaf-0.sexp	E4	undeclared-leaves	undeclared-leaf	reject-R1	reject-R1	reject-R1	false
no-conflict-scan	fixtures/mutants/E4--undeclared-leaf-1.sexp	E4	undeclared-leaves	undeclared-leaf	reject-R1	reject-R1	reject-R1	false
no-conflict-scan	fixtures/mutants/E4--hidden-rule-0.sexp	E4	hidden-policy-extension	hidden-rule	reject-R1	reject-R1	reject-R1	false
no-conflict-scan	fixtures/mutants/E4--hidden-contrary-0.sexp	E4	hidden-policy-extension	hidden-contrary	reject-R12	reject-R12	reject-R12	false
no-conflict-scan	fixtures/mutants/E4--wrong-subst-domain-0.sexp	E4	wrong-formulas	wrong-subst-domain	reject-R3	reject-R3	reject-R3	false
no-conflict-scan	fixtures/mutants/E4--wrong-premise-0.sexp	E4	wrong-formulas	wrong-premise	reject-R4	reject-R4	reject-R4	false
no-conflict-scan	fixtures/mutants/E4--open-obligation-0.sexp	E4	open-obligations	open-obligation	reject-R5	reject-R5	reject-R5	false
no-conflict-scan	fixtures/mutants/E4--hole-obligation-0.sexp	E4	open-obligations	hole-obligation	reject-IncompleteArgument	reject-IncompleteArgument	reject-IncompleteArgument	false
no-conflict-scan	fixtures/mutants/E4--wrong-discharge-0.sexp	E4	open-obligations	wrong-discharge	reject-R6	reject-R6	reject-R6	false
no-conflict-scan	fixtures/mutants/E4--trusted-assurance-0.sexp	E4	certificate-tampering	trusted-assurance	reject-R7	reject-R7	reject-R7	false
no-conflict-scan	fixtures/mutants/E4--bad-attack-position-0.sexp	E4	bad-attack-targets	bad-attack-position	reject-R10	reject-R10	reject-R10	false
no-conflict-scan	fixtures/mutants/E4--bad-attack-position-1.sexp	E4	bad-attack-targets	bad-attack-position	reject-R10	reject-R10	reject-R10	false
no-conflict-scan	fixtures/mutants/E4--unlicensed-attack-0.sexp	E4	bad-attack-targets	unlicensed-attack	reject-R11	reject-R11	reject-R11	false
no-conflict-scan	fixtures/mutants/E4--drop-covering-attack-0.sexp	E4	bad-attack-targets	drop-covering-attack	reject-MissingConflict	reject-MissingConflict	accept-other	true
no-conflict-scan	fixtures/mutants/E4--group-conflict-0.sexp	E4	data-integrity	group-conflict	reject-R9	reject-R9	reject-R9	false
no-conflict-scan	fixtures/mutants/E4--retract-rule-0.sexp	E4	localization	retract-rule	reject-R1	reject-R1	reject-R1	false
no-conflict-scan	fixtures/mutants/E4--twin-support-defect-0.sexp	E4	localization	twin-support-defect	reject-R4	reject-R4	reject-R4	false
no-conflict-scan	fixtures/mutants/E4--cross-stage-defect-0.sexp	E4	localization	cross-stage-defect	reject-R4	reject-R4	reject-R4	false
no-conflict-scan	fixtures/mutants/E4--undeclared-pred-0.sexp	E4	signature	undeclared-pred	reject-R2	reject-R2	reject-R2	false
no-conflict-scan	fixtures/mutants/E4--wrong-pred-arity-0.sexp	E4	signature	wrong-pred-arity	reject-R2	reject-R2	reject-R2	false
no-conflict-scan	fixtures/mutants/E4--wrong-arg-sort-0.sexp	E4	signature	wrong-arg-sort	reject-R2	reject-R2	reject-R2	false
no-conflict-scan	fixtures/mutants/E4--wrong-arg-sort-1.sexp	E4	signature	wrong-arg-sort	reject-R2	reject-R2	reject-R2	false
no-conflict-scan	fixtures/mutants/E4--undeclared-con-0.sexp	E4	signature	undeclared-con	reject-R2	reject-R2	reject-R2	false
no-conflict-scan	fixtures/mutants/E4--wrong-theta-sort-0.sexp	E4	signature	wrong-theta-sort	reject-R2	reject-R2	reject-R2	false
no-conflict-scan	fixtures/mutants/E4--out-of-scope-var-0.sexp	E4	hidden-policy-extension	out-of-scope-var	reject-R12	reject-R12	reject-R12	false
no-conflict-scan	fixtures/mutants/E4--duplicate-backend-0.sexp	E4	certificate-tampering	duplicate-backend	reject-R13	reject-R13	reject-R13	false
no-conflict-scan	fixtures/mutants/E4--unknown-backend-0.sexp	E4	certificate-tampering	unknown-backend	reject-R13	reject-R13	reject-R13	false
no-conflict-scan	fixtures/mutants/malformed/E4--codec-junk-section-0.sexp	E4	codec-corruption	codec-junk-section	codec-reject	codec-fail	codec-fail	false
no-conflict-scan	fixtures/mutants/malformed/E4--codec-core-version-0.sexp	E4	codec-corruption	codec-core-version	codec-reject	codec-fail	codec-fail	false
no-conflict-scan	fixtures/mutants/malformed/E4--codec-replay-order-0.sexp	E4	codec-corruption	codec-replay-order	codec-reject	codec-fail	codec-fail	false
no-conflict-scan	fixtures/mutants/malformed/E4--codec-theory-mismatch-0.sexp	E4	codec-corruption	codec-theory-mismatch	codec-reject	codec-fail	codec-fail	false
no-conflict-scan	fixtures/mutants/malformed/E4--codec-dangling-attack-0.sexp	E4	codec-corruption	codec-dangling-attack	codec-reject	codec-fail	codec-fail	false
no-conflict-scan	fixtures/mutants/malformed/E4--codec-truncate-0.sexp	E4	codec-corruption	codec-truncate	codec-reject	codec-fail	codec-fail	false
no-conflict-scan	fixtures/mutants/E5--undeclared-leaf-0.sexp	E5	undeclared-leaves	undeclared-leaf	reject-R1	reject-R1	reject-R1	false
no-conflict-scan	fixtures/mutants/E5--undeclared-leaf-1.sexp	E5	undeclared-leaves	undeclared-leaf	reject-R1	reject-R1	reject-R1	false
no-conflict-scan	fixtures/mutants/E5--hidden-rule-0.sexp	E5	hidden-policy-extension	hidden-rule	reject-R1	reject-R1	reject-R1	false
no-conflict-scan	fixtures/mutants/E5--hidden-contrary-0.sexp	E5	hidden-policy-extension	hidden-contrary	reject-R12	reject-R12	reject-R12	false
no-conflict-scan	fixtures/mutants/E5--wrong-subst-domain-0.sexp	E5	wrong-formulas	wrong-subst-domain	reject-R3	reject-R3	reject-R3	false
no-conflict-scan	fixtures/mutants/E5--wrong-premise-0.sexp	E5	wrong-formulas	wrong-premise	reject-R4	reject-R4	reject-R4	false
no-conflict-scan	fixtures/mutants/E5--open-obligation-0.sexp	E5	open-obligations	open-obligation	reject-R5	reject-R5	reject-R5	false
no-conflict-scan	fixtures/mutants/E5--hole-obligation-0.sexp	E5	open-obligations	hole-obligation	reject-IncompleteArgument	reject-IncompleteArgument	reject-IncompleteArgument	false
no-conflict-scan	fixtures/mutants/E5--wrong-discharge-0.sexp	E5	open-obligations	wrong-discharge	reject-R6	reject-R6	reject-R6	false
no-conflict-scan	fixtures/mutants/E5--trusted-assurance-0.sexp	E5	certificate-tampering	trusted-assurance	reject-R7	reject-R7	reject-R7	false
no-conflict-scan	fixtures/mutants/E5--bad-attack-position-0.sexp	E5	bad-attack-targets	bad-attack-position	reject-R10	reject-R10	reject-R10	false
no-conflict-scan	fixtures/mutants/E5--bad-attack-position-1.sexp	E5	bad-attack-targets	bad-attack-position	reject-R10	reject-R10	reject-R10	false
no-conflict-scan	fixtures/mutants/E5--unlicensed-attack-0.sexp	E5	bad-attack-targets	unlicensed-attack	reject-R11	reject-R11	reject-R11	false
no-conflict-scan	fixtures/mutants/E5--drop-covering-attack-0.sexp	E5	bad-attack-targets	drop-covering-attack	reject-MissingConflict	reject-MissingConflict	accept-other	true
no-conflict-scan	fixtures/mutants/E5--group-conflict-0.sexp	E5	data-integrity	group-conflict	reject-R9	reject-R9	reject-R9	false
no-conflict-scan	fixtures/mutants/E5--retract-rule-0.sexp	E5	localization	retract-rule	reject-R1	reject-R1	reject-R1	false
no-conflict-scan	fixtures/mutants/E5--twin-support-defect-0.sexp	E5	localization	twin-support-defect	reject-R4	reject-R4	reject-R4	false
no-conflict-scan	fixtures/mutants/E5--cross-stage-defect-0.sexp	E5	localization	cross-stage-defect	reject-R4	reject-R4	reject-R4	false
no-conflict-scan	fixtures/mutants/E5--undeclared-pred-0.sexp	E5	signature	undeclared-pred	reject-R2	reject-R2	reject-R2	false
no-conflict-scan	fixtures/mutants/E5--wrong-pred-arity-0.sexp	E5	signature	wrong-pred-arity	reject-R2	reject-R2	reject-R2	false
no-conflict-scan	fixtures/mutants/E5--wrong-arg-sort-0.sexp	E5	signature	wrong-arg-sort	reject-R2	reject-R2	reject-R2	false
no-conflict-scan	fixtures/mutants/E5--wrong-arg-sort-1.sexp	E5	signature	wrong-arg-sort	reject-R2	reject-R2	reject-R2	false
no-conflict-scan	fixtures/mutants/E5--undeclared-con-0.sexp	E5	signature	undeclared-con	reject-R2	reject-R2	reject-R2	false
no-conflict-scan	fixtures/mutants/E5--wrong-theta-sort-0.sexp	E5	signature	wrong-theta-sort	reject-R2	reject-R2	reject-R2	false
no-conflict-scan	fixtures/mutants/E5--out-of-scope-var-0.sexp	E5	hidden-policy-extension	out-of-scope-var	reject-R12	reject-R12	reject-R12	false
no-conflict-scan	fixtures/mutants/E5--duplicate-backend-0.sexp	E5	certificate-tampering	duplicate-backend	reject-R13	reject-R13	reject-R13	false
no-conflict-scan	fixtures/mutants/E5--unknown-backend-0.sexp	E5	certificate-tampering	unknown-backend	reject-R13	reject-R13	reject-R13	false
no-conflict-scan	fixtures/mutants/malformed/E5--codec-junk-section-0.sexp	E5	codec-corruption	codec-junk-section	codec-reject	codec-fail	codec-fail	false
no-conflict-scan	fixtures/mutants/malformed/E5--codec-core-version-0.sexp	E5	codec-corruption	codec-core-version	codec-reject	codec-fail	codec-fail	false
no-conflict-scan	fixtures/mutants/malformed/E5--codec-replay-order-0.sexp	E5	codec-corruption	codec-replay-order	codec-reject	codec-fail	codec-fail	false
no-conflict-scan	fixtures/mutants/malformed/E5--codec-theory-mismatch-0.sexp	E5	codec-corruption	codec-theory-mismatch	codec-reject	codec-fail	codec-fail	false
no-conflict-scan	fixtures/mutants/malformed/E5--codec-dangling-attack-0.sexp	E5	codec-corruption	codec-dangling-attack	codec-reject	codec-fail	codec-fail	false
no-conflict-scan	fixtures/mutants/malformed/E5--codec-truncate-0.sexp	E5	codec-corruption	codec-truncate	codec-reject	codec-fail	codec-fail	false
no-conflict-scan	fixtures/mutants/S1--undeclared-leaf-0.sexp	S1	undeclared-leaves	undeclared-leaf	reject-R1	reject-R1	reject-R1	false
no-conflict-scan	fixtures/mutants/S1--hidden-rule-0.sexp	S1	hidden-policy-extension	hidden-rule	reject-R1	reject-R1	reject-R1	false
no-conflict-scan	fixtures/mutants/S1--hidden-contrary-0.sexp	S1	hidden-policy-extension	hidden-contrary	reject-R12	reject-R12	reject-R12	false
no-conflict-scan	fixtures/mutants/S1--wrong-subst-domain-0.sexp	S1	wrong-formulas	wrong-subst-domain	reject-R3	reject-R3	reject-R3	false
no-conflict-scan	fixtures/mutants/S1--cert-theory-swap-0.sexp	S1	certificate-tampering	cert-theory-swap	reject-R7	reject-R7	reject-R7	false
no-conflict-scan	fixtures/mutants/S1--cert-payload-tamper-0.sexp	S1	certificate-tampering	cert-payload-tamper	reject-R13	reject-R13	reject-R13	false
no-conflict-scan	fixtures/mutants/S1--unlicensed-attack-0.sexp	S1	bad-attack-targets	unlicensed-attack	reject-R11	reject-R11	reject-R11	false
no-conflict-scan	fixtures/mutants/S1--retract-rule-0.sexp	S1	localization	retract-rule	reject-R1	reject-R1	reject-R1	false
no-conflict-scan	fixtures/mutants/S1--undeclared-pred-0.sexp	S1	signature	undeclared-pred	reject-R2	reject-R2	reject-R2	false
no-conflict-scan	fixtures/mutants/S1--wrong-pred-arity-0.sexp	S1	signature	wrong-pred-arity	reject-R2	reject-R2	reject-R2	false
no-conflict-scan	fixtures/mutants/S1--wrong-arg-sort-0.sexp	S1	signature	wrong-arg-sort	reject-R2	reject-R2	reject-R2	false
no-conflict-scan	fixtures/mutants/S1--wrong-arg-sort-1.sexp	S1	signature	wrong-arg-sort	reject-R2	reject-R2	reject-R2	false
no-conflict-scan	fixtures/mutants/S1--undeclared-con-0.sexp	S1	signature	undeclared-con	reject-R2	reject-R2	reject-R2	false
no-conflict-scan	fixtures/mutants/S1--wrong-theta-sort-0.sexp	S1	signature	wrong-theta-sort	reject-R2	reject-R2	reject-R2	false
no-conflict-scan	fixtures/mutants/S1--out-of-scope-var-0.sexp	S1	hidden-policy-extension	out-of-scope-var	reject-R12	reject-R12	reject-R12	false
no-conflict-scan	fixtures/mutants/S1--duplicate-backend-0.sexp	S1	certificate-tampering	duplicate-backend	reject-R13	reject-R13	reject-R13	false
no-conflict-scan	fixtures/mutants/S1--unknown-backend-0.sexp	S1	certificate-tampering	unknown-backend	reject-R13	reject-R13	reject-R13	false
no-conflict-scan	fixtures/mutants/malformed/S1--codec-junk-section-0.sexp	S1	codec-corruption	codec-junk-section	codec-reject	codec-fail	codec-fail	false
no-conflict-scan	fixtures/mutants/malformed/S1--codec-core-version-0.sexp	S1	codec-corruption	codec-core-version	codec-reject	codec-fail	codec-fail	false
no-conflict-scan	fixtures/mutants/malformed/S1--codec-replay-order-0.sexp	S1	codec-corruption	codec-replay-order	codec-reject	codec-fail	codec-fail	false
no-conflict-scan	fixtures/mutants/malformed/S1--codec-theory-mismatch-0.sexp	S1	codec-corruption	codec-theory-mismatch	codec-reject	codec-fail	codec-fail	false
no-conflict-scan	fixtures/mutants/malformed/S1--codec-truncate-0.sexp	S1	codec-corruption	codec-truncate	codec-reject	codec-fail	codec-fail	false
no-conflict-scan	fixtures/mutants/cycle-rebut-6.sexp	-	cycles	rebut-cycle	accept-all-contested	accept-all-contested	accept-all-contested	false
no-conflict-scan	fixtures/mutants/cycle-rebut-2.sexp	-	cycles	rebut-cycle	accept-all-contested	accept-all-contested	accept-all-contested	false
no-conflict-scan	fixtures/mutants/cycle-rebut-4.sexp	-	cycles	rebut-cycle	accept-all-contested	accept-all-contested	accept-all-contested	false
no-conflict-scan	fixtures/mutants/cycle-rebut-5.sexp	-	cycles	rebut-cycle	accept-all-contested	accept-all-contested	accept-all-contested	false
no-conflict-scan	fixtures/mutants/rebench-restricted_mlm.C14--undeclared-leaf-0.sexp	rebench-restricted_mlm.C14	undeclared-leaves	undeclared-leaf	reject-R1	reject-R1	reject-R1	false
no-conflict-scan	fixtures/mutants/rebench-triton_cumsum.C09--undeclared-leaf-0.sexp	rebench-triton_cumsum.C09	undeclared-leaves	undeclared-leaf	reject-R1	reject-R1	reject-R1	false
no-conflict-scan	fixtures/mutants/test-time-model-adaptation.C04--undeclared-leaf-0.sexp	test-time-model-adaptation.C04	undeclared-leaves	undeclared-leaf	reject-R1	reject-R1	reject-R1	false
no-conflict-scan	fixtures/mutants/fre.C04--undeclared-leaf-0.sexp	fre.C04	undeclared-leaves	undeclared-leaf	reject-R1	reject-R1	reject-R1	false
no-conflict-scan	fixtures/mutants/self-composing-policies.C01--undeclared-leaf-0.sexp	self-composing-policies.C01	undeclared-leaves	undeclared-leaf	reject-R1	reject-R1	reject-R1	false
no-conflict-scan	fixtures/mutants/fre.C01--undeclared-leaf-0.sexp	fre.C01	undeclared-leaves	undeclared-leaf	reject-R1	reject-R1	reject-R1	false
no-conflict-scan	fixtures/mutants/pinn.C01--undeclared-leaf-0.sexp	pinn.C01	undeclared-leaves	undeclared-leaf	reject-R1	reject-R1	reject-R1	false
no-conflict-scan	fixtures/mutants/bam.C05--undeclared-leaf-0.sexp	bam.C05	undeclared-leaves	undeclared-leaf	reject-R1	reject-R1	reject-R1	false
no-conflict-scan	fixtures/mutants/adaptive-pruning.C04--undeclared-leaf-0.sexp	adaptive-pruning.C04	undeclared-leaves	undeclared-leaf	reject-R1	reject-R1	reject-R1	false
no-conflict-scan	fixtures/mutants/sample-specific-masks.C05--undeclared-leaf-0.sexp	sample-specific-masks.C05	undeclared-leaves	undeclared-leaf	reject-R1	reject-R1	reject-R1	false
no-conflict-scan	fixtures/mutants/rice.C01--undeclared-leaf-0.sexp	rice.C01	undeclared-leaves	undeclared-leaf	reject-R1	reject-R1	reject-R1	false
no-conflict-scan	fixtures/mutants/sample-specific-masks.C06--undeclared-leaf-0.sexp	sample-specific-masks.C06	undeclared-leaves	undeclared-leaf	reject-R1	reject-R1	reject-R1	false
no-conflict-scan	fixtures/mutants/self-composing-policies.C01--hidden-rule-0.sexp	self-composing-policies.C01	hidden-policy-extension	hidden-rule	reject-R1	reject-R1	reject-R1	false
no-conflict-scan	fixtures/mutants/rebench-restricted_mlm.C14--hidden-rule-0.sexp	rebench-restricted_mlm.C14	hidden-policy-extension	hidden-rule	reject-R1	reject-R1	reject-R1	false
no-conflict-scan	fixtures/mutants/rebench-rust_codecontests.C02--hidden-rule-0.sexp	rebench-rust_codecontests.C02	hidden-policy-extension	hidden-rule	reject-R1	reject-R1	reject-R1	false
no-conflict-scan	fixtures/mutants/rebench-triton_cumsum.C09--hidden-rule-0.sexp	rebench-triton_cumsum.C09	hidden-policy-extension	hidden-rule	reject-R1	reject-R1	reject-R1	false
no-conflict-scan	fixtures/mutants/fre.C01--hidden-rule-0.sexp	fre.C01	hidden-policy-extension	hidden-rule	reject-R1	reject-R1	reject-R1	false
no-conflict-scan	fixtures/mutants/fre.C04--hidden-rule-0.sexp	fre.C04	hidden-policy-extension	hidden-rule	reject-R1	reject-R1	reject-R1	false
no-conflict-scan	fixtures/mutants/sample-specific-masks.C06--hidden-rule-0.sexp	sample-specific-masks.C06	hidden-policy-extension	hidden-rule	reject-R1	reject-R1	reject-R1	false
no-conflict-scan	fixtures/mutants/sample-specific-masks.C05--hidden-rule-0.sexp	sample-specific-masks.C05	hidden-policy-extension	hidden-rule	reject-R1	reject-R1	reject-R1	false
no-conflict-scan	fixtures/mutants/bam.C05--hidden-rule-0.sexp	bam.C05	hidden-policy-extension	hidden-rule	reject-R1	reject-R1	reject-R1	false
no-conflict-scan	fixtures/mutants/rice.C01--hidden-rule-0.sexp	rice.C01	hidden-policy-extension	hidden-rule	reject-R1	reject-R1	reject-R1	false
no-conflict-scan	fixtures/mutants/adaptive-pruning.C04--hidden-rule-0.sexp	adaptive-pruning.C04	hidden-policy-extension	hidden-rule	reject-R1	reject-R1	reject-R1	false
no-conflict-scan	fixtures/mutants/test-time-model-adaptation.C04--hidden-rule-0.sexp	test-time-model-adaptation.C04	hidden-policy-extension	hidden-rule	reject-R1	reject-R1	reject-R1	false
no-conflict-scan	fixtures/mutants/all-in-one.C05--hidden-contrary-0.sexp	all-in-one.C05	hidden-policy-extension	hidden-contrary	reject-R12	reject-R12	reject-R12	false
no-conflict-scan	fixtures/mutants/robust-clip.C07--hidden-contrary-0.sexp	robust-clip.C07	hidden-policy-extension	hidden-contrary	reject-R12	reject-R12	reject-R12	false
no-conflict-scan	fixtures/mutants/lbcs.C05--hidden-contrary-0.sexp	lbcs.C05	hidden-policy-extension	hidden-contrary	reject-R12	reject-R12	reject-R12	false
no-conflict-scan	fixtures/mutants/all-in-one.C01--hidden-contrary-0.sexp	all-in-one.C01	hidden-policy-extension	hidden-contrary	reject-R12	reject-R12	reject-R12	false
no-conflict-scan	fixtures/mutants/fre.C04--hidden-contrary-0.sexp	fre.C04	hidden-policy-extension	hidden-contrary	reject-R12	reject-R12	reject-R12	false
no-conflict-scan	fixtures/mutants/self-composing-policies.C04--hidden-contrary-0.sexp	self-composing-policies.C04	hidden-policy-extension	hidden-contrary	reject-R12	reject-R12	reject-R12	false
no-conflict-scan	fixtures/mutants/rebench-triton_cumsum.C05--hidden-contrary-0.sexp	rebench-triton_cumsum.C05	hidden-policy-extension	hidden-contrary	reject-R12	reject-R12	reject-R12	false
no-conflict-scan	fixtures/mutants/ftrl.C01--hidden-contrary-0.sexp	ftrl.C01	hidden-policy-extension	hidden-contrary	reject-R12	reject-R12	reject-R12	false
no-conflict-scan	fixtures/mutants/what-will-my-model-forget.C03--hidden-contrary-0.sexp	what-will-my-model-forget.C03	hidden-policy-extension	hidden-contrary	reject-R12	reject-R12	reject-R12	false
no-conflict-scan	fixtures/mutants/rice.C01--hidden-contrary-0.sexp	rice.C01	hidden-policy-extension	hidden-contrary	reject-R12	reject-R12	reject-R12	false
no-conflict-scan	fixtures/mutants/bbox.C02--hidden-contrary-0.sexp	bbox.C02	hidden-policy-extension	hidden-contrary	reject-R12	reject-R12	reject-R12	false
no-conflict-scan	fixtures/mutants/bridging-data-gaps.C03--hidden-contrary-0.sexp	bridging-data-gaps.C03	hidden-policy-extension	hidden-contrary	reject-R12	reject-R12	reject-R12	false
no-conflict-scan	fixtures/mutants/test-time-model-adaptation.C04--wrong-subst-domain-0.sexp	test-time-model-adaptation.C04	wrong-formulas	wrong-subst-domain	reject-R3	reject-R3	reject-R3	false
no-conflict-scan	fixtures/mutants/pinn.C01--wrong-subst-domain-0.sexp	pinn.C01	wrong-formulas	wrong-subst-domain	reject-R3	reject-R3	reject-R3	false
no-conflict-scan	fixtures/mutants/sample-specific-masks.C06--wrong-subst-domain-0.sexp	sample-specific-masks.C06	wrong-formulas	wrong-subst-domain	reject-R3	reject-R3	reject-R3	false
no-conflict-scan	fixtures/mutants/rice.C01--wrong-subst-domain-0.sexp	rice.C01	wrong-formulas	wrong-subst-domain	reject-R3	reject-R3	reject-R3	false
no-conflict-scan	fixtures/mutants/bam.C05--wrong-subst-domain-0.sexp	bam.C05	wrong-formulas	wrong-subst-domain	reject-R3	reject-R3	reject-R3	false
no-conflict-scan	fixtures/mutants/rebench-triton_cumsum.C09--wrong-subst-domain-0.sexp	rebench-triton_cumsum.C09	wrong-formulas	wrong-subst-domain	reject-R3	reject-R3	reject-R3	false
no-conflict-scan	fixtures/mutants/self-composing-policies.C01--wrong-subst-domain-0.sexp	self-composing-policies.C01	wrong-formulas	wrong-subst-domain	reject-R3	reject-R3	reject-R3	false
no-conflict-scan	fixtures/mutants/adaptive-pruning.C04--wrong-subst-domain-0.sexp	adaptive-pruning.C04	wrong-formulas	wrong-subst-domain	reject-R3	reject-R3	reject-R3	false
no-conflict-scan	fixtures/mutants/rebench-rust_codecontests.C02--wrong-subst-domain-0.sexp	rebench-rust_codecontests.C02	wrong-formulas	wrong-subst-domain	reject-R3	reject-R3	reject-R3	false
no-conflict-scan	fixtures/mutants/fre.C04--wrong-subst-domain-0.sexp	fre.C04	wrong-formulas	wrong-subst-domain	reject-R3	reject-R3	reject-R3	false
no-conflict-scan	fixtures/mutants/sample-specific-masks.C05--wrong-subst-domain-0.sexp	sample-specific-masks.C05	wrong-formulas	wrong-subst-domain	reject-R3	reject-R3	reject-R3	false
no-conflict-scan	fixtures/mutants/fre.C01--wrong-subst-domain-0.sexp	fre.C01	wrong-formulas	wrong-subst-domain	reject-R3	reject-R3	reject-R3	false
no-conflict-scan	fixtures/mutants/adaptive-pruning.C04--wrong-premise-0.sexp	adaptive-pruning.C04	wrong-formulas	wrong-premise	reject-R4	reject-R4	reject-R4	false
no-conflict-scan	fixtures/mutants/fre.C01--wrong-premise-0.sexp	fre.C01	wrong-formulas	wrong-premise	reject-R4	reject-R4	reject-R4	false
no-conflict-scan	fixtures/mutants/sample-specific-masks.C05--wrong-premise-0.sexp	sample-specific-masks.C05	wrong-formulas	wrong-premise	reject-R4	reject-R4	reject-R4	false
no-conflict-scan	fixtures/mutants/rebench-restricted_mlm.C14--wrong-premise-0.sexp	rebench-restricted_mlm.C14	wrong-formulas	wrong-premise	reject-R4	reject-R4	reject-R4	false
no-conflict-scan	fixtures/mutants/rebench-triton_cumsum.C09--wrong-premise-0.sexp	rebench-triton_cumsum.C09	wrong-formulas	wrong-premise	reject-R4	reject-R4	reject-R4	false
no-conflict-scan	fixtures/mutants/rebench-rust_codecontests.C02--wrong-premise-0.sexp	rebench-rust_codecontests.C02	wrong-formulas	wrong-premise	reject-R4	reject-R4	reject-R4	false
no-conflict-scan	fixtures/mutants/fre.C04--wrong-premise-0.sexp	fre.C04	wrong-formulas	wrong-premise	reject-R4	reject-R4	reject-R4	false
no-conflict-scan	fixtures/mutants/bam.C05--wrong-premise-0.sexp	bam.C05	wrong-formulas	wrong-premise	reject-R4	reject-R4	reject-R4	false
no-conflict-scan	fixtures/mutants/pinn.C01--wrong-premise-0.sexp	pinn.C01	wrong-formulas	wrong-premise	reject-R4	reject-R4	reject-R4	false
no-conflict-scan	fixtures/mutants/rice.C01--wrong-premise-0.sexp	rice.C01	wrong-formulas	wrong-premise	reject-R4	reject-R4	reject-R4	false
no-conflict-scan	fixtures/mutants/self-composing-policies.C01--wrong-premise-0.sexp	self-composing-policies.C01	wrong-formulas	wrong-premise	reject-R4	reject-R4	reject-R4	false
no-conflict-scan	fixtures/mutants/test-time-model-adaptation.C04--wrong-premise-0.sexp	test-time-model-adaptation.C04	wrong-formulas	wrong-premise	reject-R4	reject-R4	reject-R4	false
no-conflict-scan	fixtures/mutants/bam.C05--open-obligation-0.sexp	bam.C05	open-obligations	open-obligation	reject-R5	reject-R5	reject-R5	false
no-conflict-scan	fixtures/mutants/fre.C01--open-obligation-0.sexp	fre.C01	open-obligations	open-obligation	reject-R5	reject-R5	reject-R5	false
no-conflict-scan	fixtures/mutants/fre.C04--open-obligation-0.sexp	fre.C04	open-obligations	open-obligation	reject-R5	reject-R5	reject-R5	false
no-conflict-scan	fixtures/mutants/pinn.C01--open-obligation-0.sexp	pinn.C01	open-obligations	open-obligation	reject-R5	reject-R5	reject-R5	false
no-conflict-scan	fixtures/mutants/rice.C01--open-obligation-0.sexp	rice.C01	open-obligations	open-obligation	reject-R5	reject-R5	reject-R5	false
no-conflict-scan	fixtures/mutants/sample-specific-masks.C05--open-obligation-0.sexp	sample-specific-masks.C05	open-obligations	open-obligation	reject-R5	reject-R5	reject-R5	false
no-conflict-scan	fixtures/mutants/sample-specific-masks.C06--open-obligation-0.sexp	sample-specific-masks.C06	open-obligations	open-obligation	reject-R5	reject-R5	reject-R5	false
no-conflict-scan	fixtures/mutants/self-composing-policies.C01--open-obligation-0.sexp	self-composing-policies.C01	open-obligations	open-obligation	reject-R5	reject-R5	reject-R5	false
no-conflict-scan	fixtures/mutants/test-time-model-adaptation.C04--open-obligation-0.sexp	test-time-model-adaptation.C04	open-obligations	open-obligation	reject-R5	reject-R5	reject-R5	false
no-conflict-scan	fixtures/mutants/rebench-restricted_mlm.C14--open-obligation-0.sexp	rebench-restricted_mlm.C14	open-obligations	open-obligation	reject-R5	reject-R5	reject-R5	false
no-conflict-scan	fixtures/mutants/rebench-rust_codecontests.C02--open-obligation-0.sexp	rebench-rust_codecontests.C02	open-obligations	open-obligation	reject-R5	reject-R5	reject-R5	false
no-conflict-scan	fixtures/mutants/rebench-triton_cumsum.C09--open-obligation-0.sexp	rebench-triton_cumsum.C09	open-obligations	open-obligation	reject-R5	reject-R5	reject-R5	false
no-conflict-scan	fixtures/mutants/bam.C05--hole-obligation-0.sexp	bam.C05	open-obligations	hole-obligation	reject-IncompleteArgument	reject-IncompleteArgument	reject-IncompleteArgument	false
no-conflict-scan	fixtures/mutants/fre.C01--hole-obligation-0.sexp	fre.C01	open-obligations	hole-obligation	reject-IncompleteArgument	reject-IncompleteArgument	reject-IncompleteArgument	false
no-conflict-scan	fixtures/mutants/fre.C04--hole-obligation-0.sexp	fre.C04	open-obligations	hole-obligation	reject-IncompleteArgument	reject-IncompleteArgument	reject-IncompleteArgument	false
no-conflict-scan	fixtures/mutants/pinn.C01--hole-obligation-0.sexp	pinn.C01	open-obligations	hole-obligation	reject-IncompleteArgument	reject-IncompleteArgument	reject-IncompleteArgument	false
no-conflict-scan	fixtures/mutants/rice.C01--hole-obligation-0.sexp	rice.C01	open-obligations	hole-obligation	reject-IncompleteArgument	reject-IncompleteArgument	reject-IncompleteArgument	false
no-conflict-scan	fixtures/mutants/sample-specific-masks.C05--hole-obligation-0.sexp	sample-specific-masks.C05	open-obligations	hole-obligation	reject-IncompleteArgument	reject-IncompleteArgument	reject-IncompleteArgument	false
no-conflict-scan	fixtures/mutants/sample-specific-masks.C06--hole-obligation-0.sexp	sample-specific-masks.C06	open-obligations	hole-obligation	reject-IncompleteArgument	reject-IncompleteArgument	reject-IncompleteArgument	false
no-conflict-scan	fixtures/mutants/self-composing-policies.C01--hole-obligation-0.sexp	self-composing-policies.C01	open-obligations	hole-obligation	reject-IncompleteArgument	reject-IncompleteArgument	reject-IncompleteArgument	false
no-conflict-scan	fixtures/mutants/test-time-model-adaptation.C04--hole-obligation-0.sexp	test-time-model-adaptation.C04	open-obligations	hole-obligation	reject-IncompleteArgument	reject-IncompleteArgument	reject-IncompleteArgument	false
no-conflict-scan	fixtures/mutants/rebench-restricted_mlm.C14--hole-obligation-0.sexp	rebench-restricted_mlm.C14	open-obligations	hole-obligation	reject-IncompleteArgument	reject-IncompleteArgument	reject-IncompleteArgument	false
no-conflict-scan	fixtures/mutants/rebench-rust_codecontests.C02--hole-obligation-0.sexp	rebench-rust_codecontests.C02	open-obligations	hole-obligation	reject-IncompleteArgument	reject-IncompleteArgument	reject-IncompleteArgument	false
no-conflict-scan	fixtures/mutants/rebench-triton_cumsum.C09--hole-obligation-0.sexp	rebench-triton_cumsum.C09	open-obligations	hole-obligation	reject-IncompleteArgument	reject-IncompleteArgument	reject-IncompleteArgument	false
no-conflict-scan	fixtures/mutants/bam.C05--wrong-discharge-0.sexp	bam.C05	open-obligations	wrong-discharge	reject-R6	reject-R6	reject-R6	false
no-conflict-scan	fixtures/mutants/fre.C01--wrong-discharge-0.sexp	fre.C01	open-obligations	wrong-discharge	reject-R6	reject-R6	reject-R6	false
no-conflict-scan	fixtures/mutants/fre.C04--wrong-discharge-0.sexp	fre.C04	open-obligations	wrong-discharge	reject-R6	reject-R6	reject-R6	false
no-conflict-scan	fixtures/mutants/pinn.C01--wrong-discharge-0.sexp	pinn.C01	open-obligations	wrong-discharge	reject-R6	reject-R6	reject-R6	false
no-conflict-scan	fixtures/mutants/rice.C01--wrong-discharge-0.sexp	rice.C01	open-obligations	wrong-discharge	reject-R6	reject-R6	reject-R6	false
no-conflict-scan	fixtures/mutants/sample-specific-masks.C05--wrong-discharge-0.sexp	sample-specific-masks.C05	open-obligations	wrong-discharge	reject-R6	reject-R6	reject-R6	false
no-conflict-scan	fixtures/mutants/sample-specific-masks.C06--wrong-discharge-0.sexp	sample-specific-masks.C06	open-obligations	wrong-discharge	reject-R6	reject-R6	reject-R6	false
no-conflict-scan	fixtures/mutants/self-composing-policies.C01--wrong-discharge-0.sexp	self-composing-policies.C01	open-obligations	wrong-discharge	reject-R6	reject-R6	reject-R6	false
no-conflict-scan	fixtures/mutants/test-time-model-adaptation.C04--wrong-discharge-0.sexp	test-time-model-adaptation.C04	open-obligations	wrong-discharge	reject-R6	reject-R6	reject-R6	false
no-conflict-scan	fixtures/mutants/rebench-restricted_mlm.C14--wrong-discharge-0.sexp	rebench-restricted_mlm.C14	open-obligations	wrong-discharge	reject-R6	reject-R6	reject-R6	false
no-conflict-scan	fixtures/mutants/rebench-rust_codecontests.C02--wrong-discharge-0.sexp	rebench-rust_codecontests.C02	open-obligations	wrong-discharge	reject-R6	reject-R6	reject-R6	false
no-conflict-scan	fixtures/mutants/rebench-triton_cumsum.C09--wrong-discharge-0.sexp	rebench-triton_cumsum.C09	open-obligations	wrong-discharge	reject-R6	reject-R6	reject-R6	false
no-conflict-scan	fixtures/mutants/bam.C05--trusted-assurance-0.sexp	bam.C05	certificate-tampering	trusted-assurance	reject-R7	reject-R7	reject-R7	false
no-conflict-scan	fixtures/mutants/fre.C01--trusted-assurance-0.sexp	fre.C01	certificate-tampering	trusted-assurance	reject-R7	reject-R7	reject-R7	false
no-conflict-scan	fixtures/mutants/fre.C04--trusted-assurance-0.sexp	fre.C04	certificate-tampering	trusted-assurance	reject-R7	reject-R7	reject-R7	false
no-conflict-scan	fixtures/mutants/pinn.C01--trusted-assurance-0.sexp	pinn.C01	certificate-tampering	trusted-assurance	reject-R7	reject-R7	reject-R7	false
no-conflict-scan	fixtures/mutants/rice.C01--trusted-assurance-0.sexp	rice.C01	certificate-tampering	trusted-assurance	reject-R7	reject-R7	reject-R7	false
no-conflict-scan	fixtures/mutants/sample-specific-masks.C05--trusted-assurance-0.sexp	sample-specific-masks.C05	certificate-tampering	trusted-assurance	reject-R7	reject-R7	reject-R7	false
no-conflict-scan	fixtures/mutants/sample-specific-masks.C06--trusted-assurance-0.sexp	sample-specific-masks.C06	certificate-tampering	trusted-assurance	reject-R7	reject-R7	reject-R7	false
no-conflict-scan	fixtures/mutants/self-composing-policies.C01--trusted-assurance-0.sexp	self-composing-policies.C01	certificate-tampering	trusted-assurance	reject-R7	reject-R7	reject-R7	false
no-conflict-scan	fixtures/mutants/test-time-model-adaptation.C04--trusted-assurance-0.sexp	test-time-model-adaptation.C04	certificate-tampering	trusted-assurance	reject-R7	reject-R7	reject-R7	false
no-conflict-scan	fixtures/mutants/rebench-restricted_mlm.C14--trusted-assurance-0.sexp	rebench-restricted_mlm.C14	certificate-tampering	trusted-assurance	reject-R7	reject-R7	reject-R7	false
no-conflict-scan	fixtures/mutants/rebench-rust_codecontests.C02--trusted-assurance-0.sexp	rebench-rust_codecontests.C02	certificate-tampering	trusted-assurance	reject-R7	reject-R7	reject-R7	false
no-conflict-scan	fixtures/mutants/rebench-triton_cumsum.C09--trusted-assurance-0.sexp	rebench-triton_cumsum.C09	certificate-tampering	trusted-assurance	reject-R7	reject-R7	reject-R7	false
no-conflict-scan	fixtures/mutants/adaptive-pruning.C04--cert-theory-swap-0.sexp	adaptive-pruning.C04	certificate-tampering	cert-theory-swap	reject-R7	reject-R7	reject-R7	false
no-conflict-scan	fixtures/mutants/adaptive-pruning.C04--cert-payload-tamper-0.sexp	adaptive-pruning.C04	certificate-tampering	cert-payload-tamper	reject-R13	reject-R13	reject-R13	false
no-conflict-scan	fixtures/mutants/adaptive-pruning.C04--cert-wrong-fraction-0.sexp	adaptive-pruning.C04	certificate-tampering	cert-wrong-fraction	reject-R13	reject-R13	reject-R13	false
no-conflict-scan	fixtures/mutants/fre.C04--bad-attack-position-0.sexp	fre.C04	bad-attack-targets	bad-attack-position	reject-R10	reject-R10	reject-R10	false
no-conflict-scan	fixtures/mutants/test-time-model-adaptation.C04--bad-attack-position-0.sexp	test-time-model-adaptation.C04	bad-attack-targets	bad-attack-position	reject-R10	reject-R10	reject-R10	false
no-conflict-scan	fixtures/mutants/rebench-triton_cumsum.C09--bad-attack-position-0.sexp	rebench-triton_cumsum.C09	bad-attack-targets	bad-attack-position	reject-R10	reject-R10	reject-R10	false
no-conflict-scan	fixtures/mutants/rebench-restricted_mlm.C14--unlicensed-attack-0.sexp	rebench-restricted_mlm.C14	bad-attack-targets	unlicensed-attack	reject-R11	reject-R11	reject-R11	false
no-conflict-scan	fixtures/mutants/bam.C05--unlicensed-attack-0.sexp	bam.C05	bad-attack-targets	unlicensed-attack	reject-R11	reject-R11	reject-R11	false
no-conflict-scan	fixtures/mutants/pinn.C01--unlicensed-attack-0.sexp	pinn.C01	bad-attack-targets	unlicensed-attack	reject-R11	reject-R11	reject-R11	false
no-conflict-scan	fixtures/mutants/test-time-model-adaptation.C04--unlicensed-attack-0.sexp	test-time-model-adaptation.C04	bad-attack-targets	unlicensed-attack	reject-R11	reject-R11	reject-R11	false
no-conflict-scan	fixtures/mutants/fre.C04--unlicensed-attack-0.sexp	fre.C04	bad-attack-targets	unlicensed-attack	reject-R11	reject-R11	reject-R11	false
no-conflict-scan	fixtures/mutants/sample-specific-masks.C05--unlicensed-attack-0.sexp	sample-specific-masks.C05	bad-attack-targets	unlicensed-attack	reject-R11	reject-R11	reject-R11	false
no-conflict-scan	fixtures/mutants/fre.C01--unlicensed-attack-0.sexp	fre.C01	bad-attack-targets	unlicensed-attack	reject-R11	reject-R11	reject-R11	false
no-conflict-scan	fixtures/mutants/rebench-triton_cumsum.C09--unlicensed-attack-0.sexp	rebench-triton_cumsum.C09	bad-attack-targets	unlicensed-attack	reject-R11	reject-R11	reject-R11	false
no-conflict-scan	fixtures/mutants/adaptive-pruning.C04--unlicensed-attack-0.sexp	adaptive-pruning.C04	bad-attack-targets	unlicensed-attack	reject-R11	reject-R11	reject-R11	false
no-conflict-scan	fixtures/mutants/rebench-rust_codecontests.C02--unlicensed-attack-0.sexp	rebench-rust_codecontests.C02	bad-attack-targets	unlicensed-attack	reject-R11	reject-R11	reject-R11	false
no-conflict-scan	fixtures/mutants/rice.C01--unlicensed-attack-0.sexp	rice.C01	bad-attack-targets	unlicensed-attack	reject-R11	reject-R11	reject-R11	false
no-conflict-scan	fixtures/mutants/self-composing-policies.C01--unlicensed-attack-0.sexp	self-composing-policies.C01	bad-attack-targets	unlicensed-attack	reject-R11	reject-R11	reject-R11	false
no-conflict-scan	fixtures/mutants/stay-on-topic-with-classifier-free-guidance.C05--group-conflict-0.sexp	stay-on-topic-with-classifier-free-guidance.C05	data-integrity	group-conflict	reject-R9	reject-R9	reject-R9	false
no-conflict-scan	fixtures/mutants/mechanistic-understanding.C04--group-conflict-0.sexp	mechanistic-understanding.C04	data-integrity	group-conflict	reject-R9	reject-R9	reject-R9	false
no-conflict-scan	fixtures/mutants/bbox.C06--group-conflict-0.sexp	bbox.C06	data-integrity	group-conflict	reject-R9	reject-R9	reject-R9	false
no-conflict-scan	fixtures/mutants/stochastic-interpolants.C01--group-conflict-0.sexp	stochastic-interpolants.C01	data-integrity	group-conflict	reject-R9	reject-R9	reject-R9	false
no-conflict-scan	fixtures/mutants/stay-on-topic-with-classifier-free-guidance.C06--group-conflict-0.sexp	stay-on-topic-with-classifier-free-guidance.C06	data-integrity	group-conflict	reject-R9	reject-R9	reject-R9	false
no-conflict-scan	fixtures/mutants/self-composing-policies.C04--group-conflict-0.sexp	self-composing-policies.C04	data-integrity	group-conflict	reject-R9	reject-R9	reject-R9	false
no-conflict-scan	fixtures/mutants/rebench-rust_codecontests.C02--group-conflict-0.sexp	rebench-rust_codecontests.C02	data-integrity	group-conflict	reject-R9	reject-R9	reject-R9	false
no-conflict-scan	fixtures/mutants/pinn.C03--group-conflict-0.sexp	pinn.C03	data-integrity	group-conflict	reject-R9	reject-R9	reject-R9	false
no-conflict-scan	fixtures/mutants/self-expansion.C04--group-conflict-0.sexp	self-expansion.C04	data-integrity	group-conflict	reject-R9	reject-R9	reject-R9	false
no-conflict-scan	fixtures/mutants/all-in-one.C03--group-conflict-0.sexp	all-in-one.C03	data-integrity	group-conflict	reject-R9	reject-R9	reject-R9	false
no-conflict-scan	fixtures/mutants/all-in-one.C06--group-conflict-0.sexp	all-in-one.C06	data-integrity	group-conflict	reject-R9	reject-R9	reject-R9	false
no-conflict-scan	fixtures/mutants/mechanistic-understanding.C02--group-conflict-0.sexp	mechanistic-understanding.C02	data-integrity	group-conflict	reject-R9	reject-R9	reject-R9	false
no-conflict-scan	fixtures/mutants/rebench-rust_codecontests.C02--retract-rule-0.sexp	rebench-rust_codecontests.C02	localization	retract-rule	reject-R1	reject-R1	reject-R1	false
no-conflict-scan	fixtures/mutants/self-composing-policies.C01--retract-rule-0.sexp	self-composing-policies.C01	localization	retract-rule	reject-R1	reject-R1	reject-R1	false
no-conflict-scan	fixtures/mutants/adaptive-pruning.C04--retract-rule-0.sexp	adaptive-pruning.C04	localization	retract-rule	reject-R1	reject-R1	reject-R1	false
no-conflict-scan	fixtures/mutants/rice.C01--retract-rule-0.sexp	rice.C01	localization	retract-rule	reject-R1	reject-R1	reject-R1	false
no-conflict-scan	fixtures/mutants/test-time-model-adaptation.C04--retract-rule-0.sexp	test-time-model-adaptation.C04	localization	retract-rule	reject-R1	reject-R1	reject-R1	false
no-conflict-scan	fixtures/mutants/fre.C04--retract-rule-0.sexp	fre.C04	localization	retract-rule	reject-R1	reject-R1	reject-R1	false
no-conflict-scan	fixtures/mutants/sample-specific-masks.C05--retract-rule-0.sexp	sample-specific-masks.C05	localization	retract-rule	reject-R1	reject-R1	reject-R1	false
no-conflict-scan	fixtures/mutants/fre.C01--retract-rule-0.sexp	fre.C01	localization	retract-rule	reject-R1	reject-R1	reject-R1	false
no-conflict-scan	fixtures/mutants/sample-specific-masks.C06--retract-rule-0.sexp	sample-specific-masks.C06	localization	retract-rule	reject-R1	reject-R1	reject-R1	false
no-conflict-scan	fixtures/mutants/rebench-triton_cumsum.C09--retract-rule-0.sexp	rebench-triton_cumsum.C09	localization	retract-rule	reject-R1	reject-R1	reject-R1	false
no-conflict-scan	fixtures/mutants/pinn.C01--retract-rule-0.sexp	pinn.C01	localization	retract-rule	reject-R1	reject-R1	reject-R1	false
no-conflict-scan	fixtures/mutants/bam.C05--retract-rule-0.sexp	bam.C05	localization	retract-rule	reject-R1	reject-R1	reject-R1	false
no-conflict-scan	fixtures/mutants/fre.C04--cross-stage-defect-0.sexp	fre.C04	localization	cross-stage-defect	reject-R4	reject-R4	reject-R4	false
no-conflict-scan	fixtures/mutants/test-time-model-adaptation.C04--cross-stage-defect-0.sexp	test-time-model-adaptation.C04	localization	cross-stage-defect	reject-R4	reject-R4	reject-R4	false
no-conflict-scan	fixtures/mutants/rebench-triton_cumsum.C09--cross-stage-defect-0.sexp	rebench-triton_cumsum.C09	localization	cross-stage-defect	reject-R4	reject-R4	reject-R4	false
no-conflict-scan	fixtures/mutants/semantic-self-consistency.C03--undeclared-pred-0.sexp	semantic-self-consistency.C03	signature	undeclared-pred	reject-R2	reject-R2	reject-R2	false
no-conflict-scan	fixtures/mutants/robust-clip.C07--undeclared-pred-0.sexp	robust-clip.C07	signature	undeclared-pred	reject-R2	reject-R2	reject-R2	false
no-conflict-scan	fixtures/mutants/adaptive-pruning.C03--undeclared-pred-0.sexp	adaptive-pruning.C03	signature	undeclared-pred	reject-R2	reject-R2	reject-R2	false
no-conflict-scan	fixtures/mutants/stochastic-interpolants.C03--undeclared-pred-0.sexp	stochastic-interpolants.C03	signature	undeclared-pred	reject-R2	reject-R2	reject-R2	false
no-conflict-scan	fixtures/mutants/robust-clip.C02--undeclared-pred-0.sexp	robust-clip.C02	signature	undeclared-pred	reject-R2	reject-R2	reject-R2	false
no-conflict-scan	fixtures/mutants/stay-on-topic-with-classifier-free-guidance.C02--undeclared-pred-0.sexp	stay-on-topic-with-classifier-free-guidance.C02	signature	undeclared-pred	reject-R2	reject-R2	reject-R2	false
no-conflict-scan	fixtures/mutants/sample-specific-masks.C05--undeclared-pred-0.sexp	sample-specific-masks.C05	signature	undeclared-pred	reject-R2	reject-R2	reject-R2	false
no-conflict-scan	fixtures/mutants/mechanistic-understanding.C04--undeclared-pred-0.sexp	mechanistic-understanding.C04	signature	undeclared-pred	reject-R2	reject-R2	reject-R2	false
no-conflict-scan	fixtures/mutants/sapg.C01--undeclared-pred-0.sexp	sapg.C01	signature	undeclared-pred	reject-R2	reject-R2	reject-R2	false
no-conflict-scan	fixtures/mutants/bbox.C05--undeclared-pred-0.sexp	bbox.C05	signature	undeclared-pred	reject-R2	reject-R2	reject-R2	false
no-conflict-scan	fixtures/mutants/self-expansion.C03--undeclared-pred-0.sexp	self-expansion.C03	signature	undeclared-pred	reject-R2	reject-R2	reject-R2	false
no-conflict-scan	fixtures/mutants/mechanistic-understanding.C02--undeclared-pred-0.sexp	mechanistic-understanding.C02	signature	undeclared-pred	reject-R2	reject-R2	reject-R2	false
no-conflict-scan	fixtures/mutants/stay-on-topic-with-classifier-free-guidance.C05--wrong-pred-arity-0.sexp	stay-on-topic-with-classifier-free-guidance.C05	signature	wrong-pred-arity	reject-R2	reject-R2	reject-R2	false
no-conflict-scan	fixtures/mutants/bridging-data-gaps.C05--wrong-pred-arity-0.sexp	bridging-data-gaps.C05	signature	wrong-pred-arity	reject-R2	reject-R2	reject-R2	false
no-conflict-scan	fixtures/mutants/adaptive-pruning.C04--wrong-pred-arity-0.sexp	adaptive-pruning.C04	signature	wrong-pred-arity	reject-R2	reject-R2	reject-R2	false
no-conflict-scan	fixtures/mutants/stay-on-topic-with-classifier-free-guidance.C06--wrong-pred-arity-0.sexp	stay-on-topic-with-classifier-free-guidance.C06	signature	wrong-pred-arity	reject-R2	reject-R2	reject-R2	false
no-conflict-scan	fixtures/mutants/adaptive-pruning.C03--wrong-pred-arity-0.sexp	adaptive-pruning.C03	signature	wrong-pred-arity	reject-R2	reject-R2	reject-R2	false
no-conflict-scan	fixtures/mutants/semantic-self-consistency.C06--wrong-pred-arity-0.sexp	semantic-self-consistency.C06	signature	wrong-pred-arity	reject-R2	reject-R2	reject-R2	false
no-conflict-scan	fixtures/mutants/rebench-fix_embedding.C12--wrong-pred-arity-0.sexp	rebench-fix_embedding.C12	signature	wrong-pred-arity	reject-R2	reject-R2	reject-R2	false
no-conflict-scan	fixtures/mutants/all-in-one.C05--wrong-pred-arity-0.sexp	all-in-one.C05	signature	wrong-pred-arity	reject-R2	reject-R2	reject-R2	false
no-conflict-scan	fixtures/mutants/bbox.C05--wrong-pred-arity-0.sexp	bbox.C05	signature	wrong-pred-arity	reject-R2	reject-R2	reject-R2	false
no-conflict-scan	fixtures/mutants/all-in-one.C03--wrong-pred-arity-0.sexp	all-in-one.C03	signature	wrong-pred-arity	reject-R2	reject-R2	reject-R2	false
no-conflict-scan	fixtures/mutants/pinn.C03--wrong-pred-arity-0.sexp	pinn.C03	signature	wrong-pred-arity	reject-R2	reject-R2	reject-R2	false
no-conflict-scan	fixtures/mutants/test-time-model-adaptation.C05--wrong-pred-arity-0.sexp	test-time-model-adaptation.C05	signature	wrong-pred-arity	reject-R2	reject-R2	reject-R2	false
no-conflict-scan	fixtures/mutants/stay-on-topic-with-classifier-free-guidance.C06--wrong-arg-sort-0.sexp	stay-on-topic-with-classifier-free-guidance.C06	signature	wrong-arg-sort	reject-R2	reject-R2	reject-R2	false
no-conflict-scan	fixtures/mutants/sapg.C06--wrong-arg-sort-0.sexp	sapg.C06	signature	wrong-arg-sort	reject-R2	reject-R2	reject-R2	false
no-conflict-scan	fixtures/mutants/robust-clip.C02--wrong-arg-sort-0.sexp	robust-clip.C02	signature	wrong-arg-sort	reject-R2	reject-R2	reject-R2	false
no-conflict-scan	fixtures/mutants/semantic-self-consistency.C03--wrong-arg-sort-0.sexp	semantic-self-consistency.C03	signature	wrong-arg-sort	reject-R2	reject-R2	reject-R2	false
no-conflict-scan	fixtures/mutants/bbox.C02--wrong-arg-sort-0.sexp	bbox.C02	signature	wrong-arg-sort	reject-R2	reject-R2	reject-R2	false
no-conflict-scan	fixtures/mutants/self-composing-policies.C04--wrong-arg-sort-0.sexp	self-composing-policies.C04	signature	wrong-arg-sort	reject-R2	reject-R2	reject-R2	false
no-conflict-scan	fixtures/mutants/bbox.C04--wrong-arg-sort-0.sexp	bbox.C04	signature	wrong-arg-sort	reject-R2	reject-R2	reject-R2	false
no-conflict-scan	fixtures/mutants/bam.C06--wrong-arg-sort-0.sexp	bam.C06	signature	wrong-arg-sort	reject-R2	reject-R2	reject-R2	false
no-conflict-scan	fixtures/mutants/bridging-data-gaps.C03--wrong-arg-sort-0.sexp	bridging-data-gaps.C03	signature	wrong-arg-sort	reject-R2	reject-R2	reject-R2	false
no-conflict-scan	fixtures/mutants/test-time-model-adaptation.C04--wrong-arg-sort-0.sexp	test-time-model-adaptation.C04	signature	wrong-arg-sort	reject-R2	reject-R2	reject-R2	false
no-conflict-scan	fixtures/mutants/all-in-one.C01--wrong-arg-sort-0.sexp	all-in-one.C01	signature	wrong-arg-sort	reject-R2	reject-R2	reject-R2	false
no-conflict-scan	fixtures/mutants/stay-on-topic-with-classifier-free-guidance.C05--wrong-arg-sort-0.sexp	stay-on-topic-with-classifier-free-guidance.C05	signature	wrong-arg-sort	reject-R2	reject-R2	reject-R2	false
no-conflict-scan	fixtures/mutants/sample-specific-masks.C06--undeclared-con-0.sexp	sample-specific-masks.C06	signature	undeclared-con	reject-R2	reject-R2	reject-R2	false
no-conflict-scan	fixtures/mutants/rice.C01--undeclared-con-0.sexp	rice.C01	signature	undeclared-con	reject-R2	reject-R2	reject-R2	false
no-conflict-scan	fixtures/mutants/sequential-neural-score-estimation.C04--undeclared-con-0.sexp	sequential-neural-score-estimation.C04	signature	undeclared-con	reject-R2	reject-R2	reject-R2	false
no-conflict-scan	fixtures/mutants/bridging-data-gaps.C03--undeclared-con-0.sexp	bridging-data-gaps.C03	signature	undeclared-con	reject-R2	reject-R2	reject-R2	false
no-conflict-scan	fixtures/mutants/fre.C03--undeclared-con-0.sexp	fre.C03	signature	undeclared-con	reject-R2	reject-R2	reject-R2	false
no-conflict-scan	fixtures/mutants/pinn.C05--undeclared-con-0.sexp	pinn.C05	signature	undeclared-con	reject-R2	reject-R2	reject-R2	false
no-conflict-scan	fixtures/mutants/rebench-restricted_mlm.C14--undeclared-con-0.sexp	rebench-restricted_mlm.C14	signature	undeclared-con	reject-R2	reject-R2	reject-R2	false
no-conflict-scan	fixtures/mutants/fre.C04--undeclared-con-0.sexp	fre.C04	signature	undeclared-con	reject-R2	reject-R2	reject-R2	false
no-conflict-scan	fixtures/mutants/bbox.C06--undeclared-con-0.sexp	bbox.C06	signature	undeclared-con	reject-R2	reject-R2	reject-R2	false
no-conflict-scan	fixtures/mutants/bam.C05--undeclared-con-0.sexp	bam.C05	signature	undeclared-con	reject-R2	reject-R2	reject-R2	false
no-conflict-scan	fixtures/mutants/all-in-one.C06--undeclared-con-0.sexp	all-in-one.C06	signature	undeclared-con	reject-R2	reject-R2	reject-R2	false
no-conflict-scan	fixtures/mutants/self-composing-policies.C04--undeclared-con-0.sexp	self-composing-policies.C04	signature	undeclared-con	reject-R2	reject-R2	reject-R2	false
no-conflict-scan	fixtures/mutants/rebench-triton_cumsum.C09--wrong-theta-sort-0.sexp	rebench-triton_cumsum.C09	signature	wrong-theta-sort	reject-R2	reject-R2	reject-R2	false
no-conflict-scan	fixtures/mutants/pinn.C01--wrong-theta-sort-0.sexp	pinn.C01	signature	wrong-theta-sort	reject-R2	reject-R2	reject-R2	false
no-conflict-scan	fixtures/mutants/rebench-restricted_mlm.C14--wrong-theta-sort-0.sexp	rebench-restricted_mlm.C14	signature	wrong-theta-sort	reject-R2	reject-R2	reject-R2	false
no-conflict-scan	fixtures/mutants/fre.C01--wrong-theta-sort-0.sexp	fre.C01	signature	wrong-theta-sort	reject-R2	reject-R2	reject-R2	false
no-conflict-scan	fixtures/mutants/rice.C01--wrong-theta-sort-0.sexp	rice.C01	signature	wrong-theta-sort	reject-R2	reject-R2	reject-R2	false
no-conflict-scan	fixtures/mutants/sample-specific-masks.C06--wrong-theta-sort-0.sexp	sample-specific-masks.C06	signature	wrong-theta-sort	reject-R2	reject-R2	reject-R2	false
no-conflict-scan	fixtures/mutants/sample-specific-masks.C05--wrong-theta-sort-0.sexp	sample-specific-masks.C05	signature	wrong-theta-sort	reject-R2	reject-R2	reject-R2	false
no-conflict-scan	fixtures/mutants/test-time-model-adaptation.C04--wrong-theta-sort-0.sexp	test-time-model-adaptation.C04	signature	wrong-theta-sort	reject-R2	reject-R2	reject-R2	false
no-conflict-scan	fixtures/mutants/adaptive-pruning.C04--wrong-theta-sort-0.sexp	adaptive-pruning.C04	signature	wrong-theta-sort	reject-R2	reject-R2	reject-R2	false
no-conflict-scan	fixtures/mutants/bam.C05--wrong-theta-sort-0.sexp	bam.C05	signature	wrong-theta-sort	reject-R2	reject-R2	reject-R2	false
no-conflict-scan	fixtures/mutants/fre.C04--wrong-theta-sort-0.sexp	fre.C04	signature	wrong-theta-sort	reject-R2	reject-R2	reject-R2	false
no-conflict-scan	fixtures/mutants/rebench-rust_codecontests.C02--wrong-theta-sort-0.sexp	rebench-rust_codecontests.C02	signature	wrong-theta-sort	reject-R2	reject-R2	reject-R2	false
no-conflict-scan	fixtures/mutants/self-expansion.C04--out-of-scope-var-0.sexp	self-expansion.C04	hidden-policy-extension	out-of-scope-var	reject-R12	reject-R12	reject-R12	false
no-conflict-scan	fixtures/mutants/robust-clip.C03--out-of-scope-var-0.sexp	robust-clip.C03	hidden-policy-extension	out-of-scope-var	reject-R12	reject-R12	reject-R12	false
no-conflict-scan	fixtures/mutants/robust-clip.C07--out-of-scope-var-0.sexp	robust-clip.C07	hidden-policy-extension	out-of-scope-var	reject-R12	reject-R12	reject-R12	false
no-conflict-scan	fixtures/mutants/sapg.C06--out-of-scope-var-0.sexp	sapg.C06	hidden-policy-extension	out-of-scope-var	reject-R12	reject-R12	reject-R12	false
no-conflict-scan	fixtures/mutants/self-composing-policies.C01--out-of-scope-var-0.sexp	self-composing-policies.C01	hidden-policy-extension	out-of-scope-var	reject-R12	reject-R12	reject-R12	false
no-conflict-scan	fixtures/mutants/mechanistic-understanding.C02--out-of-scope-var-0.sexp	mechanistic-understanding.C02	hidden-policy-extension	out-of-scope-var	reject-R12	reject-R12	reject-R12	false
no-conflict-scan	fixtures/mutants/rebench-rust_codecontests.C02--out-of-scope-var-0.sexp	rebench-rust_codecontests.C02	hidden-policy-extension	out-of-scope-var	reject-R12	reject-R12	reject-R12	false
no-conflict-scan	fixtures/mutants/test-time-model-adaptation.C05--out-of-scope-var-0.sexp	test-time-model-adaptation.C05	hidden-policy-extension	out-of-scope-var	reject-R12	reject-R12	reject-R12	false
no-conflict-scan	fixtures/mutants/lbcs.C03--out-of-scope-var-0.sexp	lbcs.C03	hidden-policy-extension	out-of-scope-var	reject-R12	reject-R12	reject-R12	false
no-conflict-scan	fixtures/mutants/bam.C06--out-of-scope-var-0.sexp	bam.C06	hidden-policy-extension	out-of-scope-var	reject-R12	reject-R12	reject-R12	false
no-conflict-scan	fixtures/mutants/self-composing-policies.C04--out-of-scope-var-0.sexp	self-composing-policies.C04	hidden-policy-extension	out-of-scope-var	reject-R12	reject-R12	reject-R12	false
no-conflict-scan	fixtures/mutants/all-in-one.C06--out-of-scope-var-0.sexp	all-in-one.C06	hidden-policy-extension	out-of-scope-var	reject-R12	reject-R12	reject-R12	false
no-conflict-scan	fixtures/mutants/sapg.C06--duplicate-backend-0.sexp	sapg.C06	certificate-tampering	duplicate-backend	reject-R13	reject-R13	reject-R13	false
no-conflict-scan	fixtures/mutants/semantic-self-consistency.C03--duplicate-backend-0.sexp	semantic-self-consistency.C03	certificate-tampering	duplicate-backend	reject-R13	reject-R13	reject-R13	false
no-conflict-scan	fixtures/mutants/self-expansion.C04--duplicate-backend-0.sexp	self-expansion.C04	certificate-tampering	duplicate-backend	reject-R13	reject-R13	reject-R13	false
no-conflict-scan	fixtures/mutants/all-in-one.C01--duplicate-backend-0.sexp	all-in-one.C01	certificate-tampering	duplicate-backend	reject-R13	reject-R13	reject-R13	false
no-conflict-scan	fixtures/mutants/adaptive-pruning.C03--duplicate-backend-0.sexp	adaptive-pruning.C03	certificate-tampering	duplicate-backend	reject-R13	reject-R13	reject-R13	false
no-conflict-scan	fixtures/mutants/stochastic-interpolants.C01--duplicate-backend-0.sexp	stochastic-interpolants.C01	certificate-tampering	duplicate-backend	reject-R13	reject-R13	reject-R13	false
no-conflict-scan	fixtures/mutants/pinn.C01--duplicate-backend-0.sexp	pinn.C01	certificate-tampering	duplicate-backend	reject-R13	reject-R13	reject-R13	false
no-conflict-scan	fixtures/mutants/bbox.C04--duplicate-backend-0.sexp	bbox.C04	certificate-tampering	duplicate-backend	reject-R13	reject-R13	reject-R13	false
no-conflict-scan	fixtures/mutants/all-in-one.C05--duplicate-backend-0.sexp	all-in-one.C05	certificate-tampering	duplicate-backend	reject-R13	reject-R13	reject-R13	false
no-conflict-scan	fixtures/mutants/fre.C04--duplicate-backend-0.sexp	fre.C04	certificate-tampering	duplicate-backend	reject-R13	reject-R13	reject-R13	false
no-conflict-scan	fixtures/mutants/sapg.C02--duplicate-backend-0.sexp	sapg.C02	certificate-tampering	duplicate-backend	reject-R13	reject-R13	reject-R13	false
no-conflict-scan	fixtures/mutants/stay-on-topic-with-classifier-free-guidance.C05--duplicate-backend-0.sexp	stay-on-topic-with-classifier-free-guidance.C05	certificate-tampering	duplicate-backend	reject-R13	reject-R13	reject-R13	false
no-conflict-scan	fixtures/mutants/pinn.C03--unknown-backend-0.sexp	pinn.C03	certificate-tampering	unknown-backend	reject-R13	reject-R13	reject-R13	false
no-conflict-scan	fixtures/mutants/bbox.C05--unknown-backend-0.sexp	bbox.C05	certificate-tampering	unknown-backend	reject-R13	reject-R13	reject-R13	false
no-conflict-scan	fixtures/mutants/rebench-restricted_mlm.C14--unknown-backend-0.sexp	rebench-restricted_mlm.C14	certificate-tampering	unknown-backend	reject-R13	reject-R13	reject-R13	false
no-conflict-scan	fixtures/mutants/rebench-rust_codecontests.C09--unknown-backend-0.sexp	rebench-rust_codecontests.C09	certificate-tampering	unknown-backend	reject-R13	reject-R13	reject-R13	false
no-conflict-scan	fixtures/mutants/lbcs.C05--unknown-backend-0.sexp	lbcs.C05	certificate-tampering	unknown-backend	reject-R13	reject-R13	reject-R13	false
no-conflict-scan	fixtures/mutants/pinn.C05--unknown-backend-0.sexp	pinn.C05	certificate-tampering	unknown-backend	reject-R13	reject-R13	reject-R13	false
no-conflict-scan	fixtures/mutants/bridging-data-gaps.C05--unknown-backend-0.sexp	bridging-data-gaps.C05	certificate-tampering	unknown-backend	reject-R13	reject-R13	reject-R13	false
no-conflict-scan	fixtures/mutants/all-in-one.C03--unknown-backend-0.sexp	all-in-one.C03	certificate-tampering	unknown-backend	reject-R13	reject-R13	reject-R13	false
no-conflict-scan	fixtures/mutants/semantic-self-consistency.C05--unknown-backend-0.sexp	semantic-self-consistency.C05	certificate-tampering	unknown-backend	reject-R13	reject-R13	reject-R13	false
no-conflict-scan	fixtures/mutants/adaptive-pruning.C03--unknown-backend-0.sexp	adaptive-pruning.C03	certificate-tampering	unknown-backend	reject-R13	reject-R13	reject-R13	false
no-conflict-scan	fixtures/mutants/ftrl.C01--unknown-backend-0.sexp	ftrl.C01	certificate-tampering	unknown-backend	reject-R13	reject-R13	reject-R13	false
no-conflict-scan	fixtures/mutants/sapg.C06--unknown-backend-0.sexp	sapg.C06	certificate-tampering	unknown-backend	reject-R13	reject-R13	reject-R13	false
no-conflict-scan	fixtures/mutants/bam.C05--drop-support-0.sexp	bam.C05	accept-verdict	drop-support	accept-gap	accept-gap	accept-gap	false
no-conflict-scan	fixtures/mutants/bam.C05--attach-undercut-0.sexp	bam.C05	accept-verdict	attach-undercut	accept-defeated	accept-defeated	accept-defeated	false
no-conflict-scan	fixtures/mutants/bam.C05--quarantine-attacker-0.sexp	bam.C05	accept-verdict	quarantine-attacker	accept-evidence-blocked	accept-evidence-blocked	accept-evidence-blocked	false
no-conflict-scan	fixtures/mutants/bam.C05--attach-rebut-cycle-0.sexp	bam.C05	accept-verdict	attach-rebut-cycle	accept-contested	accept-all-contested	accept-all-contested	false
no-conflict-scan	fixtures/mutants/bam.C05--attach-undermine-0.sexp	bam.C05	accept-verdict	attach-undermine	accept-defeated	accept-defeated	accept-defeated	false
no-conflict-scan	fixtures/mutants/bam.C05--attach-reinstate-0.sexp	bam.C05	accept-verdict	attach-reinstate	accept-justified	accept-justified	accept-justified	false
no-conflict-scan	fixtures/mutants/fre.C01--drop-support-0.sexp	fre.C01	accept-verdict	drop-support	accept-gap	accept-gap	accept-gap	false
no-conflict-scan	fixtures/mutants/fre.C01--attach-undercut-0.sexp	fre.C01	accept-verdict	attach-undercut	accept-defeated	accept-defeated	accept-defeated	false
no-conflict-scan	fixtures/mutants/fre.C01--quarantine-attacker-0.sexp	fre.C01	accept-verdict	quarantine-attacker	accept-evidence-blocked	accept-evidence-blocked	accept-evidence-blocked	false
no-conflict-scan	fixtures/mutants/fre.C01--attach-rebut-cycle-0.sexp	fre.C01	accept-verdict	attach-rebut-cycle	accept-contested	accept-all-contested	accept-all-contested	false
no-conflict-scan	fixtures/mutants/fre.C01--attach-undermine-0.sexp	fre.C01	accept-verdict	attach-undermine	accept-defeated	accept-defeated	accept-defeated	false
no-conflict-scan	fixtures/mutants/fre.C01--attach-reinstate-0.sexp	fre.C01	accept-verdict	attach-reinstate	accept-justified	accept-justified	accept-justified	false
no-conflict-scan	fixtures/mutants/pinn.C01--drop-support-0.sexp	pinn.C01	accept-verdict	drop-support	accept-gap	accept-gap	accept-gap	false
no-conflict-scan	fixtures/mutants/pinn.C01--attach-undercut-0.sexp	pinn.C01	accept-verdict	attach-undercut	accept-defeated	accept-defeated	accept-defeated	false
no-conflict-scan	fixtures/mutants/pinn.C01--quarantine-attacker-0.sexp	pinn.C01	accept-verdict	quarantine-attacker	accept-evidence-blocked	accept-evidence-blocked	accept-evidence-blocked	false
no-conflict-scan	fixtures/mutants/pinn.C01--attach-rebut-cycle-0.sexp	pinn.C01	accept-verdict	attach-rebut-cycle	accept-contested	accept-all-contested	accept-all-contested	false
no-conflict-scan	fixtures/mutants/pinn.C01--attach-undermine-0.sexp	pinn.C01	accept-verdict	attach-undermine	accept-defeated	accept-defeated	accept-defeated	false
no-conflict-scan	fixtures/mutants/pinn.C01--attach-reinstate-0.sexp	pinn.C01	accept-verdict	attach-reinstate	accept-justified	accept-justified	accept-justified	false
no-conflict-scan	fixtures/mutants/rice.C01--drop-support-0.sexp	rice.C01	accept-verdict	drop-support	accept-gap	accept-gap	accept-gap	false
no-conflict-scan	fixtures/mutants/rice.C01--attach-undercut-0.sexp	rice.C01	accept-verdict	attach-undercut	accept-defeated	accept-defeated	accept-defeated	false
no-conflict-scan	fixtures/mutants/rice.C01--quarantine-attacker-0.sexp	rice.C01	accept-verdict	quarantine-attacker	accept-evidence-blocked	accept-evidence-blocked	accept-evidence-blocked	false
no-conflict-scan	fixtures/mutants/rice.C01--attach-rebut-cycle-0.sexp	rice.C01	accept-verdict	attach-rebut-cycle	accept-contested	accept-all-contested	accept-all-contested	false
no-conflict-scan	fixtures/mutants/rice.C01--attach-undermine-0.sexp	rice.C01	accept-verdict	attach-undermine	accept-defeated	accept-defeated	accept-defeated	false
no-conflict-scan	fixtures/mutants/rice.C01--attach-reinstate-0.sexp	rice.C01	accept-verdict	attach-reinstate	accept-justified	accept-justified	accept-justified	false
no-conflict-scan	fixtures/mutants/sample-specific-masks.C05--drop-support-0.sexp	sample-specific-masks.C05	accept-verdict	drop-support	accept-gap	accept-gap	accept-gap	false
no-conflict-scan	fixtures/mutants/sample-specific-masks.C05--attach-undercut-0.sexp	sample-specific-masks.C05	accept-verdict	attach-undercut	accept-defeated	accept-defeated	accept-defeated	false
no-conflict-scan	fixtures/mutants/sample-specific-masks.C05--quarantine-attacker-0.sexp	sample-specific-masks.C05	accept-verdict	quarantine-attacker	accept-evidence-blocked	accept-evidence-blocked	accept-evidence-blocked	false
no-conflict-scan	fixtures/mutants/sample-specific-masks.C05--attach-rebut-cycle-0.sexp	sample-specific-masks.C05	accept-verdict	attach-rebut-cycle	accept-contested	accept-all-contested	accept-all-contested	false
no-conflict-scan	fixtures/mutants/sample-specific-masks.C05--attach-undermine-0.sexp	sample-specific-masks.C05	accept-verdict	attach-undermine	accept-defeated	accept-defeated	accept-defeated	false
no-conflict-scan	fixtures/mutants/sample-specific-masks.C05--attach-reinstate-0.sexp	sample-specific-masks.C05	accept-verdict	attach-reinstate	accept-justified	accept-justified	accept-justified	false
no-conflict-scan	fixtures/mutants/sample-specific-masks.C06--drop-support-0.sexp	sample-specific-masks.C06	accept-verdict	drop-support	accept-gap	accept-gap	accept-gap	false
no-conflict-scan	fixtures/mutants/sample-specific-masks.C06--attach-undercut-0.sexp	sample-specific-masks.C06	accept-verdict	attach-undercut	accept-defeated	accept-defeated	accept-defeated	false
no-conflict-scan	fixtures/mutants/sample-specific-masks.C06--quarantine-attacker-0.sexp	sample-specific-masks.C06	accept-verdict	quarantine-attacker	accept-evidence-blocked	accept-evidence-blocked	accept-evidence-blocked	false
no-conflict-scan	fixtures/mutants/sample-specific-masks.C06--attach-rebut-cycle-0.sexp	sample-specific-masks.C06	accept-verdict	attach-rebut-cycle	accept-contested	accept-all-contested	accept-all-contested	false
no-conflict-scan	fixtures/mutants/sample-specific-masks.C06--attach-undermine-0.sexp	sample-specific-masks.C06	accept-verdict	attach-undermine	accept-defeated	accept-defeated	accept-defeated	false
no-conflict-scan	fixtures/mutants/sample-specific-masks.C06--attach-reinstate-0.sexp	sample-specific-masks.C06	accept-verdict	attach-reinstate	accept-justified	accept-justified	accept-justified	false
no-conflict-scan	fixtures/mutants/self-composing-policies.C01--drop-support-0.sexp	self-composing-policies.C01	accept-verdict	drop-support	accept-gap	accept-gap	accept-gap	false
no-conflict-scan	fixtures/mutants/self-composing-policies.C01--attach-undercut-0.sexp	self-composing-policies.C01	accept-verdict	attach-undercut	accept-defeated	accept-defeated	accept-defeated	false
no-conflict-scan	fixtures/mutants/self-composing-policies.C01--quarantine-attacker-0.sexp	self-composing-policies.C01	accept-verdict	quarantine-attacker	accept-evidence-blocked	accept-evidence-blocked	accept-evidence-blocked	false
no-conflict-scan	fixtures/mutants/self-composing-policies.C01--attach-rebut-cycle-0.sexp	self-composing-policies.C01	accept-verdict	attach-rebut-cycle	accept-contested	accept-all-contested	accept-all-contested	false
no-conflict-scan	fixtures/mutants/self-composing-policies.C01--attach-undermine-0.sexp	self-composing-policies.C01	accept-verdict	attach-undermine	accept-defeated	accept-defeated	accept-defeated	false
no-conflict-scan	fixtures/mutants/self-composing-policies.C01--attach-reinstate-0.sexp	self-composing-policies.C01	accept-verdict	attach-reinstate	accept-justified	accept-justified	accept-justified	false
no-conflict-scan	fixtures/mutants/rebench-restricted_mlm.C14--drop-support-0.sexp	rebench-restricted_mlm.C14	accept-verdict	drop-support	accept-gap	accept-gap	accept-gap	false
no-conflict-scan	fixtures/mutants/rebench-restricted_mlm.C14--attach-undercut-0.sexp	rebench-restricted_mlm.C14	accept-verdict	attach-undercut	accept-defeated	accept-defeated	accept-defeated	false
no-conflict-scan	fixtures/mutants/rebench-restricted_mlm.C14--quarantine-attacker-0.sexp	rebench-restricted_mlm.C14	accept-verdict	quarantine-attacker	accept-evidence-blocked	accept-evidence-blocked	accept-evidence-blocked	false
no-conflict-scan	fixtures/mutants/rebench-restricted_mlm.C14--attach-rebut-cycle-0.sexp	rebench-restricted_mlm.C14	accept-verdict	attach-rebut-cycle	accept-contested	accept-all-contested	accept-all-contested	false
no-conflict-scan	fixtures/mutants/rebench-restricted_mlm.C14--attach-undermine-0.sexp	rebench-restricted_mlm.C14	accept-verdict	attach-undermine	accept-defeated	accept-defeated	accept-defeated	false
no-conflict-scan	fixtures/mutants/rebench-restricted_mlm.C14--attach-reinstate-0.sexp	rebench-restricted_mlm.C14	accept-verdict	attach-reinstate	accept-justified	accept-justified	accept-justified	false
no-conflict-scan	fixtures/mutants/rebench-rust_codecontests.C02--drop-support-0.sexp	rebench-rust_codecontests.C02	accept-verdict	drop-support	accept-gap	accept-gap	accept-gap	false
no-conflict-scan	fixtures/mutants/rebench-rust_codecontests.C02--attach-undercut-0.sexp	rebench-rust_codecontests.C02	accept-verdict	attach-undercut	accept-defeated	accept-defeated	accept-defeated	false
no-conflict-scan	fixtures/mutants/rebench-rust_codecontests.C02--quarantine-attacker-0.sexp	rebench-rust_codecontests.C02	accept-verdict	quarantine-attacker	accept-evidence-blocked	accept-evidence-blocked	accept-evidence-blocked	false
no-conflict-scan	fixtures/mutants/rebench-rust_codecontests.C02--attach-rebut-cycle-0.sexp	rebench-rust_codecontests.C02	accept-verdict	attach-rebut-cycle	accept-contested	accept-all-contested	accept-all-contested	false
no-conflict-scan	fixtures/mutants/rebench-rust_codecontests.C02--attach-undermine-0.sexp	rebench-rust_codecontests.C02	accept-verdict	attach-undermine	accept-defeated	accept-defeated	accept-defeated	false
no-conflict-scan	fixtures/mutants/rebench-rust_codecontests.C02--attach-reinstate-0.sexp	rebench-rust_codecontests.C02	accept-verdict	attach-reinstate	accept-justified	accept-justified	accept-justified	false
no-conflict-scan	corpus-units/adaptive-pruning/C03/unit.core.sexp	adaptive-pruning.C03	paperbench	-	accept-gap	accept-gap	accept-gap	false
no-conflict-scan	corpus-units/adaptive-pruning/C04/unit.core.sexp	adaptive-pruning.C04	paperbench	-	accept-gap	accept-gap	accept-gap	false
no-conflict-scan	corpus-units/all-in-one/C01/unit.core.sexp	all-in-one.C01	paperbench	-	accept-gap	accept-gap	accept-gap	false
no-conflict-scan	corpus-units/all-in-one/C03/unit.core.sexp	all-in-one.C03	paperbench	-	accept-gap	accept-gap	accept-gap	false
no-conflict-scan	corpus-units/all-in-one/C05/unit.core.sexp	all-in-one.C05	paperbench	-	accept-gap	accept-gap	accept-gap	false
no-conflict-scan	corpus-units/all-in-one/C06/unit.core.sexp	all-in-one.C06	paperbench	-	accept-gap	accept-gap	accept-gap	false
no-conflict-scan	corpus-units/bam/C05/unit.core.sexp	bam.C05	paperbench	-	accept-justified	accept-justified	accept-justified	false
no-conflict-scan	corpus-units/bam/C06/unit.core.sexp	bam.C06	paperbench	-	accept-gap	accept-gap	accept-gap	false
no-conflict-scan	corpus-units/bbox/C02/unit.core.sexp	bbox.C02	paperbench	-	accept-gap	accept-gap	accept-gap	false
no-conflict-scan	corpus-units/bbox/C04/unit.core.sexp	bbox.C04	paperbench	-	accept-gap	accept-gap	accept-gap	false
no-conflict-scan	corpus-units/bbox/C05/unit.core.sexp	bbox.C05	paperbench	-	accept-gap	accept-gap	accept-gap	false
no-conflict-scan	corpus-units/bbox/C06/unit.core.sexp	bbox.C06	paperbench	-	accept-gap	accept-gap	accept-gap	false
no-conflict-scan	corpus-units/bridging-data-gaps/C03/unit.core.sexp	bridging-data-gaps.C03	paperbench	-	accept-gap	accept-gap	accept-gap	false
no-conflict-scan	corpus-units/bridging-data-gaps/C05/unit.core.sexp	bridging-data-gaps.C05	paperbench	-	accept-gap	accept-gap	accept-gap	false
no-conflict-scan	corpus-units/fre/C01/unit.core.sexp	fre.C01	paperbench	-	accept-justified	accept-justified	accept-justified	false
no-conflict-scan	corpus-units/fre/C03/unit.core.sexp	fre.C03	paperbench	-	accept-gap	accept-gap	accept-gap	false
no-conflict-scan	corpus-units/fre/C04/unit.core.sexp	fre.C04	paperbench	-	accept-defeated	accept-defeated	accept-defeated	false
no-conflict-scan	corpus-units/ftrl/C01/unit.core.sexp	ftrl.C01	paperbench	-	accept-gap	accept-gap	accept-gap	false
no-conflict-scan	corpus-units/lbcs/C03/unit.core.sexp	lbcs.C03	paperbench	-	accept-gap	accept-gap	accept-gap	false
no-conflict-scan	corpus-units/lbcs/C05/unit.core.sexp	lbcs.C05	paperbench	-	accept-gap	accept-gap	accept-gap	false
no-conflict-scan	corpus-units/mechanistic-understanding/C02/unit.core.sexp	mechanistic-understanding.C02	paperbench	-	accept-gap	accept-gap	accept-gap	false
no-conflict-scan	corpus-units/mechanistic-understanding/C04/unit.core.sexp	mechanistic-understanding.C04	paperbench	-	accept-gap	accept-gap	accept-gap	false
no-conflict-scan	corpus-units/pinn/C01/unit.core.sexp	pinn.C01	paperbench	-	accept-justified	accept-justified	accept-justified	false
no-conflict-scan	corpus-units/pinn/C03/unit.core.sexp	pinn.C03	paperbench	-	accept-gap	accept-gap	accept-gap	false
no-conflict-scan	corpus-units/pinn/C05/unit.core.sexp	pinn.C05	paperbench	-	accept-gap	accept-gap	accept-gap	false
no-conflict-scan	corpus-units/rice/C01/unit.core.sexp	rice.C01	paperbench	-	accept-justified	accept-justified	accept-justified	false
no-conflict-scan	corpus-units/robust-clip/C02/unit.core.sexp	robust-clip.C02	paperbench	-	accept-gap	accept-gap	accept-gap	false
no-conflict-scan	corpus-units/robust-clip/C03/unit.core.sexp	robust-clip.C03	paperbench	-	accept-gap	accept-gap	accept-gap	false
no-conflict-scan	corpus-units/robust-clip/C07/unit.core.sexp	robust-clip.C07	paperbench	-	accept-gap	accept-gap	accept-gap	false
no-conflict-scan	corpus-units/sample-specific-masks/C05/unit.core.sexp	sample-specific-masks.C05	paperbench	-	accept-justified	accept-justified	accept-justified	false
no-conflict-scan	corpus-units/sample-specific-masks/C06/unit.core.sexp	sample-specific-masks.C06	paperbench	-	accept-justified	accept-justified	accept-justified	false
no-conflict-scan	corpus-units/sapg/C01/unit.core.sexp	sapg.C01	paperbench	-	accept-gap	accept-gap	accept-gap	false
no-conflict-scan	corpus-units/sapg/C02/unit.core.sexp	sapg.C02	paperbench	-	accept-gap	accept-gap	accept-gap	false
no-conflict-scan	corpus-units/sapg/C06/unit.core.sexp	sapg.C06	paperbench	-	accept-gap	accept-gap	accept-gap	false
no-conflict-scan	corpus-units/self-composing-policies/C01/unit.core.sexp	self-composing-policies.C01	paperbench	-	accept-justified	accept-justified	accept-justified	false
no-conflict-scan	corpus-units/self-composing-policies/C04/unit.core.sexp	self-composing-policies.C04	paperbench	-	accept-gap	accept-gap	accept-gap	false
no-conflict-scan	corpus-units/self-expansion/C03/unit.core.sexp	self-expansion.C03	paperbench	-	accept-gap	accept-gap	accept-gap	false
no-conflict-scan	corpus-units/self-expansion/C04/unit.core.sexp	self-expansion.C04	paperbench	-	accept-gap	accept-gap	accept-gap	false
no-conflict-scan	corpus-units/semantic-self-consistency/C03/unit.core.sexp	semantic-self-consistency.C03	paperbench	-	accept-gap	accept-gap	accept-gap	false
no-conflict-scan	corpus-units/semantic-self-consistency/C05/unit.core.sexp	semantic-self-consistency.C05	paperbench	-	accept-gap	accept-gap	accept-gap	false
no-conflict-scan	corpus-units/semantic-self-consistency/C06/unit.core.sexp	semantic-self-consistency.C06	paperbench	-	accept-gap	accept-gap	accept-gap	false
no-conflict-scan	corpus-units/sequential-neural-score-estimation/C04/unit.core.sexp	sequential-neural-score-estimation.C04	paperbench	-	accept-gap	accept-gap	accept-gap	false
no-conflict-scan	corpus-units/stay-on-topic-with-classifier-free-guidance/C02/unit.core.sexp	stay-on-topic-with-classifier-free-guidance.C02	paperbench	-	accept-gap	accept-gap	accept-gap	false
no-conflict-scan	corpus-units/stay-on-topic-with-classifier-free-guidance/C05/unit.core.sexp	stay-on-topic-with-classifier-free-guidance.C05	paperbench	-	accept-gap	accept-gap	accept-gap	false
no-conflict-scan	corpus-units/stay-on-topic-with-classifier-free-guidance/C06/unit.core.sexp	stay-on-topic-with-classifier-free-guidance.C06	paperbench	-	accept-gap	accept-gap	accept-gap	false
no-conflict-scan	corpus-units/stochastic-interpolants/C01/unit.core.sexp	stochastic-interpolants.C01	paperbench	-	accept-gap	accept-gap	accept-gap	false
no-conflict-scan	corpus-units/stochastic-interpolants/C03/unit.core.sexp	stochastic-interpolants.C03	paperbench	-	accept-gap	accept-gap	accept-gap	false
no-conflict-scan	corpus-units/test-time-model-adaptation/C04/unit.core.sexp	test-time-model-adaptation.C04	paperbench	-	accept-defeated	accept-defeated	accept-defeated	false
no-conflict-scan	corpus-units/test-time-model-adaptation/C05/unit.core.sexp	test-time-model-adaptation.C05	paperbench	-	accept-gap	accept-gap	accept-gap	false
no-conflict-scan	corpus-units/test-time-model-adaptation/C07/unit.core.sexp	test-time-model-adaptation.C07	paperbench	-	accept-gap	accept-gap	accept-gap	false
no-conflict-scan	corpus-units/what-will-my-model-forget/C01/unit.core.sexp	what-will-my-model-forget.C01	paperbench	-	accept-gap	accept-gap	accept-gap	false
no-conflict-scan	corpus-units/what-will-my-model-forget/C03/unit.core.sexp	what-will-my-model-forget.C03	paperbench	-	accept-gap	accept-gap	accept-gap	false
no-conflict-scan	corpus-units/rebench-fix_embedding/C12/unit.core.sexp	rebench-fix_embedding.C12	rebench	-	accept-gap	accept-gap	accept-gap	false
no-conflict-scan	corpus-units/rebench-nanogpt_chat_rl/C04/unit.core.sexp	rebench-nanogpt_chat_rl.C04	rebench	-	accept-gap	accept-gap	accept-gap	false
no-conflict-scan	corpus-units/rebench-restricted_mlm/C07/unit.core.sexp	rebench-restricted_mlm.C07	rebench	-	accept-gap	accept-gap	accept-gap	false
no-conflict-scan	corpus-units/rebench-restricted_mlm/C14/unit.core.sexp	rebench-restricted_mlm.C14	rebench	-	accept-justified	accept-justified	accept-justified	false
no-conflict-scan	corpus-units/rebench-rust_codecontests/C02/unit.core.sexp	rebench-rust_codecontests.C02	rebench	-	accept-justified	accept-justified	accept-justified	false
no-conflict-scan	corpus-units/rebench-rust_codecontests/C09/unit.core.sexp	rebench-rust_codecontests.C09	rebench	-	accept-gap	accept-gap	accept-gap	false
no-conflict-scan	corpus-units/rebench-triton_cumsum/C05/unit.core.sexp	rebench-triton_cumsum.C05	rebench	-	accept-gap	accept-gap	accept-gap	false
no-conflict-scan	corpus-units/rebench-triton_cumsum/C09/unit.core.sexp	rebench-triton_cumsum.C09	rebench	-	accept-defeated	accept-defeated	accept-defeated	false
