input	base	family	operator	expected	actual	class_match	location	location_match	location_primary	lean_agree	replay_ok	total_bytes	policy_bytes	payload_bytes	hs_check_ns	lean_wall_ns
fixtures/mutants/A--undeclared-leaf-0.sexp	A	undeclared-leaves	undeclared-leaf	reject-R1	reject-R1	true	arg:3	true	true	true	-	4062	1352	2710	48571	4056880
fixtures/mutants/A--undeclared-leaf-1.sexp	A	undeclared-leaves	undeclared-leaf	reject-R1	reject-R1	true	arg:3	true	true	true	-	4062	1352	2710	48011	3732454
fixtures/mutants/A--hidden-rule-0.sexp	A	hidden-policy-extension	hidden-rule	reject-R1	reject-R1	true	arg:3	true	true	true	-	4054	1352	2702	46571	3805526
fixtures/mutants/A--hidden-contrary-0.sexp	A	hidden-policy-extension	hidden-contrary	reject-R12	reject-R12	true	policy	true	true	true	-	4252	1514	2738	67862	3521401
fixtures/mutants/A--wrong-subst-domain-0.sexp	A	wrong-formulas	wrong-subst-domain	reject-R3	reject-R3	true	arg:0	true	true	true	-	4054	1352	2702	40951	3668743
fixtures/mutants/A--wrong-premise-0.sexp	A	wrong-formulas	wrong-premise	reject-R4	reject-R4	true	arg:3	true	true	true	-	4050	1352	2698	51771	3245157
fixtures/mutants/A--open-obligation-0.sexp	A	open-obligations	open-obligation	reject-R5	reject-R5	true	arg:3	true	true	true	-	4024	1352	2672	126653	4019729
fixtures/mutants/A--hole-obligation-0.sexp	A	open-obligations	hole-obligation	accept-located-hole	accept-located-hole	true	arg:0	true	true	true	-	4038	1352	2686	283065	3847967
fixtures/mutants/A--wrong-discharge-0.sexp	A	open-obligations	wrong-discharge	reject-R6	reject-R6	true	arg:0	true	true	true	-	4050	1352	2698	108482	4004800
fixtures/mutants/A--trusted-assurance-0.sexp	A	certificate-tampering	trusted-assurance	reject-R7	reject-R7	true	arg:0	true	true	true	-	4053	1352	2701	58731	3893267
fixtures/mutants/A--bad-attack-position-0.sexp	A	bad-attack-targets	bad-attack-position	reject-R10	reject-R10	true	attack:2	true	true	true	-	4050	1352	2698	145873	3904537
fixtures/mutants/A--bad-attack-position-1.sexp	A	bad-attack-targets	bad-attack-position	reject-R10	reject-R10	true	attack:0	true	true	true	-	4060	1352	2708	52841	3449969
fixtures/mutants/A--unlicensed-attack-0.sexp	A	bad-attack-targets	unlicensed-attack	reject-R11	reject-R11	true	attack:4	true	true	true	-	4064	1352	2712	66931	3643013
fixtures/mutants/A--drop-covering-attack-0.sexp	A	bad-attack-targets	drop-covering-attack	reject-MissingConflict	reject-MissingConflict	true	conflict:3-0	true	true	true	-	4036	1352	2684	63271	3745165
fixtures/mutants/A--group-conflict-0.sexp	A	data-integrity	group-conflict	reject-R9	reject-R9	true	group:mut_g	true	true	true	-	4088	1352	2736	18461	3606202
fixtures/mutants/A--retract-rule-0.sexp	A	localization	retract-rule	reject-R1	reject-R1	true	arg:0	true	true	true	-	3590	892	2698	79031	3108254
fixtures/mutants/A--twin-support-defect-0.sexp	A	localization	twin-support-defect	reject-R4	reject-R4	true	arg:0	true	true	true	-	4050	1352	2698	43181	3022633
fixtures/mutants/A--cross-stage-defect-0.sexp	A	localization	cross-stage-defect	reject-R4	reject-R4	true	arg:0	true	true	true	-	4035	1352	2683	112862	3656633
fixtures/mutants/A--undeclared-pred-0.sexp	A	signature	undeclared-pred	reject-R2	reject-R2	true	policy	true	true	true	-	4062	1352	2710	76011	3423880
fixtures/mutants/A--wrong-pred-arity-0.sexp	A	signature	wrong-pred-arity	reject-R2	reject-R2	true	policy	true	true	true	-	4042	1352	2690	29840	3308167
fixtures/mutants/A--wrong-arg-sort-0.sexp	A	signature	wrong-arg-sort	reject-R2	reject-R2	true	policy	true	true	true	-	4003	1352	2651	93112	3572502
fixtures/mutants/A--wrong-arg-sort-1.sexp	A	signature	wrong-arg-sort	reject-R2	reject-R2	true	policy	true	true	true	-	4097	1352	2745	31860	3615353
fixtures/mutants/A--undeclared-con-0.sexp	A	signature	undeclared-con	reject-R2	reject-R2	true	policy	true	true	true	-	4062	1352	2710	28930	3427310
fixtures/mutants/A--wrong-theta-sort-0.sexp	A	signature	wrong-theta-sort	reject-R2	reject-R2	true	policy	true	true	true	-	4054	1352	2702	95031	3814816
fixtures/mutants/A--out-of-scope-var-0.sexp	A	hidden-policy-extension	out-of-scope-var	reject-R12	reject-R12	true	policy	true	true	true	-	4065	1367	2698	38081	3081583
fixtures/mutants/A--sigma-duplicate-sort-0.sexp	A	signature	sigma-duplicate-sort	reject-R2	reject-R2	true	policy	true	true	true	-	4076	1352	2724	7520	3435549
fixtures/mutants/A--sigma-shadow-base-0.sexp	A	signature	sigma-shadow-base	reject-R2	reject-R2	true	policy	true	true	true	-	4054	1352	2702	7120	3622743
fixtures/mutants/A--sigma-duplicate-con-0.sexp	A	signature	sigma-duplicate-con	reject-R2	reject-R2	true	policy	true	true	true	-	4108	1352	2756	7160	3269997
fixtures/mutants/A--sigma-duplicate-pred-0.sexp	A	signature	sigma-duplicate-pred	reject-R2	reject-R2	true	policy	true	true	true	-	4104	1352	2752	41331	3794935
fixtures/mutants/A--sigma-con-undeclared-sort-0.sexp	A	signature	sigma-con-undeclared-sort	reject-R2	reject-R2	true	policy	true	true	true	-	4097	1352	2745	18220	3222336
fixtures/mutants/A--sigma-pred-undeclared-sort-0.sexp	A	signature	sigma-pred-undeclared-sort	reject-R2	reject-R2	true	policy	true	true	true	-	4099	1352	2747	15540	3088523
fixtures/mutants/A--duplicate-backend-0.sexp	A	certificate-tampering	duplicate-backend	reject-R13	reject-R13	true	replay	true	true	true	-	4065	1352	2713	18411	3508011
fixtures/mutants/A--unknown-backend-0.sexp	A	certificate-tampering	unknown-backend	reject-R13	reject-R13	true	replay	true	true	true	-	4074	1352	2722	16750	3603482
fixtures/mutants/malformed/A--codec-sigma-junk-0.sexp	A	codec-corruption	codec-sigma-junk	codec-reject	codec-fail	true	-	-	-	true	-	4061	1352	2709	540	3682004
fixtures/mutants/malformed/A--codec-sigma-order-0.sexp	A	codec-corruption	codec-sigma-order	codec-reject	codec-fail	true	-	-	-	true	-	4050	1352	2698	160	3163535
fixtures/mutants/malformed/A--codec-junk-section-0.sexp	A	codec-corruption	codec-junk-section	codec-reject	codec-fail	true	-	-	-	true	-	4061	1352	2709	650	3354518
fixtures/mutants/malformed/A--codec-core-version-0.sexp	A	codec-corruption	codec-core-version	codec-reject	codec-fail	true	-	-	-	true	-	4050	1352	2698	540	3345869
fixtures/mutants/malformed/A--codec-replay-order-0.sexp	A	codec-corruption	codec-replay-order	codec-reject	codec-fail	true	-	-	-	true	-	4050	1352	2698	190	4033560
fixtures/mutants/malformed/A--codec-theory-mismatch-0.sexp	A	codec-corruption	codec-theory-mismatch	codec-reject	codec-fail	true	-	-	-	true	-	4065	1352	2713	350	3226066
fixtures/mutants/malformed/A--codec-dangling-attack-0.sexp	A	codec-corruption	codec-dangling-attack	codec-reject	codec-fail	true	-	-	-	true	-	4059	1352	2707	380	3719315
fixtures/mutants/malformed/A--codec-truncate-0.sexp	A	codec-corruption	codec-truncate	codec-reject	codec-fail	true	-	-	-	true	-	4049	0	4049	570	3343268
fixtures/mutants/B--undeclared-leaf-0.sexp	B	undeclared-leaves	undeclared-leaf	reject-R1	reject-R1	true	arg:0	true	true	true	-	3946	1352	2594	120822	4090611
fixtures/mutants/B--undeclared-leaf-1.sexp	B	undeclared-leaves	undeclared-leaf	reject-R1	reject-R1	true	arg:1	true	true	true	-	3946	1352	2594	49761	3434769
fixtures/mutants/B--hidden-rule-0.sexp	B	hidden-policy-extension	hidden-rule	reject-R1	reject-R1	true	arg:1	true	true	true	-	3940	1352	2588	106232	3712205
fixtures/mutants/B--hidden-contrary-0.sexp	B	hidden-policy-extension	hidden-contrary	reject-R12	reject-R12	true	policy	true	true	true	-	4138	1514	2624	45870	3281557
fixtures/mutants/B--wrong-subst-domain-0.sexp	B	wrong-formulas	wrong-subst-domain	reject-R3	reject-R3	true	arg:0	true	true	true	-	3940	1352	2588	41800	3603583
fixtures/mutants/B--wrong-premise-0.sexp	B	wrong-formulas	wrong-premise	reject-R4	reject-R4	true	arg:1	true	true	true	-	3936	1352	2584	123302	3824836
fixtures/mutants/B--open-obligation-0.sexp	B	open-obligations	open-obligation	reject-R5	reject-R5	true	arg:1	true	true	true	-	3908	1352	2556	126722	3234306
fixtures/mutants/B--hole-obligation-0.sexp	B	open-obligations	hole-obligation	accept-located-hole	accept-located-hole	true	arg:1	true	true	true	-	3922	1352	2570	189433	3777085
fixtures/mutants/B--wrong-discharge-0.sexp	B	open-obligations	wrong-discharge	reject-R6	reject-R6	true	arg:1	true	true	true	-	3936	1352	2584	48391	3344818
fixtures/mutants/B--trusted-assurance-0.sexp	B	certificate-tampering	trusted-assurance	reject-R7	reject-R7	true	arg:1	true	true	true	-	3939	1352	2587	47521	3181935
fixtures/mutants/B--unlicensed-attack-0.sexp	B	bad-attack-targets	unlicensed-attack	reject-R11	reject-R11	true	attack:2	true	true	true	-	3950	1352	2598	63861	3742224
fixtures/mutants/B--drop-covering-attack-0.sexp	B	bad-attack-targets	drop-covering-attack	reject-MissingConflict	reject-MissingConflict	true	conflict:1-0	true	true	true	-	3922	1352	2570	61471	3309198
fixtures/mutants/B--group-conflict-0.sexp	B	data-integrity	group-conflict	reject-R9	reject-R9	true	group:mut_g	true	true	true	-	3978	1352	2626	7970	3746965
fixtures/mutants/B--retract-rule-0.sexp	B	localization	retract-rule	reject-R1	reject-R1	true	arg:0	true	true	true	-	3476	892	2584	33280	3450149
fixtures/mutants/B--twin-support-defect-0.sexp	B	localization	twin-support-defect	reject-R4	reject-R4	true	arg:0	true	true	true	-	3936	1352	2584	108242	3838226
fixtures/mutants/B--undeclared-pred-0.sexp	B	signature	undeclared-pred	reject-R2	reject-R2	true	policy	true	true	true	-	3948	1352	2596	32131	3070033
fixtures/mutants/B--wrong-pred-arity-0.sexp	B	signature	wrong-pred-arity	reject-R2	reject-R2	true	policy	true	true	true	-	3918	1352	2566	27820	3470500
fixtures/mutants/B--wrong-arg-sort-0.sexp	B	signature	wrong-arg-sort	reject-R2	reject-R2	true	policy	true	true	true	-	3977	1352	2625	28550	3017063
fixtures/mutants/B--wrong-arg-sort-1.sexp	B	signature	wrong-arg-sort	reject-R2	reject-R2	true	policy	true	true	true	-	3939	1352	2587	72202	3417169
fixtures/mutants/B--undeclared-con-0.sexp	B	signature	undeclared-con	reject-R2	reject-R2	true	policy	true	true	true	-	3943	1352	2591	28831	3546021
fixtures/mutants/B--wrong-theta-sort-0.sexp	B	signature	wrong-theta-sort	reject-R2	reject-R2	true	policy	true	true	true	-	3977	1352	2625	89892	3707624
fixtures/mutants/B--out-of-scope-var-0.sexp	B	hidden-policy-extension	out-of-scope-var	reject-R12	reject-R12	true	policy	true	true	true	-	3951	1367	2584	40540	3514371
fixtures/mutants/B--duplicate-backend-0.sexp	B	certificate-tampering	duplicate-backend	reject-R13	reject-R13	true	replay	true	true	true	-	3951	1352	2599	7670	3142654
fixtures/mutants/B--unknown-backend-0.sexp	B	certificate-tampering	unknown-backend	reject-R13	reject-R13	true	replay	true	true	true	-	3960	1352	2608	8460	3586012
fixtures/mutants/malformed/B--codec-junk-section-0.sexp	B	codec-corruption	codec-junk-section	codec-reject	codec-fail	true	-	-	-	true	-	3947	1352	2595	560	3710204
fixtures/mutants/malformed/B--codec-core-version-0.sexp	B	codec-corruption	codec-core-version	codec-reject	codec-fail	true	-	-	-	true	-	3936	1352	2584	190	3596262
fixtures/mutants/malformed/B--codec-replay-order-0.sexp	B	codec-corruption	codec-replay-order	codec-reject	codec-fail	true	-	-	-	true	-	3936	1352	2584	770	2896680
fixtures/mutants/malformed/B--codec-theory-mismatch-0.sexp	B	codec-corruption	codec-theory-mismatch	codec-reject	codec-fail	true	-	-	-	true	-	3951	1352	2599	240	3778035
fixtures/mutants/malformed/B--codec-dangling-attack-0.sexp	B	codec-corruption	codec-dangling-attack	codec-reject	codec-fail	true	-	-	-	true	-	3945	1352	2593	190	3055333
fixtures/mutants/malformed/B--codec-truncate-0.sexp	B	codec-corruption	codec-truncate	codec-reject	codec-fail	true	-	-	-	true	-	3935	0	3935	470	3547011
fixtures/mutants/E1--undeclared-leaf-0.sexp	E1	undeclared-leaves	undeclared-leaf	reject-R1	reject-R1	true	arg:0	true	true	true	-	3399	1352	2047	36091	3486500
fixtures/mutants/E1--undeclared-leaf-1.sexp	E1	undeclared-leaves	undeclared-leaf	reject-R1	reject-R1	true	arg:0	true	true	true	-	3399	1352	2047	99462	3221325
fixtures/mutants/E1--hidden-rule-0.sexp	E1	hidden-policy-extension	hidden-rule	reject-R1	reject-R1	true	arg:0	true	true	true	-	3381	1352	2029	32611	3518581
fixtures/mutants/E1--hidden-contrary-0.sexp	E1	hidden-policy-extension	hidden-contrary	reject-R12	reject-R12	true	policy	true	true	true	-	3589	1514	2075	95941	3702694
fixtures/mutants/E1--wrong-subst-domain-0.sexp	E1	wrong-formulas	wrong-subst-domain	reject-R3	reject-R3	true	arg:0	true	true	true	-	3391	1352	2039	34451	3372228
fixtures/mutants/E1--wrong-premise-0.sexp	E1	wrong-formulas	wrong-premise	reject-R4	reject-R4	true	arg:0	true	true	true	-	3387	1352	2035	94242	3463240
fixtures/mutants/E1--open-obligation-0.sexp	E1	open-obligations	open-obligation	reject-R5	reject-R5	true	arg:0	true	true	true	-	3361	1352	2009	38591	3699884
fixtures/mutants/E1--hole-obligation-0.sexp	E1	open-obligations	hole-obligation	accept-located-hole	accept-located-hole	true	arg:0	true	true	true	-	3375	1352	2023	54611	3623803
fixtures/mutants/E1--wrong-discharge-0.sexp	E1	open-obligations	wrong-discharge	reject-R6	reject-R6	true	arg:0	true	true	true	-	3387	1352	2035	93571	3331437
fixtures/mutants/E1--trusted-assurance-0.sexp	E1	certificate-tampering	trusted-assurance	reject-R7	reject-R7	true	arg:0	true	true	true	-	3390	1352	2038	45031	3445660
fixtures/mutants/E1--unlicensed-attack-0.sexp	E1	bad-attack-targets	unlicensed-attack	reject-R11	reject-R11	true	attack:0	true	true	true	-	3411	1352	2059	75191	3637903
fixtures/mutants/E1--group-conflict-0.sexp	E1	data-integrity	group-conflict	reject-R9	reject-R9	true	group:mut_g	true	true	true	-	3425	1352	2073	15570	3593182
fixtures/mutants/E1--retract-rule-0.sexp	E1	localization	retract-rule	reject-R1	reject-R1	true	arg:0	true	true	true	-	2927	892	2035	26151	3594122
fixtures/mutants/E1--undeclared-pred-0.sexp	E1	signature	undeclared-pred	reject-R2	reject-R2	true	policy	true	true	true	-	3399	1352	2047	30540	3384728
fixtures/mutants/E1--wrong-pred-arity-0.sexp	E1	signature	wrong-pred-arity	reject-R2	reject-R2	true	policy	true	true	true	-	3375	1352	2023	28651	4008859
fixtures/mutants/E1--wrong-arg-sort-0.sexp	E1	signature	wrong-arg-sort	reject-R2	reject-R2	true	policy	true	true	true	-	3384	1352	2032	30010	3608432
fixtures/mutants/E1--wrong-arg-sort-1.sexp	E1	signature	wrong-arg-sort	reject-R2	reject-R2	true	policy	true	true	true	-	3391	1352	2039	31590	3536501
fixtures/mutants/E1--undeclared-con-0.sexp	E1	signature	undeclared-con	reject-R2	reject-R2	true	policy	true	true	true	-	3404	1352	2052	30050	3356488
fixtures/mutants/E1--wrong-theta-sort-0.sexp	E1	signature	wrong-theta-sort	reject-R2	reject-R2	true	policy	true	true	true	-	3434	1352	2082	36690	3322827
fixtures/mutants/E1--out-of-scope-var-0.sexp	E1	hidden-policy-extension	out-of-scope-var	reject-R12	reject-R12	true	policy	true	true	true	-	3402	1367	2035	33551	3486891
fixtures/mutants/E1--duplicate-backend-0.sexp	E1	certificate-tampering	duplicate-backend	reject-R13	reject-R13	true	replay	true	true	true	-	3402	1352	2050	7310	3723214
fixtures/mutants/E1--unknown-backend-0.sexp	E1	certificate-tampering	unknown-backend	reject-R13	reject-R13	true	replay	true	true	true	-	3411	1352	2059	19240	3452580
fixtures/mutants/malformed/E1--codec-junk-section-0.sexp	E1	codec-corruption	codec-junk-section	codec-reject	codec-fail	true	-	-	-	true	-	3398	1352	2046	260	3406839
fixtures/mutants/malformed/E1--codec-core-version-0.sexp	E1	codec-corruption	codec-core-version	codec-reject	codec-fail	true	-	-	-	true	-	3387	1352	2035	180	3209835
fixtures/mutants/malformed/E1--codec-replay-order-0.sexp	E1	codec-corruption	codec-replay-order	codec-reject	codec-fail	true	-	-	-	true	-	3387	1352	2035	180	3162165
fixtures/mutants/malformed/E1--codec-theory-mismatch-0.sexp	E1	codec-corruption	codec-theory-mismatch	codec-reject	codec-fail	true	-	-	-	true	-	3402	1352	2050	180	3607933
fixtures/mutants/malformed/E1--codec-truncate-0.sexp	E1	codec-corruption	codec-truncate	codec-reject	codec-fail	true	-	-	-	true	-	3386	0	3386	600	3608573
fixtures/mutants/E2--hidden-contrary-0.sexp	E2	hidden-policy-extension	hidden-contrary	reject-R12	reject-R12	true	policy	true	true	true	-	3273	1514	1759	78251	3555591
fixtures/mutants/E2--group-conflict-0.sexp	E2	data-integrity	group-conflict	reject-R9	reject-R9	true	group:mut_g	true	true	true	-	3109	1352	1757	6550	3453080
fixtures/mutants/E2--undeclared-pred-0.sexp	E2	signature	undeclared-pred	reject-R2	reject-R2	true	policy	true	true	true	-	3083	1352	1731	71271	3509430
fixtures/mutants/E2--wrong-pred-arity-0.sexp	E2	signature	wrong-pred-arity	reject-R2	reject-R2	true	policy	true	true	true	-	3059	1352	1707	31200	2877590
fixtures/mutants/E2--wrong-arg-sort-0.sexp	E2	signature	wrong-arg-sort	reject-R2	reject-R2	true	policy	true	true	true	-	3118	1352	1766	30770	3920168
fixtures/mutants/E2--wrong-arg-sort-1.sexp	E2	signature	wrong-arg-sort	reject-R2	reject-R2	true	policy	true	true	true	-	3118	1352	1766	72781	3610752
fixtures/mutants/E2--undeclared-con-0.sexp	E2	signature	undeclared-con	reject-R2	reject-R2	true	policy	true	true	true	-	3084	1352	1732	29561	3237226
fixtures/mutants/E2--out-of-scope-var-0.sexp	E2	hidden-policy-extension	out-of-scope-var	reject-R12	reject-R12	true	policy	true	true	true	-	3086	1367	1719	30031	3758515
fixtures/mutants/E2--duplicate-backend-0.sexp	E2	certificate-tampering	duplicate-backend	reject-R13	reject-R13	true	replay	true	true	true	-	3086	1352	1734	7400	3684374
fixtures/mutants/E2--unknown-backend-0.sexp	E2	certificate-tampering	unknown-backend	reject-R13	reject-R13	true	replay	true	true	true	-	3095	1352	1743	19311	3204995
fixtures/mutants/malformed/E2--codec-junk-section-0.sexp	E2	codec-corruption	codec-junk-section	codec-reject	codec-fail	true	-	-	-	true	-	3082	1352	1730	190	3517281
fixtures/mutants/malformed/E2--codec-core-version-0.sexp	E2	codec-corruption	codec-core-version	codec-reject	codec-fail	true	-	-	-	true	-	3071	1352	1719	230	3545071
fixtures/mutants/malformed/E2--codec-replay-order-0.sexp	E2	codec-corruption	codec-replay-order	codec-reject	codec-fail	true	-	-	-	true	-	3071	1352	1719	470	2850069
fixtures/mutants/malformed/E2--codec-theory-mismatch-0.sexp	E2	codec-corruption	codec-theory-mismatch	codec-reject	codec-fail	true	-	-	-	true	-	3086	1352	1734	230	3151665
fixtures/mutants/malformed/E2--codec-truncate-0.sexp	E2	codec-corruption	codec-truncate	codec-reject	codec-fail	true	-	-	-	true	-	3070	0	3070	300	3750655
fixtures/mutants/E3--undeclared-leaf-0.sexp	E3	undeclared-leaves	undeclared-leaf	reject-R1	reject-R1	true	arg:1	true	true	true	-	5311	1352	3959	63841	3252186
fixtures/mutants/E3--undeclared-leaf-1.sexp	E3	undeclared-leaves	undeclared-leaf	reject-R1	reject-R1	true	arg:0	true	true	true	-	5311	1352	3959	58031	3519371
fixtures/mutants/E3--hidden-rule-0.sexp	E3	hidden-policy-extension	hidden-rule	reject-R1	reject-R1	true	arg:5	true	true	true	-	5304	1352	3952	68401	3270027
fixtures/mutants/E3--hidden-contrary-0.sexp	E3	hidden-policy-extension	hidden-contrary	reject-R12	reject-R12	true	policy	true	true	true	-	5502	1514	3988	55651	3989969
fixtures/mutants/E3--wrong-subst-domain-0.sexp	E3	wrong-formulas	wrong-subst-domain	reject-R3	reject-R3	true	arg:4	true	true	true	-	5304	1352	3952	175533	3783705
fixtures/mutants/E3--wrong-premise-0.sexp	E3	wrong-formulas	wrong-premise	reject-R4	reject-R4	true	arg:5	true	true	true	-	5299	1352	3947	182013	3498831
fixtures/mutants/E3--open-obligation-0.sexp	E3	open-obligations	open-obligation	reject-R5	reject-R5	true	arg:5	true	true	true	-	5272	1352	3920	184843	3491040
fixtures/mutants/E3--hole-obligation-0.sexp	E3	open-obligations	hole-obligation	accept-located-hole	accept-located-hole	true	arg:0	true	true	true	-	5287	1352	3935	178374	4031690
fixtures/mutants/E3--wrong-discharge-0.sexp	E3	open-obligations	wrong-discharge	reject-R6	reject-R6	true	arg:0	true	true	true	-	5300	1352	3948	60721	3509510
fixtures/mutants/E3--trusted-assurance-0.sexp	E3	certificate-tampering	trusted-assurance	reject-R7	reject-R7	true	arg:1	true	true	true	-	5303	1352	3951	65721	3585402
fixtures/mutants/E3--bad-attack-position-0.sexp	E3	bad-attack-targets	bad-attack-position	reject-R10	reject-R10	true	attack:1	true	true	true	-	5285	1352	3933	81161	3408599
fixtures/mutants/E3--bad-attack-position-1.sexp	E3	bad-attack-targets	bad-attack-position	reject-R10	reject-R10	true	attack:2	true	true	true	-	5301	1352	3949	85252	3612383
fixtures/mutants/E3--unlicensed-attack-0.sexp	E3	bad-attack-targets	unlicensed-attack	reject-R11	reject-R11	true	attack:4	true	true	true	-	5316	1352	3964	218674	3754805
fixtures/mutants/E3--drop-covering-attack-0.sexp	E3	bad-attack-targets	drop-covering-attack	reject-MissingConflict	reject-MissingConflict	true	conflict:4-5	true	true	true	-	5283	1352	3931	90272	3484940
fixtures/mutants/E3--group-conflict-0.sexp	E3	data-integrity	group-conflict	reject-R9	reject-R9	true	group:mut_g	true	true	true	-	5340	1352	3988	9390	3565042
fixtures/mutants/E3--retract-rule-0.sexp	E3	localization	retract-rule	reject-R1	reject-R1	true	arg:0	true	true	true	-	4840	892	3948	42011	3535621
fixtures/mutants/E3--twin-support-defect-0.sexp	E3	localization	twin-support-defect	reject-R4	reject-R4	true	arg:0	true	true	true	-	5300	1352	3948	62691	3862717
fixtures/mutants/E3--cross-stage-defect-0.sexp	E3	localization	cross-stage-defect	reject-R4	reject-R4	true	arg:4	true	true	true	-	5285	1352	3933	174203	3867347
fixtures/mutants/E3--undeclared-pred-0.sexp	E3	signature	undeclared-pred	reject-R2	reject-R2	true	policy	true	true	true	-	5312	1352	3960	32270	3370359
fixtures/mutants/E3--wrong-pred-arity-0.sexp	E3	signature	wrong-pred-arity	reject-R2	reject-R2	true	policy	true	true	true	-	5288	1352	3936	31630	3377248
fixtures/mutants/E3--wrong-arg-sort-0.sexp	E3	signature	wrong-arg-sort	reject-R2	reject-R2	true	policy	true	true	true	-	5249	1352	3897	30130	3199905
fixtures/mutants/E3--wrong-arg-sort-1.sexp	E3	signature	wrong-arg-sort	reject-R2	reject-R2	true	policy	true	true	true	-	5351	1352	3999	34991	3244486
fixtures/mutants/E3--undeclared-con-0.sexp	E3	signature	undeclared-con	reject-R2	reject-R2	true	policy	true	true	true	-	5310	1352	3958	33860	3462400
fixtures/mutants/E3--wrong-theta-sort-0.sexp	E3	signature	wrong-theta-sort	reject-R2	reject-R2	true	policy	true	true	true	-	5302	1352	3950	121732	3370268
fixtures/mutants/E3--out-of-scope-var-0.sexp	E3	hidden-policy-extension	out-of-scope-var	reject-R12	reject-R12	true	policy	true	true	true	-	5315	1367	3948	55081	3505161
fixtures/mutants/E3--duplicate-backend-0.sexp	E3	certificate-tampering	duplicate-backend	reject-R13	reject-R13	true	replay	true	true	true	-	5315	1352	3963	6870	3174535
fixtures/mutants/E3--unknown-backend-0.sexp	E3	certificate-tampering	unknown-backend	reject-R13	reject-R13	true	replay	true	true	true	-	5324	1352	3972	19521	4018779
fixtures/mutants/malformed/E3--codec-junk-section-0.sexp	E3	codec-corruption	codec-junk-section	codec-reject	codec-fail	true	-	-	-	true	-	5311	1352	3959	171	3006412
fixtures/mutants/malformed/E3--codec-core-version-0.sexp	E3	codec-corruption	codec-core-version	codec-reject	codec-fail	true	-	-	-	true	-	5300	1352	3948	200	3191155
fixtures/mutants/malformed/E3--codec-replay-order-0.sexp	E3	codec-corruption	codec-replay-order	codec-reject	codec-fail	true	-	-	-	true	-	5300	1352	3948	191	3553192
fixtures/mutants/malformed/E3--codec-theory-mismatch-0.sexp	E3	codec-corruption	codec-theory-mismatch	codec-reject	codec-fail	true	-	-	-	true	-	5315	1352	3963	200	3159605
fixtures/mutants/malformed/E3--codec-dangling-attack-0.sexp	E3	codec-corruption	codec-dangling-attack	codec-reject	codec-fail	true	-	-	-	true	-	5308	1352	3956	270	3411689
fixtures/mutants/malformed/E3--codec-truncate-0.sexp	E3	codec-corruption	codec-truncate	codec-reject	codec-fail	true	-	-	-	true	-	5299	0	5299	210	3614763
fixtures/mutants/E4--undeclared-leaf-0.sexp	E4	undeclared-leaves	undeclared-leaf	reject-R1	reject-R1	true	arg:4	true	true	true	-	7135	2216	4919	96592	3905758
fixtures/mutants/E4--undeclared-leaf-1.sexp	E4	undeclared-leaves	undeclared-leaf	reject-R1	reject-R1	true	arg:0	true	true	true	-	7137	2216	4921	80472	3794036
fixtures/mutants/E4--hidden-rule-0.sexp	E4	hidden-policy-extension	hidden-rule	reject-R1	reject-R1	true	arg:8	true	true	true	-	7120	2216	4904	97332	3914448
fixtures/mutants/E4--hidden-contrary-0.sexp	E4	hidden-policy-extension	hidden-contrary	reject-R12	reject-R12	true	policy	true	true	true	-	7328	2378	4950	195163	3581432
fixtures/mutants/E4--wrong-subst-domain-0.sexp	E4	wrong-formulas	wrong-subst-domain	reject-R3	reject-R3	true	arg:3	true	true	true	-	7130	2216	4914	213254	3772305
fixtures/mutants/E4--wrong-premise-0.sexp	E4	wrong-formulas	wrong-premise	reject-R4	reject-R4	true	arg:3	true	true	true	-	7126	2216	4910	222914	3698794
fixtures/mutants/E4--open-obligation-0.sexp	E4	open-obligations	open-obligation	reject-R5	reject-R5	true	arg:0	true	true	true	-	7099	2216	4883	89512	3371048
fixtures/mutants/E4--hole-obligation-0.sexp	E4	open-obligations	hole-obligation	accept-located-hole	accept-located-hole	true	arg:7	true	true	true	-	7110	2216	4894	313036	5671478
fixtures/mutants/E4--wrong-discharge-0.sexp	E4	open-obligations	wrong-discharge	reject-R6	reject-R6	true	arg:6	true	true	true	-	7126	2216	4910	104542	3618763
fixtures/mutants/E4--trusted-assurance-0.sexp	E4	certificate-tampering	trusted-assurance	reject-R7	reject-R7	true	arg:0	true	true	true	-	7129	2216	4913	211823	3921337
fixtures/mutants/E4--bad-attack-position-0.sexp	E4	bad-attack-targets	bad-attack-position	reject-R10	reject-R10	true	attack:0	true	true	true	-	7127	2216	4911	278015	4442377
fixtures/mutants/E4--bad-attack-position-1.sexp	E4	bad-attack-targets	bad-attack-position	reject-R10	reject-R10	true	attack:4	true	true	true	-	7136	2216	4920	291975	4202183
fixtures/mutants/E4--unlicensed-attack-0.sexp	E4	bad-attack-targets	unlicensed-attack	reject-R11	reject-R11	true	attack:7	true	true	true	-	7142	2216	4926	387877	3762116
fixtures/mutants/E4--drop-covering-attack-0.sexp	E4	bad-attack-targets	drop-covering-attack	reject-MissingConflict	reject-MissingConflict	true	conflict:5-4	true	true	true	-	7098	2216	4882	341776	4505078
fixtures/mutants/E4--group-conflict-0.sexp	E4	data-integrity	group-conflict	reject-R9	reject-R9	true	group:mut_g	true	true	true	-	7166	2216	4950	23800	3690454
fixtures/mutants/E4--retract-rule-0.sexp	E4	localization	retract-rule	reject-R1	reject-R1	true	arg:8	true	true	true	-	6896	1986	4910	112242	3391788
fixtures/mutants/E4--twin-support-defect-0.sexp	E4	localization	twin-support-defect	reject-R4	reject-R4	true	arg:1	true	true	true	-	7125	2216	4909	269545	4013000
fixtures/mutants/E4--cross-stage-defect-0.sexp	E4	localization	cross-stage-defect	reject-R4	reject-R4	true	arg:7	true	true	true	-	7134	2216	4918	248484	4343495
fixtures/mutants/E4--undeclared-pred-0.sexp	E4	signature	undeclared-pred	reject-R2	reject-R2	true	policy	true	true	true	-	7130	2216	4914	46821	3326888
fixtures/mutants/E4--wrong-pred-arity-0.sexp	E4	signature	wrong-pred-arity	reject-R2	reject-R2	true	policy	true	true	true	-	7063	2216	4847	115282	3680243
fixtures/mutants/E4--wrong-arg-sort-0.sexp	E4	signature	wrong-arg-sort	reject-R2	reject-R2	true	policy	true	true	true	-	7123	2216	4907	123102	4085660
fixtures/mutants/E4--wrong-arg-sort-1.sexp	E4	signature	wrong-arg-sort	reject-R2	reject-R2	true	policy	true	true	true	-	7123	2216	4907	68411	3659794
fixtures/mutants/E4--undeclared-con-0.sexp	E4	signature	undeclared-con	reject-R2	reject-R2	true	policy	true	true	true	-	7139	2216	4923	140353	3867077
fixtures/mutants/E4--wrong-theta-sort-0.sexp	E4	signature	wrong-theta-sort	reject-R2	reject-R2	true	policy	true	true	true	-	7128	2216	4912	79861	3681603
fixtures/mutants/E4--out-of-scope-var-0.sexp	E4	hidden-policy-extension	out-of-scope-var	reject-R12	reject-R12	true	policy	true	true	true	-	7141	2231	4910	80411	3005542
fixtures/mutants/E4--duplicate-backend-0.sexp	E4	certificate-tampering	duplicate-backend	reject-R13	reject-R13	true	replay	true	true	true	-	7141	2216	4925	7470	3652893
fixtures/mutants/E4--unknown-backend-0.sexp	E4	certificate-tampering	unknown-backend	reject-R13	reject-R13	true	replay	true	true	true	-	7150	2216	4934	8411	3908157
fixtures/mutants/malformed/E4--codec-junk-section-0.sexp	E4	codec-corruption	codec-junk-section	codec-reject	codec-fail	true	-	-	-	true	-	7137	2216	4921	841	4176762
fixtures/mutants/malformed/E4--codec-core-version-0.sexp	E4	codec-corruption	codec-core-version	codec-reject	codec-fail	true	-	-	-	true	-	7126	2216	4910	211	4149342
fixtures/mutants/malformed/E4--codec-replay-order-0.sexp	E4	codec-corruption	codec-replay-order	codec-reject	codec-fail	true	-	-	-	true	-	7126	2216	4910	870	3204065
fixtures/mutants/malformed/E4--codec-theory-mismatch-0.sexp	E4	codec-corruption	codec-theory-mismatch	codec-reject	codec-fail	true	-	-	-	true	-	7141	2216	4925	400	3539581
fixtures/mutants/malformed/E4--codec-dangling-attack-0.sexp	E4	codec-corruption	codec-dangling-attack	codec-reject	codec-fail	true	-	-	-	true	-	7134	2216	4918	200	3611453
fixtures/mutants/malformed/E4--codec-truncate-0.sexp	E4	codec-corruption	codec-truncate	codec-reject	codec-fail	true	-	-	-	true	-	7125	0	7125	600	3342567
fixtures/mutants/E5--undeclared-leaf-0.sexp	E5	undeclared-leaves	undeclared-leaf	reject-R1	reject-R1	true	arg:0	true	true	true	-	6053	2216	3837	166543	3360798
fixtures/mutants/E5--undeclared-leaf-1.sexp	E5	undeclared-leaves	undeclared-leaf	reject-R1	reject-R1	true	arg:3	true	true	true	-	6053	2216	3837	74871	4017460
fixtures/mutants/E5--hidden-rule-0.sexp	E5	hidden-policy-extension	hidden-rule	reject-R1	reject-R1	true	arg:5	true	true	true	-	6036	2216	3820	196223	3745734
fixtures/mutants/E5--hidden-contrary-0.sexp	E5	hidden-policy-extension	hidden-contrary	reject-R12	reject-R12	true	policy	true	true	true	-	6244	2378	3866	168722	3544981
fixtures/mutants/E5--wrong-subst-domain-0.sexp	E5	wrong-formulas	wrong-subst-domain	reject-R3	reject-R3	true	arg:0	true	true	true	-	6046	2216	3830	159302	3263226
fixtures/mutants/E5--wrong-premise-0.sexp	E5	wrong-formulas	wrong-premise	reject-R4	reject-R4	true	arg:4	true	true	true	-	6040	2216	3824	82331	3706905
fixtures/mutants/E5--open-obligation-0.sexp	E5	open-obligations	open-obligation	reject-R5	reject-R5	true	arg:3	true	true	true	-	6015	2216	3799	186493	3742725
fixtures/mutants/E5--hole-obligation-0.sexp	E5	open-obligations	hole-obligation	accept-located-hole	accept-located-hole	true	arg:0	true	true	true	-	6029	2216	3813	169633	3483940
fixtures/mutants/E5--wrong-discharge-0.sexp	E5	open-obligations	wrong-discharge	reject-R6	reject-R6	true	arg:0	true	true	true	-	6042	2216	3826	68201	3363928
fixtures/mutants/E5--trusted-assurance-0.sexp	E5	certificate-tampering	trusted-assurance	reject-R7	reject-R7	true	arg:4	true	true	true	-	6045	2216	3829	72691	4068620
fixtures/mutants/E5--bad-attack-position-0.sexp	E5	bad-attack-targets	bad-attack-position	reject-R10	reject-R10	true	attack:1	true	true	true	-	6052	2216	3836	81822	3947228
fixtures/mutants/E5--bad-attack-position-1.sexp	E5	bad-attack-targets	bad-attack-position	reject-R10	reject-R10	true	attack:3	true	true	true	-	6052	2216	3836	208074	3684824
fixtures/mutants/E5--unlicensed-attack-0.sexp	E5	bad-attack-targets	unlicensed-attack	reject-R11	reject-R11	true	attack:6	true	true	true	-	6058	2216	3842	97072	3426509
fixtures/mutants/E5--drop-covering-attack-0.sexp	E5	bad-attack-targets	drop-covering-attack	reject-MissingConflict	reject-MissingConflict	true	conflict:2-1	true	true	true	-	6015	2216	3799	341706	4426606
fixtures/mutants/E5--group-conflict-0.sexp	E5	data-integrity	group-conflict	reject-R9	reject-R9	true	group:mut_g	true	true	true	-	6082	2216	3866	19581	4467527
fixtures/mutants/E5--retract-rule-0.sexp	E5	localization	retract-rule	reject-R1	reject-R1	true	arg:4	true	true	true	-	5748	1922	3826	185103	4109611
fixtures/mutants/E5--twin-support-defect-0.sexp	E5	localization	twin-support-defect	reject-R4	reject-R4	true	arg:0	true	true	true	-	6042	2216	3826	171983	3757555
fixtures/mutants/E5--cross-stage-defect-0.sexp	E5	localization	cross-stage-defect	reject-R4	reject-R4	true	arg:5	true	true	true	-	6024	2216	3808	110362	3447949
fixtures/mutants/E5--undeclared-pred-0.sexp	E5	signature	undeclared-pred	reject-R2	reject-R2	true	policy	true	true	true	-	6046	2216	3830	144083	3523341
fixtures/mutants/E5--wrong-pred-arity-0.sexp	E5	signature	wrong-pred-arity	reject-R2	reject-R2	true	policy	true	true	true	-	6032	2216	3816	97182	3708824
fixtures/mutants/E5--wrong-arg-sort-0.sexp	E5	signature	wrong-arg-sort	reject-R2	reject-R2	true	policy	true	true	true	-	6093	2216	3877	43830	3933217
fixtures/mutants/E5--wrong-arg-sort-1.sexp	E5	signature	wrong-arg-sort	reject-R2	reject-R2	true	policy	true	true	true	-	6044	2216	3828	60451	3865547
fixtures/mutants/E5--undeclared-con-0.sexp	E5	signature	undeclared-con	reject-R2	reject-R2	true	policy	true	true	true	-	6057	2216	3841	46061	3593622
fixtures/mutants/E5--wrong-theta-sort-0.sexp	E5	signature	wrong-theta-sort	reject-R2	reject-R2	true	policy	true	true	true	-	6044	2216	3828	170003	3367439
fixtures/mutants/E5--out-of-scope-var-0.sexp	E5	hidden-policy-extension	out-of-scope-var	reject-R12	reject-R12	true	policy	true	true	true	-	6057	2231	3826	63981	3754365
fixtures/mutants/E5--duplicate-backend-0.sexp	E5	certificate-tampering	duplicate-backend	reject-R13	reject-R13	true	replay	true	true	true	-	6057	2216	3841	9171	3313688
fixtures/mutants/E5--unknown-backend-0.sexp	E5	certificate-tampering	unknown-backend	reject-R13	reject-R13	true	replay	true	true	true	-	6066	2216	3850	12781	3521941
fixtures/mutants/malformed/E5--codec-junk-section-0.sexp	E5	codec-corruption	codec-junk-section	codec-reject	codec-fail	true	-	-	-	true	-	6053	2216	3837	590	3312758
fixtures/mutants/malformed/E5--codec-core-version-0.sexp	E5	codec-corruption	codec-core-version	codec-reject	codec-fail	true	-	-	-	true	-	6042	2216	3826	190	3861357
fixtures/mutants/malformed/E5--codec-replay-order-0.sexp	E5	codec-corruption	codec-replay-order	codec-reject	codec-fail	true	-	-	-	true	-	6042	2216	3826	210	3482041
fixtures/mutants/malformed/E5--codec-theory-mismatch-0.sexp	E5	codec-corruption	codec-theory-mismatch	codec-reject	codec-fail	true	-	-	-	true	-	6057	2216	3841	500	3658723
fixtures/mutants/malformed/E5--codec-dangling-attack-0.sexp	E5	codec-corruption	codec-dangling-attack	codec-reject	codec-fail	true	-	-	-	true	-	6050	2216	3834	209	3450030
fixtures/mutants/malformed/E5--codec-truncate-0.sexp	E5	codec-corruption	codec-truncate	codec-reject	codec-fail	true	-	-	-	true	-	6041	0	6041	230	2894640
fixtures/mutants/S1--undeclared-leaf-0.sexp	S1	undeclared-leaves	undeclared-leaf	reject-R1	reject-R1	true	arg:0	true	true	true	-	992	267	725	13060	3427119
fixtures/mutants/S1--hidden-rule-0.sexp	S1	hidden-policy-extension	hidden-rule	reject-R1	reject-R1	true	arg:0	true	true	true	-	977	267	710	15751	3090473
fixtures/mutants/S1--hidden-contrary-0.sexp	S1	hidden-policy-extension	hidden-contrary	reject-R12	reject-R12	true	policy	true	true	true	-	1182	429	753	32270	3440820
fixtures/mutants/S1--wrong-subst-domain-0.sexp	S1	wrong-formulas	wrong-subst-domain	reject-R3	reject-R3	true	arg:0	true	true	true	-	984	267	717	12711	3488800
fixtures/mutants/S1--cert-theory-swap-0.sexp	S1	certificate-tampering	cert-theory-swap	reject-R7	reject-R7	true	arg:0	true	true	true	-	965	267	698	33791	3566541
fixtures/mutants/S1--cert-payload-tamper-0.sexp	S1	certificate-tampering	cert-payload-tamper	reject-R13	reject-R13	true	arg:0	true	true	true	-	984	267	717	35600	3190286
fixtures/mutants/S1--unlicensed-attack-0.sexp	S1	bad-attack-targets	unlicensed-attack	reject-R11	reject-R11	true	attack:0	true	true	true	-	1004	267	737	48991	3427049
fixtures/mutants/S1--retract-rule-0.sexp	S1	localization	retract-rule	reject-R1	reject-R1	true	arg:0	true	true	true	-	755	42	713	12140	3919058
fixtures/mutants/S1--undeclared-pred-0.sexp	S1	signature	undeclared-pred	reject-R2	reject-R2	true	policy	true	true	true	-	994	267	727	11920	3039702
fixtures/mutants/S1--wrong-pred-arity-0.sexp	S1	signature	wrong-pred-arity	reject-R2	reject-R2	true	policy	true	true	true	-	972	267	705	11330	3285807
fixtures/mutants/S1--wrong-arg-sort-0.sexp	S1	signature	wrong-arg-sort	reject-R2	reject-R2	true	policy	true	true	true	-	965	267	698	12610	3553751
fixtures/mutants/S1--wrong-arg-sort-1.sexp	S1	signature	wrong-arg-sort	reject-R2	reject-R2	true	policy	true	true	true	-	995	267	728	27521	3759356
fixtures/mutants/S1--undeclared-con-0.sexp	S1	signature	undeclared-con	reject-R2	reject-R2	true	policy	true	true	true	-	997	267	730	11440	3245576
fixtures/mutants/S1--wrong-theta-sort-0.sexp	S1	signature	wrong-theta-sort	reject-R2	reject-R2	true	policy	true	true	true	-	995	267	728	63491	3084923
fixtures/mutants/S1--out-of-scope-var-0.sexp	S1	hidden-policy-extension	out-of-scope-var	reject-R12	reject-R12	true	policy	true	true	true	-	995	282	713	30940	3116944
fixtures/mutants/S1--duplicate-backend-0.sexp	S1	certificate-tampering	duplicate-backend	reject-R13	reject-R13	true	replay	true	true	true	-	995	267	728	19790	3214376
fixtures/mutants/S1--unknown-backend-0.sexp	S1	certificate-tampering	unknown-backend	reject-R13	reject-R13	true	replay	true	true	true	-	1004	267	737	33281	3953678
fixtures/mutants/malformed/S1--codec-junk-section-0.sexp	S1	codec-corruption	codec-junk-section	codec-reject	codec-fail	true	-	-	-	true	-	991	267	724	490	2884170
fixtures/mutants/malformed/S1--codec-core-version-0.sexp	S1	codec-corruption	codec-core-version	codec-reject	codec-fail	true	-	-	-	true	-	980	267	713	500	3046493
fixtures/mutants/malformed/S1--codec-replay-order-0.sexp	S1	codec-corruption	codec-replay-order	codec-reject	codec-fail	true	-	-	-	true	-	980	267	713	440	3931868
fixtures/mutants/malformed/S1--codec-theory-mismatch-0.sexp	S1	codec-corruption	codec-theory-mismatch	codec-reject	codec-fail	true	-	-	-	true	-	995	267	728	450	3371779
fixtures/mutants/malformed/S1--codec-truncate-0.sexp	S1	codec-corruption	codec-truncate	codec-reject	codec-fail	true	-	-	-	true	-	979	0	979	680	3496070
fixtures/mutants/S2--undeclared-leaf-0.sexp	S2	undeclared-leaves	undeclared-leaf	reject-R1	reject-R1	true	arg:0	true	true	true	-	2660	684	1976	35031	3970359
fixtures/mutants/S2--undeclared-leaf-1.sexp	S2	undeclared-leaves	undeclared-leaf	reject-R1	reject-R1	true	arg:1	true	true	true	-	2660	684	1976	62321	3553381
fixtures/mutants/S2--hidden-rule-0.sexp	S2	hidden-policy-extension	hidden-rule	reject-R1	reject-R1	true	arg:1	true	true	true	-	2650	684	1966	48981	4577159
fixtures/mutants/S2--hidden-contrary-0.sexp	S2	hidden-policy-extension	hidden-contrary	reject-R12	reject-R12	true	policy	true	true	true	-	2850	846	2004	88222	3652893
fixtures/mutants/S2--wrong-subst-domain-0.sexp	S2	wrong-formulas	wrong-subst-domain	reject-R3	reject-R3	true	arg:1	true	true	true	-	2652	684	1968	49641	3881437
fixtures/mutants/S2--wrong-premise-0.sexp	S2	wrong-formulas	wrong-premise	reject-R4	reject-R4	true	arg:0	true	true	true	-	2648	684	1964	34901	3072663
fixtures/mutants/S2--trusted-assurance-0.sexp	S2	certificate-tampering	trusted-assurance	reject-R7	reject-R7	true	arg:1	true	true	true	-	2651	684	1967	65751	4025040
fixtures/mutants/S2--cert-theory-swap-0.sexp	S2	certificate-tampering	cert-theory-swap	reject-R7	reject-R7	true	arg:1	true	true	true	-	2636	684	1952	151192	3438470
fixtures/mutants/S2--cert-payload-tamper-0.sexp	S2	certificate-tampering	cert-payload-tamper	reject-R13	reject-R13	true	arg:1	true	true	true	-	2633	684	1949	87751	3423579
fixtures/mutants/S2--unlicensed-attack-0.sexp	S2	bad-attack-targets	unlicensed-attack	reject-R11	reject-R11	true	attack:0	true	true	true	-	2672	684	1988	80251	3784586
fixtures/mutants/S2--group-conflict-0.sexp	S2	data-integrity	group-conflict	reject-R9	reject-R9	true	group:mut_g	true	true	true	-	2686	684	2002	11830	3205285
fixtures/mutants/S2--retract-rule-0.sexp	S2	localization	retract-rule	reject-R1	reject-R1	true	arg:1	true	true	true	-	2362	398	1964	43530	3097973
fixtures/mutants/S2--twin-support-defect-0.sexp	S2	localization	twin-support-defect	reject-R4	reject-R4	true	arg:0	true	true	true	-	2648	684	1964	37290	3426449
fixtures/mutants/S2--undeclared-pred-0.sexp	S2	signature	undeclared-pred	reject-R2	reject-R2	true	policy	true	true	true	-	2651	684	1967	17030	3605243
fixtures/mutants/S2--wrong-pred-arity-0.sexp	S2	signature	wrong-pred-arity	reject-R2	reject-R2	true	policy	true	true	true	-	2572	684	1888	42150	3583412
fixtures/mutants/S2--wrong-arg-sort-0.sexp	S2	signature	wrong-arg-sort	reject-R2	reject-R2	true	policy	true	true	true	-	2583	684	1899	40411	3755845
fixtures/mutants/S2--wrong-arg-sort-1.sexp	S2	signature	wrong-arg-sort	reject-R2	reject-R2	true	policy	true	true	true	-	2645	684	1961	46701	3434040
fixtures/mutants/S2--undeclared-con-0.sexp	S2	signature	undeclared-con	reject-R2	reject-R2	true	policy	true	true	true	-	2662	684	1978	48381	3399169
fixtures/mutants/S2--wrong-theta-sort-0.sexp	S2	signature	wrong-theta-sort	reject-R2	reject-R2	true	policy	true	true	true	-	2648	684	1964	23910	4077820
fixtures/mutants/S2--out-of-scope-var-0.sexp	S2	hidden-policy-extension	out-of-scope-var	reject-R12	reject-R12	true	policy	true	true	true	-	2662	698	1964	29951	3674993
fixtures/mutants/S2--duplicate-backend-0.sexp	S2	certificate-tampering	duplicate-backend	reject-R13	reject-R13	true	replay	true	true	true	-	2664	684	1980	11010	3332608
fixtures/mutants/S2--unknown-backend-0.sexp	S2	certificate-tampering	unknown-backend	reject-R13	reject-R13	true	replay	true	true	true	-	2672	684	1988	11620	4078031
fixtures/mutants/malformed/S2--codec-junk-section-0.sexp	S2	codec-corruption	codec-junk-section	codec-reject	codec-fail	true	-	-	-	true	-	2659	684	1975	460	5102808
fixtures/mutants/malformed/S2--codec-core-version-0.sexp	S2	codec-corruption	codec-core-version	codec-reject	codec-fail	true	-	-	-	true	-	2648	684	1964	510	3188225
fixtures/mutants/malformed/S2--codec-replay-order-0.sexp	S2	codec-corruption	codec-replay-order	codec-reject	codec-fail	true	-	-	-	true	-	2648	684	1964	480	3353258
fixtures/mutants/malformed/S2--codec-theory-mismatch-0.sexp	S2	codec-corruption	codec-theory-mismatch	codec-reject	codec-fail	true	-	-	-	true	-	2663	684	1979	540	3798176
fixtures/mutants/malformed/S2--codec-truncate-0.sexp	S2	codec-corruption	codec-truncate	codec-reject	codec-fail	true	-	-	-	true	-	2647	0	2647	550	3614962
fixtures/mutants/S9--undeclared-leaf-0.sexp	S9	undeclared-leaves	undeclared-leaf	reject-R1	reject-R1	true	arg:2	true	true	true	-	4021	881	3140	128123	3317257
fixtures/mutants/S9--undeclared-leaf-1.sexp	S9	undeclared-leaves	undeclared-leaf	reject-R1	reject-R1	true	arg:0	true	true	true	-	4021	881	3140	38541	3616033
fixtures/mutants/S9--hidden-rule-0.sexp	S9	hidden-policy-extension	hidden-rule	reject-R1	reject-R1	true	arg:1	true	true	true	-	4009	881	3128	42611	3815997
fixtures/mutants/S9--hidden-contrary-0.sexp	S9	hidden-policy-extension	hidden-contrary	reject-R12	reject-R12	true	policy	true	true	true	-	4211	1043	3168	33191	3141164
fixtures/mutants/S9--wrong-subst-domain-0.sexp	S9	wrong-formulas	wrong-subst-domain	reject-R3	reject-R3	true	arg:2	true	true	true	-	4013	881	3132	120272	3320027
fixtures/mutants/S9--wrong-premise-0.sexp	S9	wrong-formulas	wrong-premise	reject-R4	reject-R4	true	arg:2	true	true	true	-	3504	881	2623	44901	3145814
fixtures/mutants/S9--trusted-assurance-0.sexp	S9	certificate-tampering	trusted-assurance	reject-R7	reject-R7	true	arg:2	true	true	true	-	4012	881	3131	58861	3168865
fixtures/mutants/S9--cert-theory-swap-0.sexp	S9	certificate-tampering	cert-theory-swap	reject-R7	reject-R7	true	arg:0	true	true	true	-	3996	881	3115	90321	3811096
fixtures/mutants/S9--cert-payload-tamper-0.sexp	S9	certificate-tampering	cert-payload-tamper	reject-R13	reject-R13	true	arg:1	true	true	true	-	4002	881	3121	47851	3640613
fixtures/mutants/S9--unlicensed-attack-0.sexp	S9	bad-attack-targets	unlicensed-attack	reject-R11	reject-R11	true	attack:0	true	true	true	-	4033	881	3152	70101	2971511
fixtures/mutants/S9--group-conflict-0.sexp	S9	data-integrity	group-conflict	reject-R9	reject-R9	true	group:mut_g	true	true	true	-	4047	881	3166	27580	4552929
fixtures/mutants/S9--retract-rule-0.sexp	S9	localization	retract-rule	reject-R1	reject-R1	true	arg:2	true	true	true	-	3744	616	3128	50801	3411689
fixtures/mutants/S9--twin-support-defect-0.sexp	S9	localization	twin-support-defect	reject-R4	reject-R4	true	arg:0	true	true	true	-	4009	881	3128	37461	3540671
fixtures/mutants/S9--undeclared-pred-0.sexp	S9	signature	undeclared-pred	reject-R2	reject-R2	true	policy	true	true	true	-	4015	881	3134	37850	3657493
fixtures/mutants/S9--wrong-pred-arity-0.sexp	S9	signature	wrong-pred-arity	reject-R2	reject-R2	true	policy	true	true	true	-	3992	881	3111	19390	3884687
fixtures/mutants/S9--wrong-arg-sort-0.sexp	S9	signature	wrong-arg-sort	reject-R2	reject-R2	true	policy	true	true	true	-	3875	881	2994	17780	3722634
fixtures/mutants/S9--wrong-arg-sort-1.sexp	S9	signature	wrong-arg-sort	reject-R2	reject-R2	true	policy	true	true	true	-	4010	881	3129	16131	3877817
fixtures/mutants/S9--undeclared-con-0.sexp	S9	signature	undeclared-con	reject-R2	reject-R2	true	policy	true	true	true	-	4014	881	3133	42581	3552641
fixtures/mutants/S9--wrong-theta-sort-0.sexp	S9	signature	wrong-theta-sort	reject-R2	reject-R2	true	policy	true	true	true	-	3912	881	3031	52561	3641194
fixtures/mutants/S9--out-of-scope-var-0.sexp	S9	hidden-policy-extension	out-of-scope-var	reject-R12	reject-R12	true	policy	true	true	true	-	4024	896	3128	31510	3566591
fixtures/mutants/S9--duplicate-backend-0.sexp	S9	certificate-tampering	duplicate-backend	reject-R13	reject-R13	true	replay	true	true	true	-	4026	881	3145	10560	3087623
fixtures/mutants/S9--unknown-backend-0.sexp	S9	certificate-tampering	unknown-backend	reject-R13	reject-R13	true	replay	true	true	true	-	4033	881	3152	11730	3089083
fixtures/mutants/malformed/S9--codec-junk-section-0.sexp	S9	codec-corruption	codec-junk-section	codec-reject	codec-fail	true	-	-	-	true	-	4020	881	3139	640	3578922
fixtures/mutants/malformed/S9--codec-core-version-0.sexp	S9	codec-corruption	codec-core-version	codec-reject	codec-fail	true	-	-	-	true	-	4009	881	3128	209	3679714
fixtures/mutants/malformed/S9--codec-replay-order-0.sexp	S9	codec-corruption	codec-replay-order	codec-reject	codec-fail	true	-	-	-	true	-	4009	881	3128	200	3169135
fixtures/mutants/malformed/S9--codec-theory-mismatch-0.sexp	S9	codec-corruption	codec-theory-mismatch	codec-reject	codec-fail	true	-	-	-	true	-	4024	881	3143	190	3563542
fixtures/mutants/malformed/S9--codec-truncate-0.sexp	S9	codec-corruption	codec-truncate	codec-reject	codec-fail	true	-	-	-	true	-	4008	0	4008	571	3847997
fixtures/mutants/cycle-rebut-6.sexp	-	cycles	rebut-cycle	accept-all-contested	accept-all-contested	true	-	-	-	true	-	1922	523	1399	196974	5500215
fixtures/mutants/cycle-rebut-2.sexp	-	cycles	rebut-cycle	accept-all-contested	accept-all-contested	true	-	-	-	true	-	954	303	651	30520	3616333
fixtures/mutants/cycle-rebut-4.sexp	-	cycles	rebut-cycle	accept-all-contested	accept-all-contested	true	-	-	-	true	-	1438	413	1025	86902	3651774
fixtures/mutants/cycle-rebut-5.sexp	-	cycles	rebut-cycle	accept-all-contested	accept-all-contested	true	-	-	-	true	-	1680	468	1212	97041	4066790
fixtures/mutants/rebench-restricted_mlm.C14--undeclared-leaf-0.sexp	rebench-restricted_mlm.C14	undeclared-leaves	undeclared-leaf	reject-R1	reject-R1	true	arg:0	true	true	true	-	16686	7431	9255	1217911	4225744
fixtures/mutants/rebench-triton_cumsum.C09--undeclared-leaf-0.sexp	rebench-triton_cumsum.C09	undeclared-leaves	undeclared-leaf	reject-R1	reject-R1	true	arg:0	true	true	true	-	16805	7431	9374	1218241	4054880
fixtures/mutants/test-time-model-adaptation.C04--undeclared-leaf-0.sexp	test-time-model-adaptation.C04	undeclared-leaves	undeclared-leaf	reject-R1	reject-R1	true	arg:0	true	true	true	-	16932	7431	9501	1104799	4103011
fixtures/mutants/fre.C04--undeclared-leaf-0.sexp	fre.C04	undeclared-leaves	undeclared-leaf	reject-R1	reject-R1	true	arg:0	true	true	true	-	16893	7431	9462	464538	5052437
fixtures/mutants/self-composing-policies.C01--undeclared-leaf-0.sexp	self-composing-policies.C01	undeclared-leaves	undeclared-leaf	reject-R1	reject-R1	true	arg:0	true	true	true	-	16604	7431	9173	1234082	4419886
fixtures/mutants/fre.C01--undeclared-leaf-0.sexp	fre.C01	undeclared-leaves	undeclared-leaf	reject-R1	reject-R1	true	arg:0	true	true	true	-	16790	7431	9359	1243071	4457107
fixtures/mutants/pinn.C01--undeclared-leaf-0.sexp	pinn.C01	undeclared-leaves	undeclared-leaf	reject-R1	reject-R1	true	arg:0	true	true	true	-	16726	7431	9295	845925	5441684
fixtures/mutants/bam.C05--undeclared-leaf-0.sexp	bam.C05	undeclared-leaves	undeclared-leaf	reject-R1	reject-R1	true	arg:0	true	true	true	-	16795	7431	9364	1318832	4472037
fixtures/mutants/adaptive-pruning.C04--undeclared-leaf-0.sexp	adaptive-pruning.C04	undeclared-leaves	undeclared-leaf	reject-R1	reject-R1	true	arg:0	true	true	true	-	17067	7431	9636	586940	4787293
fixtures/mutants/sample-specific-masks.C05--undeclared-leaf-0.sexp	sample-specific-masks.C05	undeclared-leaves	undeclared-leaf	reject-R1	reject-R1	true	arg:0	true	true	true	-	16723	7431	9292	466688	4050160
fixtures/mutants/rice.C01--undeclared-leaf-0.sexp	rice.C01	undeclared-leaves	undeclared-leaf	reject-R1	reject-R1	true	arg:0	true	true	true	-	16612	7431	9181	828144	4434456
fixtures/mutants/sample-specific-masks.C06--undeclared-leaf-0.sexp	sample-specific-masks.C06	undeclared-leaves	undeclared-leaf	reject-R1	reject-R1	true	arg:0	true	true	true	-	16941	7431	9510	487789	4529498
fixtures/mutants/self-composing-policies.C01--hidden-rule-0.sexp	self-composing-policies.C01	hidden-policy-extension	hidden-rule	reject-R1	reject-R1	true	arg:0	true	true	true	-	16590	7431	9159	1136179	4927075
fixtures/mutants/rebench-restricted_mlm.C14--hidden-rule-0.sexp	rebench-restricted_mlm.C14	hidden-policy-extension	hidden-rule	reject-R1	reject-R1	true	arg:0	true	true	true	-	16678	7431	9247	1260192	4739172
fixtures/mutants/rebench-rust_codecontests.C02--hidden-rule-0.sexp	rebench-rust_codecontests.C02	hidden-policy-extension	hidden-rule	reject-R1	reject-R1	true	arg:0	true	true	true	-	16655	7431	9224	929466	5375283
fixtures/mutants/rebench-triton_cumsum.C09--hidden-rule-0.sexp	rebench-triton_cumsum.C09	hidden-policy-extension	hidden-rule	reject-R1	reject-R1	true	arg:0	true	true	true	-	16797	7431	9366	450907	4330375
fixtures/mutants/fre.C01--hidden-rule-0.sexp	fre.C01	hidden-policy-extension	hidden-rule	reject-R1	reject-R1	true	arg:0	true	true	true	-	16772	7431	9341	1240932	3989319
fixtures/mutants/fre.C04--hidden-rule-0.sexp	fre.C04	hidden-policy-extension	hidden-rule	reject-R1	reject-R1	true	arg:0	true	true	true	-	16878	7431	9447	327306	4532358
fixtures/mutants/sample-specific-masks.C06--hidden-rule-0.sexp	sample-specific-masks.C06	hidden-policy-extension	hidden-rule	reject-R1	reject-R1	true	arg:0	true	true	true	-	16923	7431	9492	1265102	4151901
fixtures/mutants/sample-specific-masks.C05--hidden-rule-0.sexp	sample-specific-masks.C05	hidden-policy-extension	hidden-rule	reject-R1	reject-R1	true	arg:0	true	true	true	-	16708	7431	9277	1238101	4562808
fixtures/mutants/bam.C05--hidden-rule-0.sexp	bam.C05	hidden-policy-extension	hidden-rule	reject-R1	reject-R1	true	arg:0	true	true	true	-	16777	7431	9346	1253922	4771893
fixtures/mutants/rice.C01--hidden-rule-0.sexp	rice.C01	hidden-policy-extension	hidden-rule	reject-R1	reject-R1	true	arg:0	true	true	true	-	16598	7431	9167	987267	4049210
fixtures/mutants/adaptive-pruning.C04--hidden-rule-0.sexp	adaptive-pruning.C04	hidden-policy-extension	hidden-rule	reject-R1	reject-R1	true	arg:0	true	true	true	-	17049	7431	9618	1246721	4386716
fixtures/mutants/test-time-model-adaptation.C04--hidden-rule-0.sexp	test-time-model-adaptation.C04	hidden-policy-extension	hidden-rule	reject-R1	reject-R1	true	arg:0	true	true	true	-	16917	7431	9486	1077769	5403793
fixtures/mutants/all-in-one.C05--hidden-contrary-0.sexp	all-in-one.C05	hidden-policy-extension	hidden-contrary	reject-R12	reject-R12	true	policy	true	true	true	-	16544	7593	8951	822294	4019180
fixtures/mutants/robust-clip.C07--hidden-contrary-0.sexp	robust-clip.C07	hidden-policy-extension	hidden-contrary	reject-R12	reject-R12	true	policy	true	true	true	-	16635	7593	9042	1175261	4772493
fixtures/mutants/lbcs.C05--hidden-contrary-0.sexp	lbcs.C05	hidden-policy-extension	hidden-contrary	reject-R12	reject-R12	true	policy	true	true	true	-	16640	7593	9047	474398	4439207
fixtures/mutants/all-in-one.C01--hidden-contrary-0.sexp	all-in-one.C01	hidden-policy-extension	hidden-contrary	reject-R12	reject-R12	true	policy	true	true	true	-	16626	7593	9033	491369	4151912
fixtures/mutants/fre.C04--hidden-contrary-0.sexp	fre.C04	hidden-policy-extension	hidden-contrary	reject-R12	reject-R12	true	policy	true	true	true	-	17083	7593	9490	1196631	4095931
fixtures/mutants/self-composing-policies.C04--hidden-contrary-0.sexp	self-composing-policies.C04	hidden-policy-extension	hidden-contrary	reject-R12	reject-R12	true	policy	true	true	true	-	16671	7593	9078	489709	4074551
fixtures/mutants/rebench-triton_cumsum.C05--hidden-contrary-0.sexp	rebench-triton_cumsum.C05	hidden-policy-extension	hidden-contrary	reject-R12	reject-R12	true	policy	true	true	true	-	16542	7593	8949	1205251	4277754
fixtures/mutants/ftrl.C01--hidden-contrary-0.sexp	ftrl.C01	hidden-policy-extension	hidden-contrary	reject-R12	reject-R12	true	policy	true	true	true	-	16645	7593	9052	443128	4429737
fixtures/mutants/what-will-my-model-forget.C03--hidden-contrary-0.sexp	what-will-my-model-forget.C03	hidden-policy-extension	hidden-contrary	reject-R12	reject-R12	true	policy	true	true	true	-	16673	7593	9080	1182040	4347035
fixtures/mutants/rice.C01--hidden-contrary-0.sexp	rice.C01	hidden-policy-extension	hidden-contrary	reject-R12	reject-R12	true	policy	true	true	true	-	16802	7593	9209	1169720	4472108
fixtures/mutants/bbox.C02--hidden-contrary-0.sexp	bbox.C02	hidden-policy-extension	hidden-contrary	reject-R12	reject-R12	true	policy	true	true	true	-	16692	7593	9099	415207	4300105
fixtures/mutants/bridging-data-gaps.C03--hidden-contrary-0.sexp	bridging-data-gaps.C03	hidden-policy-extension	hidden-contrary	reject-R12	reject-R12	true	policy	true	true	true	-	16731	7593	9138	484868	3997020
fixtures/mutants/test-time-model-adaptation.C04--wrong-subst-domain-0.sexp	test-time-model-adaptation.C04	wrong-formulas	wrong-subst-domain	reject-R3	reject-R3	true	arg:0	true	true	true	-	16924	7431	9493	1047908	4304954
fixtures/mutants/pinn.C01--wrong-subst-domain-0.sexp	pinn.C01	wrong-formulas	wrong-subst-domain	reject-R3	reject-R3	true	arg:0	true	true	true	-	16718	7431	9287	388167	4455768
fixtures/mutants/sample-specific-masks.C06--wrong-subst-domain-0.sexp	sample-specific-masks.C06	wrong-formulas	wrong-subst-domain	reject-R3	reject-R3	true	arg:0	true	true	true	-	16933	7431	9502	1199801	4171252
fixtures/mutants/rice.C01--wrong-subst-domain-0.sexp	rice.C01	wrong-formulas	wrong-subst-domain	reject-R3	reject-R3	true	arg:0	true	true	true	-	16604	7431	9173	498658	4011269
fixtures/mutants/bam.C05--wrong-subst-domain-0.sexp	bam.C05	wrong-formulas	wrong-subst-domain	reject-R3	reject-R3	true	arg:0	true	true	true	-	16787	7431	9356	1015448	4517038
fixtures/mutants/rebench-triton_cumsum.C09--wrong-subst-domain-0.sexp	rebench-triton_cumsum.C09	wrong-formulas	wrong-subst-domain	reject-R3	reject-R3	true	arg:0	true	true	true	-	16797	7431	9366	1156830	3893307
fixtures/mutants/self-composing-policies.C01--wrong-subst-domain-0.sexp	self-composing-policies.C01	wrong-formulas	wrong-subst-domain	reject-R3	reject-R3	true	arg:0	true	true	true	-	16596	7431	9165	1162190	4338115
fixtures/mutants/adaptive-pruning.C04--wrong-subst-domain-0.sexp	adaptive-pruning.C04	wrong-formulas	wrong-subst-domain	reject-R3	reject-R3	true	arg:0	true	true	true	-	17059	7431	9628	388867	4503098
fixtures/mutants/rebench-rust_codecontests.C02--wrong-subst-domain-0.sexp	rebench-rust_codecontests.C02	wrong-formulas	wrong-subst-domain	reject-R3	reject-R3	true	arg:0	true	true	true	-	16659	7431	9228	1203320	4366665
fixtures/mutants/fre.C04--wrong-subst-domain-0.sexp	fre.C04	wrong-formulas	wrong-subst-domain	reject-R3	reject-R3	true	arg:0	true	true	true	-	16885	7431	9454	476078	4063790
fixtures/mutants/sample-specific-masks.C05--wrong-subst-domain-0.sexp	sample-specific-masks.C05	wrong-formulas	wrong-subst-domain	reject-R3	reject-R3	true	arg:0	true	true	true	-	16715	7431	9284	1196070	5263431
fixtures/mutants/fre.C01--wrong-subst-domain-0.sexp	fre.C01	wrong-formulas	wrong-subst-domain	reject-R3	reject-R3	true	arg:0	true	true	true	-	16782	7431	9351	1237141	3962428
fixtures/mutants/adaptive-pruning.C04--wrong-premise-0.sexp	adaptive-pruning.C04	wrong-formulas	wrong-premise	reject-R4	reject-R4	true	arg:0	true	true	true	-	17055	7431	9624	861535	4726032
fixtures/mutants/fre.C01--wrong-premise-0.sexp	fre.C01	wrong-formulas	wrong-premise	reject-R4	reject-R4	true	arg:0	true	true	true	-	16778	7431	9347	563790	4403626
fixtures/mutants/sample-specific-masks.C05--wrong-premise-0.sexp	sample-specific-masks.C05	wrong-formulas	wrong-premise	reject-R4	reject-R4	true	arg:0	true	true	true	-	16711	7431	9280	485908	4377586
fixtures/mutants/rebench-restricted_mlm.C14--wrong-premise-0.sexp	rebench-restricted_mlm.C14	wrong-formulas	wrong-premise	reject-R4	reject-R4	true	arg:0	true	true	true	-	16674	7431	9243	945916	4029609
fixtures/mutants/rebench-triton_cumsum.C09--wrong-premise-0.sexp	rebench-triton_cumsum.C09	wrong-formulas	wrong-premise	reject-R4	reject-R4	true	arg:0	true	true	true	-	16793	7431	9362	425227	4329654
fixtures/mutants/rebench-rust_codecontests.C02--wrong-premise-0.sexp	rebench-rust_codecontests.C02	wrong-formulas	wrong-premise	reject-R4	reject-R4	true	arg:0	true	true	true	-	16655	7431	9224	1200601	5101048
fixtures/mutants/fre.C04--wrong-premise-0.sexp	fre.C04	wrong-formulas	wrong-premise	reject-R4	reject-R4	true	arg:0	true	true	true	-	16881	7431	9450	420788	4382846
fixtures/mutants/bam.C05--wrong-premise-0.sexp	bam.C05	wrong-formulas	wrong-premise	reject-R4	reject-R4	true	arg:0	true	true	true	-	16783	7431	9352	1196031	4454957
fixtures/mutants/pinn.C01--wrong-premise-0.sexp	pinn.C01	wrong-formulas	wrong-premise	reject-R4	reject-R4	true	arg:0	true	true	true	-	16714	7431	9283	889955	4271214
fixtures/mutants/rice.C01--wrong-premise-0.sexp	rice.C01	wrong-formulas	wrong-premise	reject-R4	reject-R4	true	arg:0	true	true	true	-	16600	7431	9169	1036298	4669981
fixtures/mutants/self-composing-policies.C01--wrong-premise-0.sexp	self-composing-policies.C01	wrong-formulas	wrong-premise	reject-R4	reject-R4	true	arg:0	true	true	true	-	16592	7431	9161	1223111	4413346
fixtures/mutants/test-time-model-adaptation.C04--wrong-premise-0.sexp	test-time-model-adaptation.C04	wrong-formulas	wrong-premise	reject-R4	reject-R4	true	arg:0	true	true	true	-	16920	7431	9489	428578	4642520
fixtures/mutants/bam.C05--open-obligation-0.sexp	bam.C05	open-obligations	open-obligation	reject-R5	reject-R5	true	arg:0	true	true	true	-	16755	7431	9324	1231612	4491778
fixtures/mutants/fre.C01--open-obligation-0.sexp	fre.C01	open-obligations	open-obligation	reject-R5	reject-R5	true	arg:0	true	true	true	-	16750	7431	9319	954506	4451767
fixtures/mutants/fre.C04--open-obligation-0.sexp	fre.C04	open-obligations	open-obligation	reject-R5	reject-R5	true	arg:0	true	true	true	-	16853	7431	9422	501138	4497388
fixtures/mutants/pinn.C01--open-obligation-0.sexp	pinn.C01	open-obligations	open-obligation	reject-R5	reject-R5	true	arg:0	true	true	true	-	16682	7431	9251	1386034	5269381
fixtures/mutants/rice.C01--open-obligation-0.sexp	rice.C01	open-obligations	open-obligation	reject-R5	reject-R5	true	arg:0	true	true	true	-	16571	7431	9140	475898	4721941
fixtures/mutants/sample-specific-masks.C05--open-obligation-0.sexp	sample-specific-masks.C05	open-obligations	open-obligation	reject-R5	reject-R5	true	arg:0	true	true	true	-	16683	7431	9252	1259892	4470898
fixtures/mutants/sample-specific-masks.C06--open-obligation-0.sexp	sample-specific-masks.C06	open-obligations	open-obligation	reject-R5	reject-R5	true	arg:0	true	true	true	-	16901	7431	9470	1060899	4405356
fixtures/mutants/self-composing-policies.C01--open-obligation-0.sexp	self-composing-policies.C01	open-obligations	open-obligation	reject-R5	reject-R5	true	arg:0	true	true	true	-	16563	7431	9132	476518	4471907
fixtures/mutants/test-time-model-adaptation.C04--open-obligation-0.sexp	test-time-model-adaptation.C04	open-obligations	open-obligation	reject-R5	reject-R5	true	arg:0	true	true	true	-	16892	7431	9461	382657	4035750
fixtures/mutants/rebench-restricted_mlm.C14--open-obligation-0.sexp	rebench-restricted_mlm.C14	open-obligations	open-obligation	reject-R5	reject-R5	true	arg:0	true	true	true	-	16642	7431	9211	1188511	4319095
fixtures/mutants/rebench-rust_codecontests.C02--open-obligation-0.sexp	rebench-rust_codecontests.C02	open-obligations	open-obligation	reject-R5	reject-R5	true	arg:0	true	true	true	-	16629	7431	9198	914656	4298764
fixtures/mutants/rebench-triton_cumsum.C09--open-obligation-0.sexp	rebench-triton_cumsum.C09	open-obligations	open-obligation	reject-R5	reject-R5	true	arg:0	true	true	true	-	16761	7431	9330	498118	4831534
fixtures/mutants/bam.C05--hole-obligation-0.sexp	bam.C05	open-obligations	hole-obligation	accept-located-hole	accept-located-hole	true	arg:0	true	true	true	-	16771	7431	9340	923466	4334605
fixtures/mutants/fre.C01--hole-obligation-0.sexp	fre.C01	open-obligations	hole-obligation	accept-located-hole	accept-located-hole	true	arg:0	true	true	true	-	16766	7431	9335	517479	4442047
fixtures/mutants/fre.C04--hole-obligation-0.sexp	fre.C04	open-obligations	hole-obligation	accept-located-hole	accept-located-hole	true	arg:0	true	true	true	-	16869	7431	9438	941706	4782662
fixtures/mutants/pinn.C01--hole-obligation-0.sexp	pinn.C01	open-obligations	hole-obligation	accept-located-hole	accept-located-hole	true	arg:0	true	true	true	-	16702	7431	9271	1274912	4342616
fixtures/mutants/rice.C01--hole-obligation-0.sexp	rice.C01	open-obligations	hole-obligation	accept-located-hole	accept-located-hole	true	arg:0	true	true	true	-	16588	7431	9157	399327	4648820
fixtures/mutants/sample-specific-masks.C05--hole-obligation-0.sexp	sample-specific-masks.C05	open-obligations	hole-obligation	accept-located-hole	accept-located-hole	true	arg:0	true	true	true	-	16699	7431	9268	600951	4495467
fixtures/mutants/sample-specific-masks.C06--hole-obligation-0.sexp	sample-specific-masks.C06	open-obligations	hole-obligation	accept-located-hole	accept-located-hole	true	arg:0	true	true	true	-	16917	7431	9486	504129	5026007
fixtures/mutants/self-composing-policies.C01--hole-obligation-0.sexp	self-composing-policies.C01	open-obligations	hole-obligation	accept-located-hole	accept-located-hole	true	arg:0	true	true	true	-	16580	7431	9149	1299102	5119848
fixtures/mutants/test-time-model-adaptation.C04--hole-obligation-0.sexp	test-time-model-adaptation.C04	open-obligations	hole-obligation	accept-located-hole	accept-located-hole	true	arg:0	true	true	true	-	16908	7431	9477	979787	5200310
fixtures/mutants/rebench-restricted_mlm.C14--hole-obligation-0.sexp	rebench-restricted_mlm.C14	open-obligations	hole-obligation	accept-located-hole	accept-located-hole	true	arg:0	true	true	true	-	16662	7431	9231	533949	4546549
fixtures/mutants/rebench-rust_codecontests.C02--hole-obligation-0.sexp	rebench-rust_codecontests.C02	open-obligations	hole-obligation	accept-located-hole	accept-located-hole	true	arg:0	true	true	true	-	16643	7431	9212	1076919	4734942
fixtures/mutants/rebench-triton_cumsum.C09--hole-obligation-0.sexp	rebench-triton_cumsum.C09	open-obligations	hole-obligation	accept-located-hole	accept-located-hole	true	arg:0	true	true	true	-	16781	7431	9350	1325183	4733322
fixtures/mutants/bam.C05--wrong-discharge-0.sexp	bam.C05	open-obligations	wrong-discharge	reject-R6	reject-R6	true	arg:0	true	true	true	-	16783	7431	9352	520229	4309095
fixtures/mutants/fre.C01--wrong-discharge-0.sexp	fre.C01	open-obligations	wrong-discharge	reject-R6	reject-R6	true	arg:0	true	true	true	-	16778	7431	9347	950757	4547599
fixtures/mutants/fre.C04--wrong-discharge-0.sexp	fre.C04	open-obligations	wrong-discharge	reject-R6	reject-R6	true	arg:0	true	true	true	-	16881	7431	9450	1178401	4556839
fixtures/mutants/pinn.C01--wrong-discharge-0.sexp	pinn.C01	open-obligations	wrong-discharge	reject-R6	reject-R6	true	arg:0	true	true	true	-	16714	7431	9283	974797	4969556
fixtures/mutants/rice.C01--wrong-discharge-0.sexp	rice.C01	open-obligations	wrong-discharge	reject-R6	reject-R6	true	arg:0	true	true	true	-	16600	7431	9169	507898	4827674
fixtures/mutants/sample-specific-masks.C05--wrong-discharge-0.sexp	sample-specific-masks.C05	open-obligations	wrong-discharge	reject-R6	reject-R6	true	arg:0	true	true	true	-	16711	7431	9280	1103469	4260994
fixtures/mutants/sample-specific-masks.C06--wrong-discharge-0.sexp	sample-specific-masks.C06	open-obligations	wrong-discharge	reject-R6	reject-R6	true	arg:0	true	true	true	-	16929	7431	9498	971717	4888454
fixtures/mutants/self-composing-policies.C01--wrong-discharge-0.sexp	self-composing-policies.C01	open-obligations	wrong-discharge	reject-R6	reject-R6	true	arg:0	true	true	true	-	16592	7431	9161	1146600	4817314
fixtures/mutants/test-time-model-adaptation.C04--wrong-discharge-0.sexp	test-time-model-adaptation.C04	open-obligations	wrong-discharge	reject-R6	reject-R6	true	arg:0	true	true	true	-	16920	7431	9489	948977	4650631
fixtures/mutants/rebench-restricted_mlm.C14--wrong-discharge-0.sexp	rebench-restricted_mlm.C14	open-obligations	wrong-discharge	reject-R6	reject-R6	true	arg:0	true	true	true	-	16674	7431	9243	1237301	4707162
fixtures/mutants/rebench-rust_codecontests.C02--wrong-discharge-0.sexp	rebench-rust_codecontests.C02	open-obligations	wrong-discharge	reject-R6	reject-R6	true	arg:0	true	true	true	-	16655	7431	9224	491039	3935958
fixtures/mutants/rebench-triton_cumsum.C09--wrong-discharge-0.sexp	rebench-triton_cumsum.C09	open-obligations	wrong-discharge	reject-R6	reject-R6	true	arg:0	true	true	true	-	16793	7431	9362	915976	4444986
fixtures/mutants/bam.C05--trusted-assurance-0.sexp	bam.C05	certificate-tampering	trusted-assurance	reject-R7	reject-R7	true	arg:0	true	true	true	-	16786	7431	9355	374297	4389316
fixtures/mutants/fre.C01--trusted-assurance-0.sexp	fre.C01	certificate-tampering	trusted-assurance	reject-R7	reject-R7	true	arg:0	true	true	true	-	16781	7431	9350	1249341	4532239
fixtures/mutants/fre.C04--trusted-assurance-0.sexp	fre.C04	certificate-tampering	trusted-assurance	reject-R7	reject-R7	true	arg:0	true	true	true	-	16884	7431	9453	965987	4734022
fixtures/mutants/pinn.C01--trusted-assurance-0.sexp	pinn.C01	certificate-tampering	trusted-assurance	reject-R7	reject-R7	true	arg:0	true	true	true	-	16717	7431	9286	342726	4747103
fixtures/mutants/rice.C01--trusted-assurance-0.sexp	rice.C01	certificate-tampering	trusted-assurance	reject-R7	reject-R7	true	arg:0	true	true	true	-	16603	7431	9172	1284932	4180593
fixtures/mutants/sample-specific-masks.C05--trusted-assurance-0.sexp	sample-specific-masks.C05	certificate-tampering	trusted-assurance	reject-R7	reject-R7	true	arg:0	true	true	true	-	16714	7431	9283	1237071	4528678
fixtures/mutants/sample-specific-masks.C06--trusted-assurance-0.sexp	sample-specific-masks.C06	certificate-tampering	trusted-assurance	reject-R7	reject-R7	true	arg:0	true	true	true	-	16932	7431	9501	990757	4079620
fixtures/mutants/self-composing-policies.C01--trusted-assurance-0.sexp	self-composing-policies.C01	certificate-tampering	trusted-assurance	reject-R7	reject-R7	true	arg:0	true	true	true	-	16595	7431	9164	893205	4233213
fixtures/mutants/test-time-model-adaptation.C04--trusted-assurance-0.sexp	test-time-model-adaptation.C04	certificate-tampering	trusted-assurance	reject-R7	reject-R7	true	arg:0	true	true	true	-	16923	7431	9492	351096	4206093
fixtures/mutants/rebench-restricted_mlm.C14--trusted-assurance-0.sexp	rebench-restricted_mlm.C14	certificate-tampering	trusted-assurance	reject-R7	reject-R7	true	arg:0	true	true	true	-	16677	7431	9246	479608	4457047
fixtures/mutants/rebench-rust_codecontests.C02--trusted-assurance-0.sexp	rebench-rust_codecontests.C02	certificate-tampering	trusted-assurance	reject-R7	reject-R7	true	arg:0	true	true	true	-	16658	7431	9227	1158980	4154992
fixtures/mutants/rebench-triton_cumsum.C09--trusted-assurance-0.sexp	rebench-triton_cumsum.C09	certificate-tampering	trusted-assurance	reject-R7	reject-R7	true	arg:0	true	true	true	-	16796	7431	9365	426237	4622440
fixtures/mutants/adaptive-pruning.C04--cert-theory-swap-0.sexp	adaptive-pruning.C04	certificate-tampering	cert-theory-swap	reject-R7	reject-R7	true	arg:0	true	true	true	-	17037	7431	9606	393707	4328525
fixtures/mutants/adaptive-pruning.C04--cert-payload-tamper-0.sexp	adaptive-pruning.C04	certificate-tampering	cert-payload-tamper	reject-R13	reject-R13	true	arg:0	true	true	true	-	17025	7431	9594	931156	5186069
fixtures/mutants/adaptive-pruning.C04--cert-wrong-fraction-0.sexp	adaptive-pruning.C04	certificate-tampering	cert-wrong-fraction	reject-R13	reject-R13	true	arg:0	true	true	true	-	17052	7431	9621	1038898	4449988
fixtures/mutants/fre.C04--bad-attack-position-0.sexp	fre.C04	bad-attack-targets	bad-attack-position	reject-R10	reject-R10	true	attack:0	true	true	true	-	16891	7431	9460	897606	4803463
fixtures/mutants/test-time-model-adaptation.C04--bad-attack-position-0.sexp	test-time-model-adaptation.C04	bad-attack-targets	bad-attack-position	reject-R10	reject-R10	true	attack:0	true	true	true	-	16930	7431	9499	655142	5509695
fixtures/mutants/rebench-triton_cumsum.C09--bad-attack-position-0.sexp	rebench-triton_cumsum.C09	bad-attack-targets	bad-attack-position	reject-R10	reject-R10	true	attack:0	true	true	true	-	16803	7431	9372	899985	4525788
fixtures/mutants/rebench-restricted_mlm.C14--unlicensed-attack-0.sexp	rebench-restricted_mlm.C14	bad-attack-targets	unlicensed-attack	reject-R11	reject-R11	true	attack:0	true	true	true	-	16698	7431	9267	891595	4408116
fixtures/mutants/bam.C05--unlicensed-attack-0.sexp	bam.C05	bad-attack-targets	unlicensed-attack	reject-R11	reject-R11	true	attack:0	true	true	true	-	16807	7431	9376	867725	4886825
fixtures/mutants/pinn.C01--unlicensed-attack-0.sexp	pinn.C01	bad-attack-targets	unlicensed-attack	reject-R11	reject-R11	true	attack:0	true	true	true	-	16738	7431	9307	941147	4570759
fixtures/mutants/test-time-model-adaptation.C04--unlicensed-attack-0.sexp	test-time-model-adaptation.C04	bad-attack-targets	unlicensed-attack	reject-R11	reject-R11	true	attack:1	true	true	true	-	16934	7431	9503	906796	4548249
fixtures/mutants/fre.C04--unlicensed-attack-0.sexp	fre.C04	bad-attack-targets	unlicensed-attack	reject-R11	reject-R11	true	attack:1	true	true	true	-	16895	7431	9464	1018077	4385156
fixtures/mutants/sample-specific-masks.C05--unlicensed-attack-0.sexp	sample-specific-masks.C05	bad-attack-targets	unlicensed-attack	reject-R11	reject-R11	true	attack:0	true	true	true	-	16735	7431	9304	1140230	4672421
fixtures/mutants/fre.C01--unlicensed-attack-0.sexp	fre.C01	bad-attack-targets	unlicensed-attack	reject-R11	reject-R11	true	attack:0	true	true	true	-	16802	7431	9371	359247	4270013
fixtures/mutants/rebench-triton_cumsum.C09--unlicensed-attack-0.sexp	rebench-triton_cumsum.C09	bad-attack-targets	unlicensed-attack	reject-R11	reject-R11	true	attack:1	true	true	true	-	16807	7431	9376	914787	4289364
fixtures/mutants/adaptive-pruning.C04--unlicensed-attack-0.sexp	adaptive-pruning.C04	bad-attack-targets	unlicensed-attack	reject-R11	reject-R11	true	attack:0	true	true	true	-	17079	7431	9648	1012448	4590840
fixtures/mutants/rebench-rust_codecontests.C02--unlicensed-attack-0.sexp	rebench-rust_codecontests.C02	bad-attack-targets	unlicensed-attack	reject-R11	reject-R11	true	attack:0	true	true	true	-	16679	7431	9248	347226	4765622
fixtures/mutants/rice.C01--unlicensed-attack-0.sexp	rice.C01	bad-attack-targets	unlicensed-attack	reject-R11	reject-R11	true	attack:0	true	true	true	-	16624	7431	9193	877335	4215813
fixtures/mutants/self-composing-policies.C01--unlicensed-attack-0.sexp	self-composing-policies.C01	bad-attack-targets	unlicensed-attack	reject-R11	reject-R11	true	attack:0	true	true	true	-	16616	7431	9185	888656	5169309
fixtures/mutants/stay-on-topic-with-classifier-free-guidance.C05--group-conflict-0.sexp	stay-on-topic-with-classifier-free-guidance.C05	data-integrity	group-conflict	reject-R9	reject-R9	true	group:mut_g	true	true	true	-	16395	7431	8964	19801	3903567
fixtures/mutants/mechanistic-understanding.C04--group-conflict-0.sexp	mechanistic-understanding.C04	data-integrity	group-conflict	reject-R9	reject-R9	true	group:mut_g	true	true	true	-	16313	7431	8882	24440	4602870
fixtures/mutants/bbox.C06--group-conflict-0.sexp	bbox.C06	data-integrity	group-conflict	reject-R9	reject-R9	true	group:mut_g	true	true	true	-	16535	7431	9104	20031	4362526
fixtures/mutants/stochastic-interpolants.C01--group-conflict-0.sexp	stochastic-interpolants.C01	data-integrity	group-conflict	reject-R9	reject-R9	true	group:mut_g	true	true	true	-	16335	7431	8904	19490	4184002
fixtures/mutants/stay-on-topic-with-classifier-free-guidance.C06--group-conflict-0.sexp	stay-on-topic-with-classifier-free-guidance.C06	data-integrity	group-conflict	reject-R9	reject-R9	true	group:mut_g	true	true	true	-	16348	7431	8917	19390	4327435
fixtures/mutants/self-composing-policies.C04--group-conflict-0.sexp	self-composing-policies.C04	data-integrity	group-conflict	reject-R9	reject-R9	true	group:mut_g	true	true	true	-	16507	7431	9076	19700	4462147
fixtures/mutants/rebench-rust_codecontests.C02--group-conflict-0.sexp	rebench-rust_codecontests.C02	data-integrity	group-conflict	reject-R9	reject-R9	true	group:mut_g	true	true	true	-	16693	7431	9262	8180	4191902
fixtures/mutants/pinn.C03--group-conflict-0.sexp	pinn.C03	data-integrity	group-conflict	reject-R9	reject-R9	true	group:mut_g	true	true	true	-	16466	7431	9035	19431	4142852
fixtures/mutants/self-expansion.C04--group-conflict-0.sexp	self-expansion.C04	data-integrity	group-conflict	reject-R9	reject-R9	true	group:mut_g	true	true	true	-	16445	7431	9014	19861	3902037
fixtures/mutants/all-in-one.C03--group-conflict-0.sexp	all-in-one.C03	data-integrity	group-conflict	reject-R9	reject-R9	true	group:mut_g	true	true	true	-	16388	7431	8957	7920	4068470
fixtures/mutants/all-in-one.C06--group-conflict-0.sexp	all-in-one.C06	data-integrity	group-conflict	reject-R9	reject-R9	true	group:mut_g	true	true	true	-	16527	7431	9096	21060	4307865
fixtures/mutants/mechanistic-understanding.C02--group-conflict-0.sexp	mechanistic-understanding.C02	data-integrity	group-conflict	reject-R9	reject-R9	true	group:mut_g	true	true	true	-	16514	7431	9083	19940	4049650
fixtures/mutants/rebench-rust_codecontests.C02--retract-rule-0.sexp	rebench-rust_codecontests.C02	localization	retract-rule	reject-R1	reject-R1	true	arg:0	true	true	true	-	16284	7060	9224	373657	4847414
fixtures/mutants/self-composing-policies.C01--retract-rule-0.sexp	self-composing-policies.C01	localization	retract-rule	reject-R1	reject-R1	true	arg:0	true	true	true	-	16251	7090	9161	502168	4081940
fixtures/mutants/adaptive-pruning.C04--retract-rule-0.sexp	adaptive-pruning.C04	localization	retract-rule	reject-R1	reject-R1	true	arg:0	true	true	true	-	16630	7006	9624	1233722	4687061
fixtures/mutants/rice.C01--retract-rule-0.sexp	rice.C01	localization	retract-rule	reject-R1	reject-R1	true	arg:0	true	true	true	-	16259	7090	9169	825154	4589590
fixtures/mutants/test-time-model-adaptation.C04--retract-rule-0.sexp	test-time-model-adaptation.C04	localization	retract-rule	reject-R1	reject-R1	true	arg:0	true	true	true	-	16441	6952	9489	1162520	3976048
fixtures/mutants/fre.C04--retract-rule-0.sexp	fre.C04	localization	retract-rule	reject-R1	reject-R1	true	arg:0	true	true	true	-	16402	6952	9450	1177911	4926975
fixtures/mutants/sample-specific-masks.C05--retract-rule-0.sexp	sample-specific-masks.C05	localization	retract-rule	reject-R1	reject-R1	true	arg:0	true	true	true	-	16232	6952	9280	1118249	4321784
fixtures/mutants/fre.C01--retract-rule-0.sexp	fre.C01	localization	retract-rule	reject-R1	reject-R1	true	arg:0	true	true	true	-	16185	6838	9347	1172950	4371766
fixtures/mutants/sample-specific-masks.C06--retract-rule-0.sexp	sample-specific-masks.C06	localization	retract-rule	reject-R1	reject-R1	true	arg:0	true	true	true	-	16336	6838	9498	340976	4899705
fixtures/mutants/rebench-triton_cumsum.C09--retract-rule-0.sexp	rebench-triton_cumsum.C09	localization	retract-rule	reject-R1	reject-R1	true	arg:0	true	true	true	-	16371	7009	9362	481199	4857254
fixtures/mutants/pinn.C01--retract-rule-0.sexp	pinn.C01	localization	retract-rule	reject-R1	reject-R1	true	arg:0	true	true	true	-	16292	7009	9283	1103009	4494368
fixtures/mutants/bam.C05--retract-rule-0.sexp	bam.C05	localization	retract-rule	reject-R1	reject-R1	true	arg:0	true	true	true	-	16190	6838	9352	1187040	4216563
fixtures/mutants/fre.C04--cross-stage-defect-0.sexp	fre.C04	localization	cross-stage-defect	reject-R4	reject-R4	true	arg:0	true	true	true	-	16891	7431	9460	1193391	4433196
fixtures/mutants/test-time-model-adaptation.C04--cross-stage-defect-0.sexp	test-time-model-adaptation.C04	localization	cross-stage-defect	reject-R4	reject-R4	true	arg:0	true	true	true	-	16930	7431	9499	1117160	4500958
fixtures/mutants/rebench-triton_cumsum.C09--cross-stage-defect-0.sexp	rebench-triton_cumsum.C09	localization	cross-stage-defect	reject-R4	reject-R4	true	arg:0	true	true	true	-	16803	7431	9372	1191090	4425106
fixtures/mutants/semantic-self-consistency.C03--undeclared-pred-0.sexp	semantic-self-consistency.C03	signature	undeclared-pred	reject-R2	reject-R2	true	policy	true	true	true	-	16505	7431	9074	433197	4270244
fixtures/mutants/robust-clip.C07--undeclared-pred-0.sexp	robust-clip.C07	signature	undeclared-pred	reject-R2	reject-R2	true	policy	true	true	true	-	16435	7431	9004	1163460	4515198
fixtures/mutants/adaptive-pruning.C03--undeclared-pred-0.sexp	adaptive-pruning.C03	signature	undeclared-pred	reject-R2	reject-R2	true	policy	true	true	true	-	16589	7431	9158	1132359	4544259
fixtures/mutants/stochastic-interpolants.C03--undeclared-pred-0.sexp	stochastic-interpolants.C03	signature	undeclared-pred	reject-R2	reject-R2	true	policy	true	true	true	-	16495	7431	9064	1175350	5118759
fixtures/mutants/robust-clip.C02--undeclared-pred-0.sexp	robust-clip.C02	signature	undeclared-pred	reject-R2	reject-R2	true	policy	true	true	true	-	16383	7431	8952	450157	4301844
fixtures/mutants/stay-on-topic-with-classifier-free-guidance.C02--undeclared-pred-0.sexp	stay-on-topic-with-classifier-free-guidance.C02	signature	undeclared-pred	reject-R2	reject-R2	true	policy	true	true	true	-	16466	7431	9035	1124509	4640981
fixtures/mutants/sample-specific-masks.C05--undeclared-pred-0.sexp	sample-specific-masks.C05	signature	undeclared-pred	reject-R2	reject-R2	true	policy	true	true	true	-	16722	7431	9291	1179350	4457117
fixtures/mutants/mechanistic-understanding.C04--undeclared-pred-0.sexp	mechanistic-understanding.C04	signature	undeclared-pred	reject-R2	reject-R2	true	policy	true	true	true	-	16286	7431	8855	448898	4524078
fixtures/mutants/sapg.C01--undeclared-pred-0.sexp	sapg.C01	signature	undeclared-pred	reject-R2	reject-R2	true	policy	true	true	true	-	16355	7431	8924	448537	4217853
fixtures/mutants/bbox.C05--undeclared-pred-0.sexp	bbox.C05	signature	undeclared-pred	reject-R2	reject-R2	true	policy	true	true	true	-	16442	7431	9011	312385	4280715
fixtures/mutants/self-expansion.C03--undeclared-pred-0.sexp	self-expansion.C03	signature	undeclared-pred	reject-R2	reject-R2	true	policy	true	true	true	-	16421	7431	8990	1089809	4266374
fixtures/mutants/mechanistic-understanding.C02--undeclared-pred-0.sexp	mechanistic-understanding.C02	signature	undeclared-pred	reject-R2	reject-R2	true	policy	true	true	true	-	16482	7431	9051	469508	4317265
fixtures/mutants/stay-on-topic-with-classifier-free-guidance.C05--wrong-pred-arity-0.sexp	stay-on-topic-with-classifier-free-guidance.C05	signature	wrong-pred-arity	reject-R2	reject-R2	true	policy	true	true	true	-	16245	7431	8814	480699	3914618
fixtures/mutants/bridging-data-gaps.C05--wrong-pred-arity-0.sexp	bridging-data-gaps.C05	signature	wrong-pred-arity	reject-R2	reject-R2	true	policy	true	true	true	-	16392	7431	8961	1142609	4204483
fixtures/mutants/adaptive-pruning.C04--wrong-pred-arity-0.sexp	adaptive-pruning.C04	signature	wrong-pred-arity	reject-R2	reject-R2	true	policy	true	true	true	-	16944	7431	9513	1105849	4179553
fixtures/mutants/stay-on-topic-with-classifier-free-guidance.C06--wrong-pred-arity-0.sexp	stay-on-topic-with-classifier-free-guidance.C06	signature	wrong-pred-arity	reject-R2	reject-R2	true	policy	true	true	true	-	16300	7431	8869	492909	4067710
fixtures/mutants/adaptive-pruning.C03--wrong-pred-arity-0.sexp	adaptive-pruning.C03	signature	wrong-pred-arity	reject-R2	reject-R2	true	policy	true	true	true	-	16460	7431	9029	437157	4424227
fixtures/mutants/semantic-self-consistency.C06--wrong-pred-arity-0.sexp	semantic-self-consistency.C06	signature	wrong-pred-arity	reject-R2	reject-R2	true	policy	true	true	true	-	16207	7431	8776	324406	4227053
fixtures/mutants/rebench-fix_embedding.C12--wrong-pred-arity-0.sexp	rebench-fix_embedding.C12	signature	wrong-pred-arity	reject-R2	reject-R2	true	policy	true	true	true	-	16339	7431	8908	1072588	4015359
fixtures/mutants/all-in-one.C05--wrong-pred-arity-0.sexp	all-in-one.C05	signature	wrong-pred-arity	reject-R2	reject-R2	true	policy	true	true	true	-	16332	7431	8901	1139480	4424707
fixtures/mutants/bbox.C05--wrong-pred-arity-0.sexp	bbox.C05	signature	wrong-pred-arity	reject-R2	reject-R2	true	policy	true	true	true	-	16308	7431	8877	456368	4085911
fixtures/mutants/all-in-one.C03--wrong-pred-arity-0.sexp	all-in-one.C03	signature	wrong-pred-arity	reject-R2	reject-R2	true	policy	true	true	true	-	16252	7431	8821	478529	4426897
fixtures/mutants/pinn.C03--wrong-pred-arity-0.sexp	pinn.C03	signature	wrong-pred-arity	reject-R2	reject-R2	true	policy	true	true	true	-	16310	7431	8879	1194821	5014607
fixtures/mutants/test-time-model-adaptation.C05--wrong-pred-arity-0.sexp	test-time-model-adaptation.C05	signature	wrong-pred-arity	reject-R2	reject-R2	true	policy	true	true	true	-	16457	7431	9026	444498	4085771
fixtures/mutants/stay-on-topic-with-classifier-free-guidance.C06--wrong-arg-sort-0.sexp	stay-on-topic-with-classifier-free-guidance.C06	signature	wrong-arg-sort	reject-R2	reject-R2	true	policy	true	true	true	-	16305	7431	8874	465739	4337175
fixtures/mutants/sapg.C06--wrong-arg-sort-0.sexp	sapg.C06	signature	wrong-arg-sort	reject-R2	reject-R2	true	policy	true	true	true	-	16520	7431	9089	1071109	4190472
fixtures/mutants/robust-clip.C02--wrong-arg-sort-0.sexp	robust-clip.C02	signature	wrong-arg-sort	reject-R2	reject-R2	true	policy	true	true	true	-	16369	7431	8938	1155820	4152782
fixtures/mutants/semantic-self-consistency.C03--wrong-arg-sort-0.sexp	semantic-self-consistency.C03	signature	wrong-arg-sort	reject-R2	reject-R2	true	policy	true	true	true	-	16495	7431	9064	453447	4231823
fixtures/mutants/bbox.C02--wrong-arg-sort-0.sexp	bbox.C02	signature	wrong-arg-sort	reject-R2	reject-R2	true	policy	true	true	true	-	16481	7431	9050	492698	4547238
fixtures/mutants/self-composing-policies.C04--wrong-arg-sort-0.sexp	self-composing-policies.C04	signature	wrong-arg-sort	reject-R2	reject-R2	true	policy	true	true	true	-	16450	7431	9019	1083089	3849627
fixtures/mutants/bbox.C04--wrong-arg-sort-0.sexp	bbox.C04	signature	wrong-arg-sort	reject-R2	reject-R2	true	policy	true	true	true	-	16384	7431	8953	1229231	4631310
fixtures/mutants/bam.C06--wrong-arg-sort-0.sexp	bam.C06	signature	wrong-arg-sort	reject-R2	reject-R2	true	policy	true	true	true	-	16400	7431	8969	1159580	4458657
fixtures/mutants/bridging-data-gaps.C03--wrong-arg-sort-0.sexp	bridging-data-gaps.C03	signature	wrong-arg-sort	reject-R2	reject-R2	true	policy	true	true	true	-	16510	7431	9079	936477	4145821
fixtures/mutants/test-time-model-adaptation.C04--wrong-arg-sort-0.sexp	test-time-model-adaptation.C04	signature	wrong-arg-sort	reject-R2	reject-R2	true	policy	true	true	true	-	16904	7431	9473	1162350	4760733
fixtures/mutants/all-in-one.C01--wrong-arg-sort-0.sexp	all-in-one.C01	signature	wrong-arg-sort	reject-R2	reject-R2	true	policy	true	true	true	-	16510	7431	9079	453648	4667081
fixtures/mutants/stay-on-topic-with-classifier-free-guidance.C05--wrong-arg-sort-0.sexp	stay-on-topic-with-classifier-free-guidance.C05	signature	wrong-arg-sort	reject-R2	reject-R2	true	policy	true	true	true	-	16459	7431	9028	1222211	4991437
fixtures/mutants/sample-specific-masks.C06--undeclared-con-0.sexp	sample-specific-masks.C06	signature	undeclared-con	reject-R2	reject-R2	true	policy	true	true	true	-	16937	7431	9506	1120150	4272284
fixtures/mutants/rice.C01--undeclared-con-0.sexp	rice.C01	signature	undeclared-con	reject-R2	reject-R2	true	policy	true	true	true	-	16594	7431	9163	420797	4006109
fixtures/mutants/sequential-neural-score-estimation.C04--undeclared-con-0.sexp	sequential-neural-score-estimation.C04	signature	undeclared-con	reject-R2	reject-R2	true	policy	true	true	true	-	16515	7431	9084	474359	4932915
fixtures/mutants/bridging-data-gaps.C03--undeclared-con-0.sexp	bridging-data-gaps.C03	signature	undeclared-con	reject-R2	reject-R2	true	policy	true	true	true	-	16539	7431	9108	842515	4817573
fixtures/mutants/fre.C03--undeclared-con-0.sexp	fre.C03	signature	undeclared-con	reject-R2	reject-R2	true	policy	true	true	true	-	16369	7431	8938	486969	4039140
fixtures/mutants/pinn.C05--undeclared-con-0.sexp	pinn.C05	signature	undeclared-con	reject-R2	reject-R2	true	policy	true	true	true	-	16403	7431	8972	469579	4091741
fixtures/mutants/rebench-restricted_mlm.C14--undeclared-con-0.sexp	rebench-restricted_mlm.C14	signature	undeclared-con	reject-R2	reject-R2	true	policy	true	true	true	-	16666	7431	9235	1106399	3950958
fixtures/mutants/fre.C04--undeclared-con-0.sexp	fre.C04	signature	undeclared-con	reject-R2	reject-R2	true	policy	true	true	true	-	16896	7431	9465	422138	3847786
fixtures/mutants/bbox.C06--undeclared-con-0.sexp	bbox.C06	signature	undeclared-con	reject-R2	reject-R2	true	policy	true	true	true	-	16497	7431	9066	455988	4397616
fixtures/mutants/bam.C05--undeclared-con-0.sexp	bam.C05	signature	undeclared-con	reject-R2	reject-R2	true	policy	true	true	true	-	16798	7431	9367	1094259	4361945
fixtures/mutants/all-in-one.C06--undeclared-con-0.sexp	all-in-one.C06	signature	undeclared-con	reject-R2	reject-R2	true	policy	true	true	true	-	16491	7431	9060	874026	3961119
fixtures/mutants/self-composing-policies.C04--undeclared-con-0.sexp	self-composing-policies.C04	signature	undeclared-con	reject-R2	reject-R2	true	policy	true	true	true	-	16479	7431	9048	1200921	4574229
fixtures/mutants/rebench-triton_cumsum.C09--wrong-theta-sort-0.sexp	rebench-triton_cumsum.C09	signature	wrong-theta-sort	reject-R2	reject-R2	true	policy	true	true	true	-	16784	7431	9353	1172300	3975499
fixtures/mutants/pinn.C01--wrong-theta-sort-0.sexp	pinn.C01	signature	wrong-theta-sort	reject-R2	reject-R2	true	policy	true	true	true	-	16686	7431	9255	459178	4300764
fixtures/mutants/rebench-restricted_mlm.C14--wrong-theta-sort-0.sexp	rebench-restricted_mlm.C14	signature	wrong-theta-sort	reject-R2	reject-R2	true	policy	true	true	true	-	16696	7431	9265	1180760	4437597
fixtures/mutants/fre.C01--wrong-theta-sort-0.sexp	fre.C01	signature	wrong-theta-sort	reject-R2	reject-R2	true	policy	true	true	true	-	16774	7431	9343	461618	5096718
fixtures/mutants/rice.C01--wrong-theta-sort-0.sexp	rice.C01	signature	wrong-theta-sort	reject-R2	reject-R2	true	policy	true	true	true	-	16600	7431	9169	477848	4364536
fixtures/mutants/sample-specific-masks.C06--wrong-theta-sort-0.sexp	sample-specific-masks.C06	signature	wrong-theta-sort	reject-R2	reject-R2	true	policy	true	true	true	-	16917	7431	9486	442748	4062900
fixtures/mutants/sample-specific-masks.C05--wrong-theta-sort-0.sexp	sample-specific-masks.C05	signature	wrong-theta-sort	reject-R2	reject-R2	true	policy	true	true	true	-	16711	7431	9280	1146320	4314555
fixtures/mutants/test-time-model-adaptation.C04--wrong-theta-sort-0.sexp	test-time-model-adaptation.C04	signature	wrong-theta-sort	reject-R2	reject-R2	true	policy	true	true	true	-	16913	7431	9482	1139070	4776493
fixtures/mutants/adaptive-pruning.C04--wrong-theta-sort-0.sexp	adaptive-pruning.C04	signature	wrong-theta-sort	reject-R2	reject-R2	true	policy	true	true	true	-	17054	7431	9623	482958	4337245
fixtures/mutants/bam.C05--wrong-theta-sort-0.sexp	bam.C05	signature	wrong-theta-sort	reject-R2	reject-R2	true	policy	true	true	true	-	16782	7431	9351	468598	3838347
fixtures/mutants/fre.C04--wrong-theta-sort-0.sexp	fre.C04	signature	wrong-theta-sort	reject-R2	reject-R2	true	policy	true	true	true	-	16865	7431	9434	488508	3919068
fixtures/mutants/rebench-rust_codecontests.C02--wrong-theta-sort-0.sexp	rebench-rust_codecontests.C02	signature	wrong-theta-sort	reject-R2	reject-R2	true	policy	true	true	true	-	16634	7431	9203	346986	4052260
fixtures/mutants/self-expansion.C04--out-of-scope-var-0.sexp	self-expansion.C04	hidden-policy-extension	out-of-scope-var	reject-R12	reject-R12	true	policy	true	true	true	-	16422	7446	8976	1127839	4041080
fixtures/mutants/robust-clip.C03--out-of-scope-var-0.sexp	robust-clip.C03	hidden-policy-extension	out-of-scope-var	reject-R12	reject-R12	true	policy	true	true	true	-	16390	7446	8944	456328	4410947
fixtures/mutants/robust-clip.C07--out-of-scope-var-0.sexp	robust-clip.C07	hidden-policy-extension	out-of-scope-var	reject-R12	reject-R12	true	policy	true	true	true	-	16448	7446	9002	505719	3932128
fixtures/mutants/sapg.C06--out-of-scope-var-0.sexp	sapg.C06	hidden-policy-extension	out-of-scope-var	reject-R12	reject-R12	true	policy	true	true	true	-	16438	7446	8992	524039	4304055
fixtures/mutants/self-composing-policies.C01--out-of-scope-var-0.sexp	self-composing-policies.C01	hidden-policy-extension	out-of-scope-var	reject-R12	reject-R12	true	policy	true	true	true	-	16607	7446	9161	1103089	4383436
fixtures/mutants/mechanistic-understanding.C02--out-of-scope-var-0.sexp	mechanistic-understanding.C02	hidden-policy-extension	out-of-scope-var	reject-R12	reject-R12	true	policy	true	true	true	-	16491	7446	9045	351166	4189542
fixtures/mutants/rebench-rust_codecontests.C02--out-of-scope-var-0.sexp	rebench-rust_codecontests.C02	hidden-policy-extension	out-of-scope-var	reject-R12	reject-R12	true	policy	true	true	true	-	16670	7446	9224	1198091	4560990
fixtures/mutants/test-time-model-adaptation.C05--out-of-scope-var-0.sexp	test-time-model-adaptation.C05	hidden-policy-extension	out-of-scope-var	reject-R12	reject-R12	true	policy	true	true	true	-	16482	7446	9036	1206411	5188970
fixtures/mutants/lbcs.C03--out-of-scope-var-0.sexp	lbcs.C03	hidden-policy-extension	out-of-scope-var	reject-R12	reject-R12	true	policy	true	true	true	-	16226	7446	8780	1150460	3755875
fixtures/mutants/bam.C06--out-of-scope-var-0.sexp	bam.C06	hidden-policy-extension	out-of-scope-var	reject-R12	reject-R12	true	policy	true	true	true	-	16337	7446	8891	1145630	4237653
fixtures/mutants/self-composing-policies.C04--out-of-scope-var-0.sexp	self-composing-policies.C04	hidden-policy-extension	out-of-scope-var	reject-R12	reject-R12	true	policy	true	true	true	-	16484	7446	9038	501678	4620510
fixtures/mutants/all-in-one.C06--out-of-scope-var-0.sexp	all-in-one.C06	hidden-policy-extension	out-of-scope-var	reject-R12	reject-R12	true	policy	true	true	true	-	16504	7446	9058	1074229	4024160
fixtures/mutants/sapg.C06--duplicate-backend-0.sexp	sapg.C06	certificate-tampering	duplicate-backend	reject-R13	reject-R13	true	replay	true	true	true	-	16438	7431	9007	20410	4129692
fixtures/mutants/semantic-self-consistency.C03--duplicate-backend-0.sexp	semantic-self-consistency.C03	certificate-tampering	duplicate-backend	reject-R13	reject-R13	true	replay	true	true	true	-	16518	7431	9087	21361	4252814
fixtures/mutants/self-expansion.C04--duplicate-backend-0.sexp	self-expansion.C04	certificate-tampering	duplicate-backend	reject-R13	reject-R13	true	replay	true	true	true	-	16422	7431	8991	21470	4782863
fixtures/mutants/all-in-one.C01--duplicate-backend-0.sexp	all-in-one.C01	certificate-tampering	duplicate-backend	reject-R13	reject-R13	true	replay	true	true	true	-	16439	7431	9008	9230	4042830
fixtures/mutants/adaptive-pruning.C03--duplicate-backend-0.sexp	adaptive-pruning.C03	certificate-tampering	duplicate-backend	reject-R13	reject-R13	true	replay	true	true	true	-	16592	7431	9161	9710	3861197
fixtures/mutants/stochastic-interpolants.C01--duplicate-backend-0.sexp	stochastic-interpolants.C01	certificate-tampering	duplicate-backend	reject-R13	reject-R13	true	replay	true	true	true	-	16312	7431	8881	11060	4099231
fixtures/mutants/pinn.C01--duplicate-backend-0.sexp	pinn.C01	certificate-tampering	duplicate-backend	reject-R13	reject-R13	true	replay	true	true	true	-	16729	7431	9298	21490	4013840
fixtures/mutants/bbox.C04--duplicate-backend-0.sexp	bbox.C04	certificate-tampering	duplicate-backend	reject-R13	reject-R13	true	replay	true	true	true	-	16404	7431	8973	8790	4512908
fixtures/mutants/all-in-one.C05--duplicate-backend-0.sexp	all-in-one.C05	certificate-tampering	duplicate-backend	reject-R13	reject-R13	true	replay	true	true	true	-	16357	7431	8926	9040	4127532
fixtures/mutants/fre.C04--duplicate-backend-0.sexp	fre.C04	certificate-tampering	duplicate-backend	reject-R13	reject-R13	true	replay	true	true	true	-	16896	7431	9465	21961	3780795
fixtures/mutants/sapg.C02--duplicate-backend-0.sexp	sapg.C02	certificate-tampering	duplicate-backend	reject-R13	reject-R13	true	replay	true	true	true	-	16441	7431	9010	22131	3977678
fixtures/mutants/stay-on-topic-with-classifier-free-guidance.C05--duplicate-backend-0.sexp	stay-on-topic-with-classifier-free-guidance.C05	certificate-tampering	duplicate-backend	reject-R13	reject-R13	true	replay	true	true	true	-	16372	7431	8941	22050	4246463
fixtures/mutants/pinn.C03--unknown-backend-0.sexp	pinn.C03	certificate-tampering	unknown-backend	reject-R13	reject-R13	true	replay	true	true	true	-	16452	7431	9021	22010	4548349
fixtures/mutants/bbox.C05--unknown-backend-0.sexp	bbox.C05	certificate-tampering	unknown-backend	reject-R13	reject-R13	true	replay	true	true	true	-	16454	7431	9023	21641	4927835
fixtures/mutants/rebench-restricted_mlm.C14--unknown-backend-0.sexp	rebench-restricted_mlm.C14	certificate-tampering	unknown-backend	reject-R13	reject-R13	true	replay	true	true	true	-	16698	7431	9267	24220	3600352
fixtures/mutants/rebench-rust_codecontests.C09--unknown-backend-0.sexp	rebench-rust_codecontests.C09	certificate-tampering	unknown-backend	reject-R13	reject-R13	true	replay	true	true	true	-	16365	7431	8934	23151	4368176
fixtures/mutants/lbcs.C05--unknown-backend-0.sexp	lbcs.C05	certificate-tampering	unknown-backend	reject-R13	reject-R13	true	replay	true	true	true	-	16462	7431	9031	18041	4171822
fixtures/mutants/pinn.C05--unknown-backend-0.sexp	pinn.C05	certificate-tampering	unknown-backend	reject-R13	reject-R13	true	replay	true	true	true	-	16412	7431	8981	32840	4063511
fixtures/mutants/bridging-data-gaps.C05--unknown-backend-0.sexp	bridging-data-gaps.C05	certificate-tampering	unknown-backend	reject-R13	reject-R13	true	replay	true	true	true	-	16426	7431	8995	9390	4039200
fixtures/mutants/all-in-one.C03--unknown-backend-0.sexp	all-in-one.C03	certificate-tampering	unknown-backend	reject-R13	reject-R13	true	replay	true	true	true	-	16374	7431	8943	9981	4402506
fixtures/mutants/semantic-self-consistency.C05--unknown-backend-0.sexp	semantic-self-consistency.C05	certificate-tampering	unknown-backend	reject-R13	reject-R13	true	replay	true	true	true	-	16336	7431	8905	16031	3854987
fixtures/mutants/adaptive-pruning.C03--unknown-backend-0.sexp	adaptive-pruning.C03	certificate-tampering	unknown-backend	reject-R13	reject-R13	true	replay	true	true	true	-	16601	7431	9170	9821	4163822
fixtures/mutants/ftrl.C01--unknown-backend-0.sexp	ftrl.C01	certificate-tampering	unknown-backend	reject-R13	reject-R13	true	replay	true	true	true	-	16467	7431	9036	22030	3839477
fixtures/mutants/sapg.C06--unknown-backend-0.sexp	sapg.C06	certificate-tampering	unknown-backend	reject-R13	reject-R13	true	replay	true	true	true	-	16447	7431	9016	21940	3686994
fixtures/mutants/bam.C05--drop-support-0.sexp	bam.C05	accept-verdict	drop-support	accept-gap	accept-gap	true	-	-	-	true	-	16471	7431	9040	507119	4893795
fixtures/mutants/bam.C05--attach-undercut-0.sexp	bam.C05	accept-verdict	attach-undercut	accept-defeated	accept-defeated	true	-	-	-	true	-	16989	7431	9558	1280902	4622860
fixtures/mutants/bam.C05--quarantine-attacker-0.sexp	bam.C05	accept-verdict	quarantine-attacker	accept-evidence-blocked	accept-evidence-blocked	true	-	-	-	true	-	17247	7431	9816	498689	4046360
fixtures/mutants/bam.C05--attach-rebut-cycle-0.sexp	bam.C05	accept-verdict	attach-rebut-cycle	accept-contested	accept-all-contested	true	-	-	-	true	-	17274	7659	9615	1381924	5006436
fixtures/mutants/bam.C05--attach-undermine-0.sexp	bam.C05	accept-verdict	attach-undermine	accept-defeated	accept-defeated	true	-	-	-	true	-	17354	7699	9655	1360184	4896795
fixtures/mutants/bam.C05--attach-reinstate-0.sexp	bam.C05	accept-verdict	attach-reinstate	accept-justified	accept-justified	true	-	-	-	true	-	17548	7739	9809	1374284	4510398
fixtures/mutants/fre.C01--drop-support-0.sexp	fre.C01	accept-verdict	drop-support	accept-gap	accept-gap	true	-	-	-	true	-	16468	7431	9037	477568	4548319
fixtures/mutants/fre.C01--attach-undercut-0.sexp	fre.C01	accept-verdict	attach-undercut	accept-defeated	accept-defeated	true	-	-	-	true	-	16982	7431	9551	546300	4246754
fixtures/mutants/fre.C01--quarantine-attacker-0.sexp	fre.C01	accept-verdict	quarantine-attacker	accept-evidence-blocked	accept-evidence-blocked	true	-	-	-	true	-	17238	7431	9807	1332073	4535929
fixtures/mutants/fre.C01--attach-rebut-cycle-0.sexp	fre.C01	accept-verdict	attach-rebut-cycle	accept-contested	accept-all-contested	true	-	-	-	true	-	17267	7657	9610	1370954	4698631
fixtures/mutants/fre.C01--attach-undermine-0.sexp	fre.C01	accept-verdict	attach-undermine	accept-defeated	accept-defeated	true	-	-	-	true	-	17343	7695	9648	528499	4866354
fixtures/mutants/fre.C01--attach-reinstate-0.sexp	fre.C01	accept-verdict	attach-reinstate	accept-justified	accept-justified	true	-	-	-	true	-	17541	7737	9804	1358244	4835763
fixtures/mutants/pinn.C01--drop-support-0.sexp	pinn.C01	accept-verdict	drop-support	accept-gap	accept-gap	true	-	-	-	true	-	16446	7431	9015	1255332	4212433
fixtures/mutants/pinn.C01--attach-undercut-0.sexp	pinn.C01	accept-verdict	attach-undercut	accept-defeated	accept-defeated	true	-	-	-	true	-	16914	7431	9483	531339	4247484
fixtures/mutants/pinn.C01--quarantine-attacker-0.sexp	pinn.C01	accept-verdict	quarantine-attacker	accept-evidence-blocked	accept-evidence-blocked	true	-	-	-	true	-	17163	7431	9732	349646	4907035
fixtures/mutants/pinn.C01--attach-rebut-cycle-0.sexp	pinn.C01	accept-verdict	attach-rebut-cycle	accept-contested	accept-all-contested	true	-	-	-	true	-	17573	7990	9583	508969	4494378
fixtures/mutants/pinn.C01--attach-undermine-0.sexp	pinn.C01	accept-verdict	attach-undermine	accept-defeated	accept-defeated	true	-	-	-	true	-	17183	7628	9555	1354514	4877125
fixtures/mutants/pinn.C01--attach-reinstate-0.sexp	pinn.C01	accept-verdict	attach-reinstate	accept-justified	accept-justified	true	-	-	-	true	-	17473	7733	9740	1366903	4939366
fixtures/mutants/rice.C01--drop-support-0.sexp	rice.C01	accept-verdict	drop-support	accept-gap	accept-gap	true	-	-	-	true	-	16364	7431	8933	480998	4202232
fixtures/mutants/rice.C01--attach-undercut-0.sexp	rice.C01	accept-verdict	attach-undercut	accept-defeated	accept-defeated	true	-	-	-	true	-	16769	7431	9338	779144	4443877
fixtures/mutants/rice.C01--quarantine-attacker-0.sexp	rice.C01	accept-verdict	quarantine-attacker	accept-evidence-blocked	accept-evidence-blocked	true	-	-	-	true	-	16985	7431	9554	512139	4409477
fixtures/mutants/rice.C01--attach-rebut-cycle-0.sexp	rice.C01	accept-verdict	attach-rebut-cycle	accept-contested	accept-all-contested	true	-	-	-	true	-	17336	7871	9465	539339	4423577
fixtures/mutants/rice.C01--attach-undermine-0.sexp	rice.C01	accept-verdict	attach-undermine	accept-defeated	accept-defeated	true	-	-	-	true	-	17041	7611	9430	1195070	5334572
fixtures/mutants/rice.C01--attach-reinstate-0.sexp	rice.C01	accept-verdict	attach-reinstate	accept-justified	accept-justified	true	-	-	-	true	-	17328	7702	9626	564459	4974156
fixtures/mutants/sample-specific-masks.C05--drop-support-0.sexp	sample-specific-masks.C05	accept-verdict	drop-support	accept-gap	accept-gap	true	-	-	-	true	-	16434	7431	9003	415687	4316644
fixtures/mutants/sample-specific-masks.C05--attach-undercut-0.sexp	sample-specific-masks.C05	accept-verdict	attach-undercut	accept-defeated	accept-defeated	true	-	-	-	true	-	16904	7431	9473	552509	4709451
fixtures/mutants/sample-specific-masks.C05--quarantine-attacker-0.sexp	sample-specific-masks.C05	accept-verdict	quarantine-attacker	accept-evidence-blocked	accept-evidence-blocked	true	-	-	-	true	-	17148	7431	9717	1314493	4490668
fixtures/mutants/sample-specific-masks.C05--attach-rebut-cycle-0.sexp	sample-specific-masks.C05	accept-verdict	attach-rebut-cycle	accept-contested	accept-all-contested	true	-	-	-	true	-	17553	7972	9581	1422815	4263604
fixtures/mutants/sample-specific-masks.C05--attach-undermine-0.sexp	sample-specific-masks.C05	accept-verdict	attach-undermine	accept-defeated	accept-defeated	true	-	-	-	true	-	17267	7689	9578	920095	5013567
fixtures/mutants/sample-specific-masks.C05--attach-reinstate-0.sexp	sample-specific-masks.C05	accept-verdict	attach-reinstate	accept-justified	accept-justified	true	-	-	-	true	-	17463	7726	9737	1356974	5279081
fixtures/mutants/sample-specific-masks.C06--drop-support-0.sexp	sample-specific-masks.C06	accept-verdict	drop-support	accept-gap	accept-gap	true	-	-	-	true	-	16594	7431	9163	1232462	5105968
fixtures/mutants/sample-specific-masks.C06--attach-undercut-0.sexp	sample-specific-masks.C06	accept-verdict	attach-undercut	accept-defeated	accept-defeated	true	-	-	-	true	-	17146	7431	9715	1396444	4814743
fixtures/mutants/sample-specific-masks.C06--quarantine-attacker-0.sexp	sample-specific-masks.C06	accept-verdict	quarantine-attacker	accept-evidence-blocked	accept-evidence-blocked	true	-	-	-	true	-	17415	7431	9984	517899	4892334
fixtures/mutants/sample-specific-masks.C06--attach-rebut-cycle-0.sexp	sample-specific-masks.C06	accept-verdict	attach-rebut-cycle	accept-contested	accept-all-contested	true	-	-	-	true	-	17431	7670	9761	579260	4999007
fixtures/mutants/sample-specific-masks.C06--attach-undermine-0.sexp	sample-specific-masks.C06	accept-verdict	attach-undermine	accept-defeated	accept-defeated	true	-	-	-	true	-	17533	7721	9812	1310842	4497588
fixtures/mutants/sample-specific-masks.C06--attach-reinstate-0.sexp	sample-specific-masks.C06	accept-verdict	attach-reinstate	accept-justified	accept-justified	true	-	-	-	true	-	17705	7750	9955	1378333	5077278
fixtures/mutants/self-composing-policies.C01--drop-support-0.sexp	self-composing-policies.C01	accept-verdict	drop-support	accept-gap	accept-gap	true	-	-	-	true	-	16360	7431	8929	1177180	4397916
fixtures/mutants/self-composing-policies.C01--attach-undercut-0.sexp	self-composing-policies.C01	accept-verdict	attach-undercut	accept-defeated	accept-defeated	true	-	-	-	true	-	16765	7431	9334	1020258	4148342
fixtures/mutants/self-composing-policies.C01--quarantine-attacker-0.sexp	self-composing-policies.C01	accept-verdict	quarantine-attacker	accept-evidence-blocked	accept-evidence-blocked	true	-	-	-	true	-	16985	7431	9554	1223831	4578569
fixtures/mutants/self-composing-policies.C01--attach-rebut-cycle-0.sexp	self-composing-policies.C01	accept-verdict	attach-rebut-cycle	accept-contested	accept-all-contested	true	-	-	-	true	-	17348	7891	9457	1362003	4659181
fixtures/mutants/self-composing-policies.C01--attach-undermine-0.sexp	self-composing-policies.C01	accept-verdict	attach-undermine	accept-defeated	accept-defeated	true	-	-	-	true	-	17021	7603	9418	507738	5038557
fixtures/mutants/self-composing-policies.C01--attach-reinstate-0.sexp	self-composing-policies.C01	accept-verdict	attach-reinstate	accept-justified	accept-justified	true	-	-	-	true	-	17324	7706	9618	964777	4991496
fixtures/mutants/rebench-restricted_mlm.C14--drop-support-0.sexp	rebench-restricted_mlm.C14	accept-verdict	drop-support	accept-gap	accept-gap	true	-	-	-	true	-	16413	7431	8982	1148890	4918825
fixtures/mutants/rebench-restricted_mlm.C14--attach-undercut-0.sexp	rebench-restricted_mlm.C14	accept-verdict	attach-undercut	accept-defeated	accept-defeated	true	-	-	-	true	-	16878	7431	9447	506299	4246503
fixtures/mutants/rebench-restricted_mlm.C14--quarantine-attacker-0.sexp	rebench-restricted_mlm.C14	accept-verdict	quarantine-attacker	accept-evidence-blocked	accept-evidence-blocked	true	-	-	-	true	-	17131	7431	9700	550770	3894388
fixtures/mutants/rebench-restricted_mlm.C14--attach-rebut-cycle-0.sexp	rebench-restricted_mlm.C14	accept-verdict	attach-rebut-cycle	accept-contested	accept-all-contested	true	-	-	-	true	-	17553	8010	9543	380496	4682451
fixtures/mutants/rebench-restricted_mlm.C14--attach-undermine-0.sexp	rebench-restricted_mlm.C14	accept-verdict	attach-undermine	accept-defeated	accept-defeated	true	-	-	-	true	-	17158	7638	9520	1266702	4235863
fixtures/mutants/rebench-restricted_mlm.C14--attach-reinstate-0.sexp	rebench-restricted_mlm.C14	accept-verdict	attach-reinstate	accept-justified	accept-justified	true	-	-	-	true	-	17437	7737	9700	1361253	4613740
fixtures/mutants/rebench-rust_codecontests.C02--drop-support-0.sexp	rebench-rust_codecontests.C02	accept-verdict	drop-support	accept-gap	accept-gap	true	-	-	-	true	-	16409	7431	8978	471738	4055220
fixtures/mutants/rebench-rust_codecontests.C02--attach-undercut-0.sexp	rebench-rust_codecontests.C02	accept-verdict	attach-undercut	accept-defeated	accept-defeated	true	-	-	-	true	-	16818	7431	9387	939286	4898734
fixtures/mutants/rebench-rust_codecontests.C02--quarantine-attacker-0.sexp	rebench-rust_codecontests.C02	accept-verdict	quarantine-attacker	accept-evidence-blocked	accept-evidence-blocked	true	-	-	-	true	-	17034	7431	9603	525539	4962525
fixtures/mutants/rebench-rust_codecontests.C02--attach-rebut-cycle-0.sexp	rebench-rust_codecontests.C02	accept-verdict	attach-rebut-cycle	accept-contested	accept-all-contested	true	-	-	-	true	-	17535	8011	9524	1258631	4498058
fixtures/mutants/rebench-rust_codecontests.C02--attach-undermine-0.sexp	rebench-rust_codecontests.C02	accept-verdict	attach-undermine	accept-defeated	accept-defeated	true	-	-	-	true	-	17127	7630	9497	585110	4165052
fixtures/mutants/rebench-rust_codecontests.C02--attach-reinstate-0.sexp	rebench-rust_codecontests.C02	accept-verdict	attach-reinstate	accept-justified	accept-justified	true	-	-	-	true	-	17377	7696	9681	1094389	4282384
corpus-units/adaptive-pruning/C03/unit.core.sexp	adaptive-pruning.C03	paperbench	-	accept-gap	accept-gap	true	-	-	-	true	true	16577	7431	9146	1242901	4694551
corpus-units/adaptive-pruning/C04/unit.core.sexp	adaptive-pruning.C04	paperbench	-	accept-gap	accept-gap	true	-	-	-	true	true	17055	7431	9624	1334623	4714402
corpus-units/all-in-one/C01/unit.core.sexp	all-in-one.C01	paperbench	-	accept-gap	accept-gap	true	-	-	-	true	true	16424	7431	8993	1242331	4301495
corpus-units/all-in-one/C03/unit.core.sexp	all-in-one.C03	paperbench	-	accept-gap	accept-gap	true	-	-	-	true	true	16350	7431	8919	1256611	4636140
corpus-units/all-in-one/C05/unit.core.sexp	all-in-one.C05	paperbench	-	accept-gap	accept-gap	true	-	-	-	true	true	16342	7431	8911	491468	4252453
corpus-units/all-in-one/C06/unit.core.sexp	all-in-one.C06	paperbench	-	accept-gap	accept-gap	true	-	-	-	true	true	16489	7431	9058	1245571	4975216
corpus-units/bam/C05/unit.core.sexp	bam.C05	paperbench	-	accept-justified	accept-justified	true	-	-	-	true	true	16783	7431	9352	913336	4599500
corpus-units/bam/C06/unit.core.sexp	bam.C06	paperbench	-	accept-gap	accept-gap	true	-	-	-	true	true	16322	7431	8891	1269962	5115719
corpus-units/bbox/C02/unit.core.sexp	bbox.C02	paperbench	-	accept-gap	accept-gap	true	-	-	-	true	true	16490	7431	9059	1247461	5262451
corpus-units/bbox/C04/unit.core.sexp	bbox.C04	paperbench	-	accept-gap	accept-gap	true	-	-	-	true	true	16389	7431	8958	1076908	4285634
corpus-units/bbox/C05/unit.core.sexp	bbox.C05	paperbench	-	accept-gap	accept-gap	true	-	-	-	true	true	16430	7431	8999	892486	4481418
corpus-units/bbox/C06/unit.core.sexp	bbox.C06	paperbench	-	accept-gap	accept-gap	true	-	-	-	true	true	16497	7431	9066	495078	4352705
corpus-units/bridging-data-gaps/C03/unit.core.sexp	bridging-data-gaps.C03	paperbench	-	accept-gap	accept-gap	true	-	-	-	true	true	16529	7431	9098	1243362	4577600
corpus-units/bridging-data-gaps/C05/unit.core.sexp	bridging-data-gaps.C05	paperbench	-	accept-gap	accept-gap	true	-	-	-	true	true	16402	7431	8971	1184841	4601920
corpus-units/fre/C01/unit.core.sexp	fre.C01	paperbench	-	accept-justified	accept-justified	true	-	-	-	true	true	16778	7431	9347	1142369	4428106
corpus-units/fre/C03/unit.core.sexp	fre.C03	paperbench	-	accept-gap	accept-gap	true	-	-	-	true	true	16367	7431	8936	1169530	4594179
corpus-units/fre/C04/unit.core.sexp	fre.C04	paperbench	-	accept-defeated	accept-defeated	true	-	-	-	true	true	16881	7431	9450	1278913	4562198
corpus-units/ftrl/C01/unit.core.sexp	ftrl.C01	paperbench	-	accept-gap	accept-gap	true	-	-	-	true	true	16443	7431	9012	354397	4075760
corpus-units/lbcs/C03/unit.core.sexp	lbcs.C03	paperbench	-	accept-gap	accept-gap	true	-	-	-	true	true	16211	7431	8780	475939	4485227
corpus-units/lbcs/C05/unit.core.sexp	lbcs.C05	paperbench	-	accept-gap	accept-gap	true	-	-	-	true	true	16438	7431	9007	1266552	4270424
corpus-units/mechanistic-understanding/C02/unit.core.sexp	mechanistic-understanding.C02	paperbench	-	accept-gap	accept-gap	true	-	-	-	true	true	16476	7431	9045	495859	4084811
corpus-units/mechanistic-understanding/C04/unit.core.sexp	mechanistic-understanding.C04	paperbench	-	accept-gap	accept-gap	true	-	-	-	true	true	16275	7431	8844	1129170	5044437
corpus-units/pinn/C01/unit.core.sexp	pinn.C01	paperbench	-	accept-justified	accept-justified	true	-	-	-	true	true	16714	7431	9283	493658	4558539
corpus-units/pinn/C03/unit.core.sexp	pinn.C03	paperbench	-	accept-gap	accept-gap	true	-	-	-	true	true	16428	7431	8997	1222671	4207023
corpus-units/pinn/C05/unit.core.sexp	pinn.C05	paperbench	-	accept-gap	accept-gap	true	-	-	-	true	true	16388	7431	8957	968787	4410576
corpus-units/rice/C01/unit.core.sexp	rice.C01	paperbench	-	accept-justified	accept-justified	true	-	-	-	true	true	16600	7431	9169	1333913	4998047
corpus-units/robust-clip/C02/unit.core.sexp	robust-clip.C02	paperbench	-	accept-gap	accept-gap	true	-	-	-	true	true	16371	7431	8940	502539	4608890
corpus-units/robust-clip/C03/unit.core.sexp	robust-clip.C03	paperbench	-	accept-gap	accept-gap	true	-	-	-	true	true	16375	7431	8944	361787	4664790
corpus-units/robust-clip/C07/unit.core.sexp	robust-clip.C07	paperbench	-	accept-gap	accept-gap	true	-	-	-	true	true	16433	7431	9002	478088	5335682
corpus-units/sample-specific-masks/C05/unit.core.sexp	sample-specific-masks.C05	paperbench	-	accept-justified	accept-justified	true	-	-	-	true	true	16711	7431	9280	1259051	4683310
corpus-units/sample-specific-masks/C06/unit.core.sexp	sample-specific-masks.C06	paperbench	-	accept-justified	accept-justified	true	-	-	-	true	true	16929	7431	9498	954527	4365715
corpus-units/sapg/C01/unit.core.sexp	sapg.C01	paperbench	-	accept-gap	accept-gap	true	-	-	-	true	true	16353	7431	8922	478448	4321974
corpus-units/sapg/C02/unit.core.sexp	sapg.C02	paperbench	-	accept-gap	accept-gap	true	-	-	-	true	true	16426	7431	8995	1243222	4533418
corpus-units/sapg/C06/unit.core.sexp	sapg.C06	paperbench	-	accept-gap	accept-gap	true	-	-	-	true	true	16423	7431	8992	733183	4409336
corpus-units/self-composing-policies/C01/unit.core.sexp	self-composing-policies.C01	paperbench	-	accept-justified	accept-justified	true	-	-	-	true	true	16592	7431	9161	1171141	5604537
corpus-units/self-composing-policies/C04/unit.core.sexp	self-composing-policies.C04	paperbench	-	accept-gap	accept-gap	true	-	-	-	true	true	16469	7431	9038	1227552	4465987
corpus-units/self-expansion/C03/unit.core.sexp	self-expansion.C03	paperbench	-	accept-gap	accept-gap	true	-	-	-	true	true	16410	7431	8979	798794	4954446
corpus-units/self-expansion/C04/unit.core.sexp	self-expansion.C04	paperbench	-	accept-gap	accept-gap	true	-	-	-	true	true	16407	7431	8976	567210	3998889
corpus-units/semantic-self-consistency/C03/unit.core.sexp	semantic-self-consistency.C03	paperbench	-	accept-gap	accept-gap	true	-	-	-	true	true	16503	7431	9072	539149	4631830
corpus-units/semantic-self-consistency/C05/unit.core.sexp	semantic-self-consistency.C05	paperbench	-	accept-gap	accept-gap	true	-	-	-	true	true	16312	7431	8881	406457	4896585
corpus-units/semantic-self-consistency/C06/unit.core.sexp	semantic-self-consistency.C06	paperbench	-	accept-gap	accept-gap	true	-	-	-	true	true	16303	7431	8872	550039	4344745
corpus-units/sequential-neural-score-estimation/C04/unit.core.sexp	sequential-neural-score-estimation.C04	paperbench	-	accept-gap	accept-gap	true	-	-	-	true	true	16502	7431	9071	1255232	4412257
corpus-units/stay-on-topic-with-classifier-free-guidance/C02/unit.core.sexp	stay-on-topic-with-classifier-free-guidance.C02	paperbench	-	accept-gap	accept-gap	true	-	-	-	true	true	16464	7431	9033	371346	4169532
corpus-units/stay-on-topic-with-classifier-free-guidance/C05/unit.core.sexp	stay-on-topic-with-classifier-free-guidance.C05	paperbench	-	accept-gap	accept-gap	true	-	-	-	true	true	16357	7431	8926	487019	4469748
corpus-units/stay-on-topic-with-classifier-free-guidance/C06/unit.core.sexp	stay-on-topic-with-classifier-free-guidance.C06	paperbench	-	accept-gap	accept-gap	true	-	-	-	true	true	16310	7431	8879	1200401	4577109
corpus-units/stochastic-interpolants/C01/unit.core.sexp	stochastic-interpolants.C01	paperbench	-	accept-gap	accept-gap	true	-	-	-	true	true	16297	7431	8866	425617	4487817
corpus-units/stochastic-interpolants/C03/unit.core.sexp	stochastic-interpolants.C03	paperbench	-	accept-gap	accept-gap	true	-	-	-	true	true	16489	7431	9058	1205841	4446867
corpus-units/test-time-model-adaptation/C04/unit.core.sexp	test-time-model-adaptation.C04	paperbench	-	accept-defeated	accept-defeated	true	-	-	-	true	true	16920	7431	9489	510498	4129012
corpus-units/test-time-model-adaptation/C05/unit.core.sexp	test-time-model-adaptation.C05	paperbench	-	accept-gap	accept-gap	true	-	-	-	true	true	16467	7431	9036	1174061	4889225
corpus-units/test-time-model-adaptation/C07/unit.core.sexp	test-time-model-adaptation.C07	paperbench	-	accept-gap	accept-gap	true	-	-	-	true	true	16429	7431	8998	1170250	4155802
corpus-units/what-will-my-model-forget/C01/unit.core.sexp	what-will-my-model-forget.C01	paperbench	-	accept-gap	accept-gap	true	-	-	-	true	true	16623	7431	9192	915895	4856144
corpus-units/what-will-my-model-forget/C03/unit.core.sexp	what-will-my-model-forget.C03	paperbench	-	accept-gap	accept-gap	true	-	-	-	true	true	16471	7431	9040	537749	4403606
corpus-units/rebench-fix_embedding/C12/unit.core.sexp	rebench-fix_embedding.C12	rebench	-	accept-gap	accept-gap	true	-	-	-	true	true	16367	7431	8936	1274182	4655371
corpus-units/rebench-nanogpt_chat_rl/C04/unit.core.sexp	rebench-nanogpt_chat_rl.C04	rebench	-	accept-gap	accept-gap	true	-	-	-	true	true	16245	7431	8814	1051888	4322375
corpus-units/rebench-restricted_mlm/C07/unit.core.sexp	rebench-restricted_mlm.C07	rebench	-	accept-gap	accept-gap	true	-	-	-	true	true	16304	7431	8873	1217041	4229933
corpus-units/rebench-restricted_mlm/C14/unit.core.sexp	rebench-restricted_mlm.C14	rebench	-	accept-justified	accept-justified	true	-	-	-	true	true	16674	7431	9243	963596	4376766
corpus-units/rebench-rust_codecontests/C02/unit.core.sexp	rebench-rust_codecontests.C02	rebench	-	accept-justified	accept-justified	true	-	-	-	true	true	16655	7431	9224	1269532	4499428
corpus-units/rebench-rust_codecontests/C09/unit.core.sexp	rebench-rust_codecontests.C09	rebench	-	accept-gap	accept-gap	true	-	-	-	true	true	16341	7431	8910	1180921	4386906
corpus-units/rebench-triton_cumsum/C05/unit.core.sexp	rebench-triton_cumsum.C05	rebench	-	accept-gap	accept-gap	true	-	-	-	true	true	16340	7431	8909	1103310	4885875
corpus-units/rebench-triton_cumsum/C09/unit.core.sexp	rebench-triton_cumsum.C09	rebench	-	accept-defeated	accept-defeated	true	-	-	-	true	true	16793	7431	9362	1251661	4519588
